afp,modelo,tarea,segmento,parametros,retorno_acumulado_n,retorno_acumulado_mae,retorno_acumulado_rmse,retorno_acumulado_r2,retorno_acumulado_sesgo,retorno_acumulado_desviacion_residual,retorno_acumulado_varianza_residual,retorno_acumulado_correlacion,retorno_acumulado_direccion_pct,n_publicacion,mape_cuota_pct,mediana_error_abs_pct,p90_error_abs_pct,error_maximo_abs_pct,sesgo_cuota_pct,correlacion_retorno_acumulado,direccion_acumulada_pct
Habitat,DIARIO_RIDGE,diario_recursivo,entrenamiento,"{""alpha"": 0.001}",1777,0.0063228411044607144,0.00855987861846656,0.49986390036579575,-0.000296038602921522,0.008557166017429552,7.322509024985115e-05,0.7075700563081265,75.01406865503658,1777,0.631741584199094,0.4835855425599389,1.3423066417143272,4.798358509310896,-0.022079544818572515,0.7075700563081265,75.01406865503658
Habitat,DIARIO_RIDGE,diario_recursivo,validacion,"{""alpha"": 0.001}",593,0.00744486377490847,0.010316572223042116,0.38911877327333977,0.0006930559362510605,0.010301956501250525,0.00010613030775365794,0.6498552764699931,74.03035413153457,593,0.7456689743822151,0.5430564762211043,1.4746880207755326,6.452548651669532,0.0813857282071662,0.6498552764699931,74.03035413153457
Habitat,DIARIO_RIDGE,diario_recursivo,prueba,"{""alpha"": 0.001}",593,0.008616737896332384,0.012561157155106842,0.19068293858790974,-0.0012488694789030978,0.01250947178312068,0.00015648688429269252,0.46958106810207084,72.00674536256324,593,0.8575698442226729,0.5700341016352417,2.0442773465649253,6.382049584379812,-0.11077568576822097,0.46958106810207084,72.00674536256324
Habitat,DIARIO_POLY_RIDGE,diario_recursivo,entrenamiento,"{""alpha"": 10.0, ""interaction_only"": true}",1777,0.005898111593385124,0.00792685665437301,0.5711010335829659,-0.00023913688798801356,0.007925479030792885,6.281321786753771e-05,0.7565123882739702,76.19583567810918,1777,0.5886544372754944,0.45965504898717313,1.269675446973049,4.638980285480265,-0.01731451932872915,0.7565123882739702,76.19583567810918
Habitat,DIARIO_POLY_RIDGE,diario_recursivo,validacion,"{""alpha"": 10.0, ""interaction_only"": true}",593,0.007492376962765243,0.010362318039928655,0.38368921437193293,0.0010239475896296362,0.01032030893785938,0.00010650877657286021,0.6485710938403615,73.86172006745363,593,0.7504050553558622,0.5526123604089439,1.522695144826077,6.268938965381321,0.11448845009882774,0.6485710938403615,73.86172006745363
Habitat,DIARIO_POLY_RIDGE,diario_recursivo,prueba,"{""alpha"": 10.0, ""interaction_only"": true}",593,0.008586084846621567,0.012825964506350854,0.15620010874478563,-0.001302934708077908,0.012770385261081837,0.00016308273971645624,0.45511575951384,73.69308600337267,593,0.8545466492727076,0.5575404234697601,2.034395175398598,7.615447061720538,-0.1163793052930416,0.45511575951384,73.69308600337267
Habitat,DIARIO_SVR_RBF,diario_recursivo,entrenamiento,"{""C"": 0.5, ""epsilon"": 0.001, ""gamma"": ""scale""}",1777,0.0032653327344219344,0.0048849147231789965,0.8371202989994695,-0.00015339767668767548,0.004883879993162758,2.3852283787615455e-05,0.918440708252721,86.94428812605514,1777,0.3257769930659132,0.21935711964314875,0.7419703387221599,4.58177516291598,-0.011968727264061183,0.918440708252721,86.94428812605514
Habitat,DIARIO_SVR_RBF,diario_recursivo,validacion,"{""C"": 0.5, ""epsilon"": 0.001, ""gamma"": ""scale""}",593,0.00907176780601863,0.012725985752037993,0.0704584689793516,0.0010758112293323145,0.012691136826051141,0.00016106495393755144,0.34459791746774504,64.75548060708263,593,0.9087814084675134,0.650162960495837,1.946043409634367,6.703178773813745,0.12174496474074349,0.34459791746774504,64.75548060708263
Habitat,DIARIO_SVR_RBF,diario_recursivo,prueba,"{""C"": 0.5, ""epsilon"": 0.001, ""gamma"": ""scale""}",593,0.009774003110593425,0.0137753824144972,0.02665517182513011,-0.0011124086725176879,0.013741985293972206,0.00018884215981974838,0.37366387247957616,70.15177065767286,593,0.9739433840057125,0.6877827368157563,2.314577462973304,6.206537598037998,-0.09655304057765783,0.37366387247957616,70.15177065767286
Habitat,DIARIO_GRADIENT_BOOSTING,diario_recursivo,entrenamiento,"{""learning_rate"": 0.05, ""max_depth"": 2, ""min_samples_leaf"": 30, ""n_estimators"": 250}",1777,0.005694754167647728,0.007892662757006856,0.5747933157252523,-0.0002533075026637438,0.00789081745430891,6.226500009722613e-05,0.7677113557820257,77.77152504220597,1777,0.5688560637936576,0.42229922475049975,1.2310930948567567,4.925657506507952,-0.017918118081409366,0.7677113557820257,77.77152504220597
Habitat,DIARIO_GRADIENT_BOOSTING,diario_recursivo,validacion,"{""learning_rate"": 0.05, ""max_depth"": 2, ""min_samples_leaf"": 30, ""n_estimators"": 250}",593,0.007720385754101378,0.010754430039823201,0.33616410716041867,0.0010039947075690073,0.010716502472539427,0.00011484342524394367,0.6052578103752354,70.65767284991568,593,0.7736844115477366,0.5777802430582568,1.6591699245510165,6.867295848436594,0.11311601689788847,0.6052578103752354,70.65767284991568
Habitat,DIARIO_GRADIENT_BOOSTING,diario_recursivo,prueba,"{""learning_rate"": 0.05, ""max_depth"": 2, ""min_samples_leaf"": 30, ""n_estimators"": 250}",593,0.008599935298179118,0.012739399253269628,0.16755165379796777,-0.0014506554336128634,0.01266722068185402,0.0001604584798027902,0.4381786608695539,70.65767284991568,593,0.8555161294008599,0.5532295764597461,2.0796632523808594,5.675398332796933,-0.12998364783904667,0.4381786608695539,70.65767284991568
Habitat,DIARIO_EXTRA_TREES,diario_recursivo,entrenamiento,"{""max_depth"": null, ""max_features"": 1.0, ""min_samples_leaf"": 5}",1777,0.0042891779970096675,0.005995995718175679,0.7545994010532812,-0.00015123131394858533,0.005995775520117306,3.594932408763795e-05,0.8928601818039459,86.10016882386043,1777,0.4287336115274003,0.3209827760563999,0.9121196857404469,3.928814495822164,-0.00940792988772985,0.8928601818039459,86.10016882386043
Habitat,DIARIO_EXTRA_TREES,diario_recursivo,validacion,"{""max_depth"": null, ""max_features"": 1.0, ""min_samples_leaf"": 5}",593,0.007921274525308889,0.010954143770154315,0.3112798231591899,0.0011339307418223624,0.010904493852516592,0.00011890798617957215,0.5836967142535092,68.8026981450253,593,0.793986497263696,0.5908238410846867,1.6471871025293447,6.722673296293036,0.12641979418270133,0.5836967142535092,68.8026981450253
Habitat,DIARIO_EXTRA_TREES,diario_recursivo,prueba,"{""max_depth"": null, ""max_features"": 1.0, ""min_samples_leaf"": 5}",593,0.00833408316262725,0.012367394190994661,0.2154587113158528,-0.0009431302931829003,0.012341791093968501,0.00015231980740716022,0.4725853139219863,73.0185497470489,593,0.8294781965148943,0.5095368600604333,2.1290576325020605,5.666307043297902,-0.07951098341569986,0.4725853139219863,73.0185497470489
Habitat,DIRECTO_RIDGE,directo_acumulado,entrenamiento,"{""alpha"": 100.0}",1777,0.006207677341737763,0.008359855437270873,0.5229646914694444,9.371606848270877e-20,0.008362208668967665,6.992653382335796e-05,0.7233567464276331,74.84524479459763,1777,0.6200649031163543,0.4873710523524699,1.3045711701731566,5.255975441482197,0.007175352869661291,0.7233567464276331,74.84524479459763
Habitat,DIRECTO_RIDGE,directo_acumulado,validacion,"{""alpha"": 100.0}",593,0.007408018664917056,0.010221403226622884,0.40033738333601543,0.0009585898453364411,0.010184945694684441,0.00010373311880367112,0.6621955326266248,71.50084317032041,593,0.7419289502779967,0.5582813817548438,1.5129389195032155,6.01244142920343,0.10774896416868977,0.6621955326266248,71.50084317032041
Habitat,DIRECTO_RIDGE,directo_acumulado,prueba,"{""alpha"": 100.0}",593,0.008416279087367438,0.01223352051621181,0.23235167457967631,-0.0006164299417414055,0.012228295011376244,0.00014953119888524915,0.4975432739670349,69.47723440134908,593,0.8383011589763744,0.5580881509418822,1.8856595470350925,6.164502118170134,-0.04800010223384775,0.4975432739670349,69.47723440134908
Habitat,DIRECTO_POLY_RIDGE,directo_acumulado,entrenamiento,"{""alpha"": 10.0, ""interaction_only"": false}",1777,0.00545696382730055,0.007336084408976051,0.6326486589174518,2.42099843580331e-19,0.0073381494574079375,5.384843745925641e-05,0.7955263424631205,78.05289814293754,1777,0.5443794364814967,0.42603479495930685,1.1295595787467951,4.854760783690826,0.0055117536932726705,0.7955263424631205,78.05289814293754
Habitat,DIRECTO_POLY_RIDGE,directo_acumulado,validacion,"{""alpha"": 10.0, ""interaction_only"": false}",593,0.007923451819064592,0.010865423720540578,0.32239084104745197,0.0015440605898000388,0.010764232607382393,0.00011586870362583434,0.5824501739349854,69.81450252951096,593,0.793748869845304,0.6005158858426896,1.6806863398755891,5.661508640499369,0.16646446511808277,0.5824501739349854,69.81450252951096
Habitat,DIRECTO_POLY_RIDGE,directo_acumulado,prueba,"{""alpha"": 10.0, ""interaction_only"": false}",593,0.009407430422450062,0.019406521779197158,-0.9317672790360152,-0.0012423777446681848,0.01938306344710148,0.0003757031485943615,0.2193401868318626,70.65767284991568,593,0.935357700292729,0.5613333344951732,1.8163648468191744,24.804496510981842,-0.10969566990738694,0.2193401868318626,70.65767284991568
Habitat,DIRECTO_SVR_RBF,directo_acumulado,entrenamiento,"{""C"": 0.5, ""epsilon"": 0.001, ""gamma"": ""scale""}",1777,0.0021219943660979587,0.003443441707514281,0.9190646104980833,0.00013041692524286337,0.003441939721179416,1.1846949044232636e-05,0.9592663163862397,89.1389983117614,1777,0.21199359143867502,0.1165024095762579,0.5351531664764676,2.680587590164396,0.014640386993104146,0.9592663163862397,89.1389983117614
Habitat,DIRECTO_SVR_RBF,directo_acumulado,validacion,"{""C"": 0.5, ""epsilon"": 0.001, ""gamma"": ""scale""}",593,0.009289855183653094,0.012579626849577513,0.09171644595659678,0.002062338787941448,0.012419899154603594,0.00015425389501052305,0.4428073093096738,67.11635750421586,593,0.9305188164397985,0.7004503745372093,1.9993589407072414,6.1275166598689035,0.21801845877359813,0.4428073093096738,67.11635750421586
Habitat,DIRECTO_SVR_RBF,directo_acumulado,prueba,"{""C"": 0.5, ""epsilon"": 0.001, ""gamma"": ""scale""}",593,0.010142874221992233,0.013872097165502691,0.012939797608250814,-0.00019019786901350316,0.01388250347341325,0.00019272390268933098,0.37592097745391784,66.94772344013491,593,1.0108929944578369,0.72217962376524,2.41578963256087,5.360308986549301,-0.004888084320647099,0.37592097745391784,66.94772344013491
Habitat,DIRECTO_GRADIENT_BOOSTING,directo_acumulado,entrenamiento,"{""learning_rate"": 0.03, ""max_depth"": 2, ""min_samples_leaf"": 30, ""n_estimators"": 250}",1777,0.005591691334277564,0.007810048638173849,0.583648180106425,2.038997347790385e-05,0.007812220479748756,6.103078882420588e-05,0.7771500093780396,78.39054586381542,1777,0.5589228933250628,0.41825625645922626,1.1474366347568912,5.2382188928346896,0.009500066028687647,0.7771500093780396,78.39054586381542
Habitat,DIRECTO_GRADIENT_BOOSTING,directo_acumulado,validacion,"{""learning_rate"": 0.03, ""max_depth"": 2, ""min_samples_leaf"": 30, ""n_estimators"": 250}",593,0.007605766952677358,0.010470655906347734,0.37073480902165656,0.001287242279007855,0.01040000178319824,0.00010816003709052655,0.6435717437237175,71.16357504215851,593,0.7619430070581664,0.5680640923577895,1.6201137554940757,5.8264758368568925,0.14099074856415314,0.6435717437237175,71.16357504215851
Habitat,DIRECTO_GRADIENT_BOOSTING,directo_acumulado,prueba,"{""learning_rate"": 0.03, ""max_depth"": 2, ""min_samples_leaf"": 30, ""n_estimators"": 250}",593,0.008307956439406562,0.012101213390913287,0.24886631920775704,-0.0008924198579367731,0.012078450680039054,0.0001458889708301359,0.5050144159894253,70.15177065767286,593,0.8270684183670206,0.5575186612929106,1.9605937203622585,6.723769565529847,-0.0749947813020944,0.5050144159894253,70.15177065767286
Habitat,DIRECTO_EXTRA_TREES,directo_acumulado,entrenamiento,"{""max_depth"": null, ""max_features"": 0.7, ""min_samples_leaf"": 20}",1777,0.005823910838540636,0.008148750248388527,0.5467529304520711,0.0,0.008151044055681922,6.64395191976676e-05,0.7525525868724244,77.99662352279123,1777,0.5826511589722454,0.4391766154821619,1.2212906262653236,5.931879010275765,0.007965260955578292,0.7525525868724244,77.99662352279123
Habitat,DIRECTO_EXTRA_TREES,directo_acumulado,validacion,"{""max_depth"": null, ""max_features"": 0.7, ""min_samples_leaf"": 20}",593,0.007406481653700235,0.010304218282420844,0.3905809395150658,0.00130497886734514,0.01022987882749713,0.00010465042082527404,0.6640314347046501,73.35581787521079,593,0.7421253361303998,0.5434351157863171,1.5665836862550058,5.8623197527643445,0.14256499865037717,0.6640314347046501,73.35581787521079
Habitat,DIRECTO_EXTRA_TREES,directo_acumulado,prueba,"{""max_depth"": null, ""max_features"": 0.7, ""min_samples_leaf"": 20}",593,0.008115677384606263,0.011598673769901625,0.3099571433148567,-0.00029475733048212255,0.011604716709303086,0.00013466944990317824,0.5577072009330415,71.16357504215851,593,0.808532208209951,0.558027597146693,1.8519947268907644,6.9145760419493385,-0.01575598414580143,0.5577072009330415,71.16357504215851
Integra,DIARIO_RIDGE,diario_recursivo,entrenamiento,"{""alpha"": 0.001}",1777,0.006616654138249722,0.008641370669715756,0.44791253637323436,-0.00030473825377929444,0.008638426658180584,7.462241512876499e-05,0.6770145632540748,70.00562746201463,1777,0.6618000978605277,0.5345322042800693,1.3855602211278661,4.658345343238968,-0.02213837446917841,0.6770145632540748,70.00562746201463
Integra,DIARIO_RIDGE,diario_recursivo,validacion,"{""alpha"": 0.001}",593,0.006542071854374426,0.01140490462910458,0.3307130259312244,0.0007545039983838001,0.011389527104415287,0.00012972132766221047,0.5849031956230186,73.86172006745363,593,0.6501577243836113,0.4483140866787805,1.225752552296929,8.802387892261777,0.08875219034712804,0.5849031956230186,73.86172006745363
Integra,DIARIO_RIDGE,diario_recursivo,prueba,"{""alpha"": 0.001}",593,0.009227448917879586,0.012792897172897218,0.23200232561110679,0.0004795326106909999,0.01279469920758876,0.00016370432781267244,0.4832410377896489,64.2495784148398,593,0.9220461914199384,0.6445807156733263,2.133864258931169,7.148542132473978,0.06439345918420145,0.4832410377896489,64.2495784148398
Integra,DIARIO_POLY_RIDGE,diario_recursivo,entrenamiento,"{""alpha"": 10.0, ""interaction_only"": false}",1777,0.006203849018724939,0.008100440096738161,0.5148680850866377,-0.000313370082913694,0.008096654879689658,6.555582024080235e-05,0.7238214451612441,71.35621834552617,1777,0.6198468374751072,0.48117043544377847,1.3548998728845874,3.80233720740607,-0.023954591861199612,0.7238214451612441,71.35621834552617
Integra,DIARIO_POLY_RIDGE,diario_recursivo,validacion,"{""alpha"": 10.0, ""interaction_only"": false}",593,0.006666491588992798,0.01151332921133172,0.3179269299402119,0.0010118949509790077,0.01147845816959349,0.00013175500195110754,0.5835722695817551,73.69308600337267,593,0.6627347657622983,0.4839842676180428,1.2866493046123453,8.837524462784874,0.11496035316042119,0.5835722695817551,73.69308600337267
Integra,DIARIO_POLY_RIDGE,diario_recursivo,prueba,"{""alpha"": 10.0, ""interaction_only"": false}",593,0.009304823606827231,0.01290317055161554,0.21870514902380678,0.0006340456681366459,0.012898463220991353,0.0001663703534632666,0.4696747111422895,62.900505902192236,593,0.9299054578096214,0.6675599473106253,2.1897359388083864,7.045412206513357,0.07984911598618005,0.4696747111422895,62.900505902192236
Integra,DIARIO_SVR_RBF,diario_recursivo,entrenamiento,"{""C"": 0.5, ""epsilon"": 0.001, ""gamma"": ""scale""}",1777,0.003390799884177406,0.004663680054940127,0.8391947906168755,-0.00016425365321678475,0.004662098644720291,2.1735163773102774e-05,0.9200208872637183,84.74957794034891,1777,0.33866827006974115,0.24188027519661537,0.7962832577602398,2.079283923137276,-0.013284348829454111,0.9200208872637183,84.74957794034891
Integra,DIARIO_SVR_RBF,diario_recursivo,validacion,"{""C"": 0.5, ""epsilon"": 0.001, ""gamma"": ""scale""}",593,0.008682751153893485,0.012778779955823938,0.1597513168036826,0.0013616799804377125,0.012716750867897518,0.0001617157526361723,0.4530278290104926,63.06913996627319,593,0.8653585525593444,0.6441267480673751,1.7362660458840087,7.562874651566975,0.14948527685911664,0.4530278290104926,63.06913996627319
Integra,DIARIO_SVR_RBF,diario_recursivo,prueba,"{""C"": 0.5, ""epsilon"": 0.001, ""gamma"": ""scale""}",593,0.009967267587298913,0.01366791531782466,0.12334917579821547,0.0013638533350868686,0.013611180397709931,0.0001852642318190031,0.38000044779850894,61.04553119730185,593,0.9973089609302053,0.7276194748846665,2.2429834586998525,7.164567312897296,0.15346818280362748,0.38000044779850894,61.04553119730185
Integra,DIARIO_GRADIENT_BOOSTING,diario_recursivo,entrenamiento,"{""learning_rate"": 0.03, ""max_depth"": 2, ""min_samples_leaf"": 30, ""n_estimators"": 250}",1777,0.006264346832928466,0.008590451843957252,0.454399660519033,-8.58713658845327e-05,0.008592440664008117,7.383003656450025e-05,0.7146268880547102,73.38210467079347,1777,0.6270694021947011,0.47966214318565514,1.345700897106448,6.513404003509726,0.000437790718733661,0.7146268880547102,73.38210467079347
Integra,DIARIO_GRADIENT_BOOSTING,diario_recursivo,validacion,"{""learning_rate"": 0.03, ""max_depth"": 2, ""min_samples_leaf"": 30, ""n_estimators"": 250}",593,0.006736817266381288,0.011548372797716436,0.3137685041207624,0.0010280030424552854,0.011512237726544552,0.00013253161747247565,0.6052086544085216,73.35581787521079,593,0.6700734561090361,0.4862707048862047,1.3088861703768198,8.777277157994467,0.11713763953396336,0.6052086544085216,73.35581787521079
Integra,DIARIO_GRADIENT_BOOSTING,diario_recursivo,prueba,"{""learning_rate"": 0.03, ""max_depth"": 2, ""min_samples_leaf"": 30, ""n_estimators"": 250}",593,0.009132701710969904,0.012766606714777326,0.235155679120715,9.483190843690798e-06,0.012777381247087138,0.00016326147153341406,0.5129756277299586,64.92411467116358,593,0.9121603183911888,0.6386800563676243,2.2513944495097613,6.786357992751757,0.018469548449311514,0.5129756277299586,64.92411467116358
Integra,DIARIO_EXTRA_TREES,diario_recursivo,entrenamiento,"{""max_depth"": null, ""max_features"": 1.0, ""min_samples_leaf"": 20}",1777,0.006352984942194755,0.00871198258455936,0.4388530408854704,-0.00020177816343670447,0.008712097274633016,7.590063892266803e-05,0.7066000834964301,72.08778840742825,1777,0.6360692764784419,0.47633193562368614,1.3621804612164068,7.174407337369226,-0.01092273400188072,0.7066000834964301,72.08778840742825
Integra,DIARIO_EXTRA_TREES,diario_recursivo,validacion,"{""max_depth"": null, ""max_features"": 1.0, ""min_samples_leaf"": 20}",593,0.006844344321130385,0.011793668621928554,0.28430678754655825,0.0010919549846520452,0.011752922620140493,0.00013813119011501008,0.5671680300742902,72.00674536256324,593,0.6810049453124273,0.4799537597685477,1.3284334461804372,8.81789169941375,0.12380344454484436,0.5671680300742902,72.00674536256324
Integra,DIARIO_EXTRA_TREES,diario_recursivo,prueba,"{""max_depth"": null, ""max_features"": 1.0, ""min_samples_leaf"": 20}",593,0.009241784464272826,0.012964223905532517,0.21129402128232877,0.0003437121560794868,0.012970607840677955,0.0001682366677566564,0.4722313168421079,64.08094435075886,593,0.9235065234553133,0.6385257921753595,2.264639873446928,7.012113231991468,0.05191804079153214,0.4722313168421079,64.08094435075886
Integra,DIRECTO_RIDGE,directo_acumulado,entrenamiento,"{""alpha"": 100.0}",1777,0.006530483681023163,0.008549192312458034,0.4596280593634404,2.0305148171253565e-19,0.008551598840953963,7.312984273660517e-05,0.678100529183815,70.62464828362408,1777,0.6530524287762183,0.5199087255617463,1.4122368229873985,4.532087846489974,0.007494619953972994,0.678100529183815,70.62464828362408
Integra,DIRECTO_RIDGE,directo_acumulado,validacion,"{""alpha"": 100.0}",593,0.006776426709364284,0.011538846380286023,0.31490020144828745,0.00083636358605732,0.011518211545147842,0.00013266919719877706,0.5649694036787501,73.52445193929174,593,0.6734649568060102,0.46285949368253254,1.3514944813398662,8.861701573954617,0.09662295863664251,0.5649694036787501,73.52445193929174
Integra,DIRECTO_RIDGE,directo_acumulado,prueba,"{""alpha"": 100.0}",593,0.009003746096351793,0.012440302542202441,0.27375363558786314,0.0009304614968646184,0.012415930377443742,0.00015415532713753028,0.5270857415146859,67.95952782462057,593,0.89998551386439,0.6679404609248429,2.1072116074818585,6.874432585322254,0.10820531568762268,0.5270857415146859,67.95952782462057
Integra,DIRECTO_POLY_RIDGE,directo_acumulado,entrenamiento,"{""alpha"": 10.0, ""interaction_only"": false}",1777,0.005728157782987631,0.007352110507040026,0.6003620993114589,-9.840187190684421e-19,0.00735418006668891,5.40839644532845e-05,0.7751209796037074,72.03151378728194,1777,0.5721485911312363,0.46182778608556685,1.1993500317944974,3.314711505217127,0.005614594732121851,0.7751209796037074,72.03151378728194
Integra,DIRECTO_POLY_RIDGE,directo_acumulado,validacion,"{""alpha"": 10.0, ""interaction_only"": false}",593,0.007934678184937689,0.015149562484491836,-0.18094382110704021,0.0018199950448410036,0.015052539679448283,0.000226578950801365,0.31022102612709196,71.33220910623946,593,0.789755284914885,0.5117510569636385,1.5458623926634698,11.364975044673088,0.1959322738406855,0.31022102612709196,71.33220910623946
Integra,DIRECTO_POLY_RIDGE,directo_acumulado,prueba,"{""alpha"": 10.0, ""interaction_only"": false}",593,0.010351128265373427,0.018542028550806725,-0.6133796605931399,0.0010711327535853398,0.01852669193681686,0.00034323831412171485,0.2804683597367445,67.79089376053963,593,1.035198421582923,0.6508328459926993,2.178640143176574,18.493732169793397,0.12155768817083315,0.2804683597367445,67.79089376053963
Integra,DIRECTO_SVR_RBF,directo_acumulado,entrenamiento,"{""C"": 0.5, ""epsilon"": 0.001, ""gamma"": ""scale""}",1777,0.0023180000722257117,0.0037287298200033344,0.8972067852089609,-3.849421011782576e-05,0.003729580665127201,1.3909771937690654e-05,0.948101739097957,87.90095666854249,1777,0.23153642909782882,0.11878681475689934,0.6003615246471667,2.9795071844727072,-0.0019523022792548314,0.948101739097957,87.90095666854249
Integra,DIRECTO_SVR_RBF,directo_acumulado,validacion,"{""C"": 0.5, ""epsilon"": 0.001, ""gamma"": ""scale""}",593,0.008372276923109528,0.012869485092282614,0.14778063378754236,0.0003990687145530191,0.01287415594753762,0.00016574389136151825,0.43977982487474027,61.88870151770658,593,0.8331638905155205,0.6251651696908223,1.6669236050013234,8.796431064236865,0.05325142533594857,0.43977982487474027,61.88870151770658
Integra,DIRECTO_SVR_RBF,directo_acumulado,prueba,"{""C"": 0.5, ""epsilon"": 0.001, ""gamma"": ""scale""}",593,0.010823948319657445,0.015216068904907136,-0.08649321669223453,0.002765805517867279,0.014975221095716829,0.00022425724686560232,0.32591293186539233,60.70826306913997,593,1.0830651939499085,0.7725528637487988,2.522546199178035,8.107518626488819,0.292324826362767,0.32591293186539233,60.70826306913997
Integra,DIRECTO_GRADIENT_BOOSTING,directo_acumulado,entrenamiento,"{""learning_rate"": 0.05, ""max_depth"": 1, ""min_samples_leaf"": 30, ""n_estimators"": 250}",1777,0.006170159393095373,0.008318989622173223,0.48833727239423186,3.58116458401345e-05,0.008321254247304465,6.92432722482826e-05,0.7102549531505086,73.21328081035453,1777,0.6173736433547621,0.4822877777725054,1.280692060795139,6.190225261429205,0.011575331750316198,0.7102549531505086,73.21328081035453
Integra,DIRECTO_GRADIENT_BOOSTING,directo_acumulado,validacion,"{""learning_rate"": 0.05, ""max_depth"": 1, ""min_samples_leaf"": 30, ""n_estimators"": 250}",593,0.0067405318528688364,0.011577722357245997,0.3102760319602679,0.0010819700154506102,0.011536786532448868,0.0001330974434952936,0.5677343089704322,70.65767284991568,593,0.6697581890069673,0.4527431064351939,1.368888945132976,9.022823777045218,0.12165664657986557,0.5677343089704322,70.65767284991568
Integra,DIRECTO_GRADIENT_BOOSTING,directo_acumulado,prueba,"{""learning_rate"": 0.05, ""max_depth"": 1, ""min_samples_leaf"": 30, ""n_estimators"": 250}",593,0.00906919678928291,0.012609133455142913,0.25390768034887223,0.00031747107248851486,0.012615777937309041,0.00015915785296349356,0.5075258381860894,65.7672849915683,593,0.9057354344115904,0.6463904352498773,2.1824089984536674,6.552339345999436,0.04807783720550653,0.5075258381860894,65.7672849915683
Integra,DIRECTO_EXTRA_TREES,directo_acumulado,entrenamiento,"{""max_depth"": 5, ""max_features"": 0.7, ""min_samples_leaf"": 20}",1777,0.006335383711147167,0.008546246642018083,0.46000037135961347,-2.4990951595389006e-19,0.008548652341331606,7.307945685295435e-05,0.693911720597743,72.48171074845244,1777,0.6340638177573014,0.4857587148032305,1.3712101802931456,6.566283843212495,0.008478237038351277,0.693911720597743,72.48171074845244
Integra,DIRECTO_EXTRA_TREES,directo_acumulado,validacion,"{""max_depth"": 5, ""max_features"": 0.7, ""min_samples_leaf"": 20}",593,0.006658560273424281,0.011489913348158885,0.3206985154836757,0.0010647794685213767,0.011450128465063863,0.00013110544186646574,0.5800258142644548,71.66947723440134,593,0.6616439750443126,0.4589201848681279,1.341939382578259,8.94862928148915,0.11993724854662867,0.5800258142644548,71.66947723440134
Integra,DIRECTO_EXTRA_TREES,directo_acumulado,prueba,"{""max_depth"": 5, ""max_features"": 0.7, ""min_samples_leaf"": 20}",593,0.008868882704350918,0.0122899457947525,0.2912027538689529,0.0007292134120807299,0.01227865045588184,0.0001507652570177273,0.5487615394310935,68.12816188870153,593,0.886145482529247,0.6156065417275647,2.083387719849213,6.718463192481616,0.08863778549915016,0.5487615394310935,68.12816188870153
Prima,DIARIO_RIDGE,diario_recursivo,entrenamiento,"{""alpha"": 100.0}",1777,0.005634586907186968,0.00755053138831637,0.5893801423928404,-0.00037058522319030526,0.007543554469303135,5.69052140313433e-05,0.7709727920207698,75.52054023635341,1777,0.5634439932907912,0.43319244893256226,1.2222306285454176,4.6371583050415,-0.03065363272611373,0.7709727920207698,75.52054023635341
Prima,DIARIO_RIDGE,diario_recursivo,validacion,"{""alpha"": 100.0}",593,0.0060977928314546225,0.008428229314581084,0.4073590324336738,0.0010138161277022,0.008374095872874984,7.012548168810184e-05,0.6449361427247929,74.53625632377741,593,0.6110833075219549,0.45061466113072157,1.2676028438729459,6.226352147630254,0.1084726213475478,0.6449361427247929,74.53625632377741
Prima,DIARIO_RIDGE,diario_recursivo,prueba,"{""alpha"": 100.0}",593,0.009137221549629359,0.01330161600847664,0.26141603572783734,0.00030374220223893417,0.013309374386475292,0.00017713944655936456,0.5120067964793119,70.65767284991568,593,0.9147396196152372,0.5870260922797854,2.1535145574104284,6.649004708039796,0.0483639982164568,0.5120067964793119,70.65767284991568
Prima,DIARIO_POLY_RIDGE,diario_recursivo,entrenamiento,"{""alpha"": 10.0, ""interaction_only"": true}",1777,0.0048674679594986935,0.006390235520666483,0.7058840051150638,-0.00030399300889434925,0.006384797488457312,4.0765638968610804e-05,0.8417135602170454,78.44682048396173,1777,0.48590273007672197,0.38764013353340676,1.0318548526685105,3.8317078789682157,-0.025814961196245028,0.8417135602170454,78.44682048396173
Prima,DIARIO_POLY_RIDGE,diario_recursivo,validacion,"{""alpha"": 10.0, ""interaction_only"": true}",593,0.006450420516587666,0.008686015142295007,0.3705515806730991,0.0010258864886555856,0.008632501503489905,7.452008220775548e-05,0.6188604547860383,72.34401349072512,593,0.6461460874819625,0.48988738157975664,1.3187403479096729,5.998996685619606,0.10958757949111574,0.6188604547860383,72.34401349072512
Prima,DIARIO_POLY_RIDGE,diario_recursivo,prueba,"{""alpha"": 10.0, ""interaction_only"": true}",593,0.009432754957233277,0.013607979650677005,0.2270020117082776,-0.00017641952266510147,0.013618323425583065,0.00018545873292378446,0.4881558083065799,68.97133220910624,593,0.9433998373748984,0.6597093962619871,2.0500294787879274,6.1997104020540705,-0.0004967203412151463,0.4881558083065799,68.97133220910624
Prima,DIARIO_SVR_RBF,diario_recursivo,entrenamiento,"{""C"": 0.5, ""epsilon"": 0.001, ""gamma"": 0.1}",1777,0.001765608536346133,0.002141968241234269,0.9669546034352537,-0.00014257661617964916,0.002137819393224433,4.570271758046483e-06,0.9862851967649683,92.62802476083286,1777,0.17632614524837742,0.1416166192291901,0.3529157374110081,0.6341102832613243,-0.012832766885565988,0.9862851967649683,92.62802476083286
Prima,DIARIO_SVR_RBF,diario_recursivo,validacion,"{""C"": 0.5, ""epsilon"": 0.001, ""gamma"": 0.1}",593,0.007681904329896177,0.01035021524708476,0.1062465190038443,0.0024380787476510108,0.01006745471561557,0.00010135364445097017,0.43813934692258577,67.95952782462057,593,0.7706916498591955,0.611712103194817,1.6478502238808423,6.687486096602058,0.25259443903119894,0.43813934692258577,67.95952782462057
Prima,DIARIO_SVR_RBF,diario_recursivo,prueba,"{""C"": 0.5, ""epsilon"": 0.001, ""gamma"": 0.1}",593,0.009957466256651455,0.014163504541384205,0.16260085402895563,0.00031165813912074073,0.014172029691902335,0.0002008464255881614,0.4043027903139179,65.93591905564924,593,0.9974232036473512,0.6729975718245074,2.3234615963433503,7.546846735186041,0.051134412511693164,0.4043027903139179,65.93591905564924
Prima,DIARIO_GRADIENT_BOOSTING,diario_recursivo,entrenamiento,"{""learning_rate"": 0.05, ""max_depth"": 2, ""min_samples_leaf"": 10, ""n_estimators"": 250}",1777,0.005014492731469709,0.0068063099650809014,0.6663367619373599,-0.0002708300843168759,0.0068028339303646025,4.627854948411991e-05,0.8330185670293166,78.95329206527856,1777,0.5011627062329347,0.3795613027944289,1.0757725872225699,3.9630294861416893,-0.02085758114699571,0.8330185670293166,78.95329206527856
Prima,DIARIO_GRADIENT_BOOSTING,diario_recursivo,validacion,"{""learning_rate"": 0.05, ""max_depth"": 2, ""min_samples_leaf"": 10, ""n_estimators"": 250}",593,0.006366483399939726,0.00886537815175962,0.3442874238283615,0.001194381951793511,0.00879196983176974,7.729873352274925e-05,0.5982365135814247,74.53625632377741,593,0.638327808772652,0.4723444774631824,1.3563793449094335,6.3122978149565245,0.12750194919332125,0.5982365135814247,74.53625632377741
Prima,DIARIO_GRADIENT_BOOSTING,diario_recursivo,prueba,"{""learning_rate"": 0.05, ""max_depth"": 2, ""min_samples_leaf"": 10, ""n_estimators"": 250}",593,0.009183385974667885,0.01349101398671769,0.24023331470184006,-0.0003448452541878008,0.01349799186161109,0.00018219578429611922,0.49517561014436573,69.47723440134908,593,0.9186192523138246,0.60658764270074,2.2377693840004347,7.165394610436415,-0.015407296127792342,0.49517561014436573,69.47723440134908
Prima,DIARIO_EXTRA_TREES,diario_recursivo,entrenamiento,"{""max_depth"": null, ""max_features"": 0.7, ""min_samples_leaf"": 20}",1777,0.00554381067942426,0.007915393958757691,0.5487367325739814,-0.00023427205436647234,0.007914153465407667,6.263382507402418e-05,0.7841827760970136,78.05289814293754,1777,0.5551245910844372,0.4201400797392507,1.1461213709581228,6.942638313352356,-0.01513900225341493,0.7841827760970136,78.05289814293754
Prima,DIARIO_EXTRA_TREES,diario_recursivo,validacion,"{""max_depth"": null, ""max_features"": 0.7, ""min_samples_leaf"": 20}",593,0.006532581512400675,0.008975916878366437,0.32783386625495003,0.001159795670845994,0.008908186049017395,7.935577868390814e-05,0.5892193344382758,74.53625632377741,593,0.6549919379355507,0.5215612652622825,1.3458400534199606,6.612321884688033,0.12451985740000869,0.5892193344382758,74.53625632377741
Prima,DIARIO_EXTRA_TREES,diario_recursivo,prueba,"{""max_depth"": null, ""max_features"": 0.7, ""min_samples_leaf"": 20}",593,0.009348451295858411,0.013671572800315038,0.2197603432544427,0.0001696362261279434,0.013682061516519746,0.00018719880734183062,0.48591418187108004,68.97133220910624,593,0.9358496148011248,0.6241783546985236,2.250737414594116,7.457953503024273,0.036877112230211985,0.48591418187108004,68.97133220910624
Prima,DIRECTO_RIDGE,directo_acumulado,entrenamiento,"{""alpha"": 100.0}",1777,0.005699439517367262,0.007552735954943737,0.5891403258973857,1.0152574085626783e-19,0.007554861989033684,5.7075939673345996e-05,0.7677192989311129,75.68936409679235,1777,0.569635629237712,0.447792032205685,1.2301485491335475,3.3732039842323536,0.005908550641030235,0.7677192989311129,75.68936409679235
Prima,DIRECTO_RIDGE,directo_acumulado,validacion,"{""alpha"": 100.0}",593,0.006129256322584477,0.008532898490986873,0.39254775501009576,0.0010715630715140147,0.008472494325843974,7.178316010145832e-05,0.6355582667040555,74.19898819561551,593,0.6140363965367526,0.42964409650273483,1.3301136577556125,5.4321307067359825,0.11402938029923951,0.6355582667040555,74.19898819561551
Prima,DIRECTO_RIDGE,directo_acumulado,prueba,"{""alpha"": 100.0}",593,0.009009733931511802,0.013062856130360971,0.2876927761175244,0.0007308928226161665,0.013053403533648613,0.00017039134381227012,0.5385971527394593,69.81450252951096,593,0.9024616107007369,0.5976181505116918,2.0065076011586247,6.481299558041043,0.09025467012520108,0.5385971527394593,69.81450252951096
Prima,DIRECTO_POLY_RIDGE,directo_acumulado,entrenamiento,"{""alpha"": 10.0, ""interaction_only"": true}",1777,0.004625321436749748,0.0060125913688755805,0.7396195989413845,-4.84199687160662e-19,0.0060142838647201866,3.6171610405433586e-05,0.860222771766212,79.85368598761958,1777,0.4614913789189846,0.368867849333987,0.9686309291276853,2.9105504713614616,0.0038119487847208798,0.860222771766212,79.85368598761958
Prima,DIRECTO_POLY_RIDGE,directo_acumulado,validacion,"{""alpha"": 10.0, ""interaction_only"": true}",593,0.006890033839321782,0.00946706624007498,0.25226137557219974,0.0015805523197341624,0.009342075351802225,8.727437187875067e-05,0.5426711044655473,68.63406408094434,593,0.6901443124862027,0.507172307746695,1.468801727154816,6.086458015632656,0.16560898522546702,0.5426711044655473,68.63406408094434
Prima,DIRECTO_POLY_RIDGE,directo_acumulado,prueba,"{""alpha"": 10.0, ""interaction_only"": true}",593,0.011187137355655855,0.02223685334697426,-1.0641332282083198,-0.00024991117208197943,0.022254220992360588,0.0004952503519768226,0.21388165143007454,68.46543001686341,593,1.1195976862177233,0.6396931054076682,2.3944513437593353,26.622310974457964,-0.007372252697783608,0.21388165143007454,68.46543001686341
Prima,DIRECTO_SVR_RBF,directo_acumulado,entrenamiento,"{""C"": 0.5, ""epsilon"": 0.001, ""gamma"": 0.1}",1777,0.0010302680116404345,0.0010729101060546822,0.991708910838058,-2.287843423195869e-05,0.0010729680985087013,1.151260540417378e-06,0.9966194410081843,95.5543050084412,1777,0.10291937562700401,0.11047305469765734,0.13215360340534055,0.15084459060037414,-0.0016477887766382215,0.9966194410081843,95.5543050084412
Prima,DIRECTO_SVR_RBF,directo_acumulado,validacion,"{""C"": 0.5, ""epsilon"": 0.001, ""gamma"": 0.1}",593,0.00715690135000844,0.009830400285176297,0.19376548284802086,0.0007003402004470807,0.009813699743204594,9.630870264977392e-05,0.45757606519722527,67.45362563237775,593,0.7175197068783459,0.532113761667885,1.5235876361258651,6.029248409752586,0.07901121286219764,0.45757606519722527,67.45362563237775
Prima,DIRECTO_SVR_RBF,directo_acumulado,prueba,"{""C"": 0.5, ""epsilon"": 0.001, ""gamma"": 0.1}",593,0.010804071134040364,0.015363319916978169,0.014716500704676894,-0.0004977113381029012,0.015368219346440245,0.00023618216588030026,0.22014143439675615,62.731871838111296,593,1.0797588281644914,0.7120883884069951,2.6203110314590696,6.821744568576094,-0.027685797157060228,0.22014143439675615,62.731871838111296
Prima,DIRECTO_GRADIENT_BOOSTING,directo_acumulado,entrenamiento,"{""learning_rate"": 0.05, ""max_depth"": 1, ""min_samples_leaf"": 30, ""n_estimators"": 250}",1777,0.005486293978219541,0.007493045644808799,0.5956088247022912,-3.319069069650759e-05,0.007495081345881263,5.6176244381377275e-05,0.7827520061284687,77.03995498030388,1777,0.5487337902561343,0.41410187580601665,1.1531545779026686,5.843452650046643,0.0035542972244671837,0.7827520061284687,77.03995498030388
Prima,DIRECTO_GRADIENT_BOOSTING,directo_acumulado,validacion,"{""learning_rate"": 0.05, ""max_depth"": 1, ""min_samples_leaf"": 30, ""n_estimators"": 250}",593,0.006401362753707742,0.008740792032819423,0.36258752689077844,0.0012522753449529945,0.008657924655562152,7.4959659341391e-05,0.6134736473168819,71.66947723440134,593,0.6412175029675771,0.4774935794107371,1.398657299699272,4.975269243335467,0.13254779690418883,0.6134736473168819,71.66947723440134
Prima,DIRECTO_GRADIENT_BOOSTING,directo_acumulado,prueba,"{""learning_rate"": 0.05, ""max_depth"": 1, ""min_samples_leaf"": 30, ""n_estimators"": 250}",593,0.00898746685830148,0.01317964957593994,0.27489852611670706,0.00025300572644161,0.01318834562876368,0.00017393246042373008,0.530130089853546,71.50084317032041,593,0.8999335422798839,0.5978761191027471,2.0757302756831923,7.024734926358556,0.04359260783243784,0.530130089853546,71.50084317032041
Prima,DIRECTO_EXTRA_TREES,directo_acumulado,entrenamiento,"{""max_depth"": null, ""max_features"": 0.7, ""min_samples_leaf"": 20}",1777,0.005261055081183394,0.007326894185274982,0.6133440011831672,0.0,0.007328956646733221,5.371360552969506e-05,0.7992341705332715,79.29093978615644,1777,0.5266517656797592,0.39690557491214307,1.1518187611966748,6.477246202217857,0.0068832061780868675,0.7992341705332715,79.29093978615644
Prima,DIRECTO_EXTRA_TREES,directo_acumulado,validacion,"{""max_depth"": null, ""max_features"": 0.7, ""min_samples_leaf"": 20}",593,0.006371571956776632,0.008732896434163829,0.3637385621727224,0.001276579369413769,0.008646380508291748,7.475989589416745e-05,0.6146951956578449,71.50084317032041,593,0.6383713221098443,0.4787448362922664,1.3862304371400447,5.162838422330407,0.13499354189225446,0.6146951956578449,71.50084317032041
Prima,DIRECTO_EXTRA_TREES,directo_acumulado,prueba,"{""max_depth"": null, ""max_features"": 0.7, ""min_samples_leaf"": 20}",593,0.008786415238528978,0.01288055819854466,0.30743517555616007,0.0007936929513561289,0.012866935074818682,0.00016555801821959923,0.5675289952292427,71.50084317032041,593,0.8803342742645888,0.5952889453830879,2.101343869646019,7.376236365607602,0.09709751108842016,0.5675289952292427,71.50084317032041
Profuturo,DIARIO_RIDGE,diario_recursivo,entrenamiento,"{""alpha"": 10.0}",1777,0.006555612549548014,0.008785962912430863,0.4360387849689267,-0.00030394393433967165,0.008783175677101126,7.714417497482081e-05,0.670434417066045,70.96229600450197,1777,0.655929153414107,0.49607232388257927,1.3922686425128727,5.9022714057499925,-0.021695710741833237,0.670434417066045,70.96229600450197
Profuturo,DIARIO_RIDGE,diario_recursivo,validacion,"{""alpha"": 10.0}",593,0.0062104953689941,0.008708470116521557,0.4488870247997615,0.0009238933358600426,0.008666633419138323,7.511053482172521e-05,0.6854267369898771,75.04215851602024,593,0.6223169080091988,0.46627946136613696,1.2590241336645265,6.24223591241575,0.10088401047887517,0.6854267369898771,75.04215851602024
Profuturo,DIARIO_RIDGE,diario_recursivo,prueba,"{""alpha"": 10.0}",593,0.009529279540218847,0.013122386540127422,0.25780469092793945,0.0006201764992637854,0.013118789322310729,0.00017210263328317402,0.5160562091855135,65.26138279932546,593,0.9536011697870124,0.7043352355273647,2.0905937902090486,7.1246932310835565,0.0799936658631242,0.5160562091855135,65.26138279932546
Profuturo,DIARIO_POLY_RIDGE,diario_recursivo,entrenamiento,"{""alpha"": 10.0, ""interaction_only"": false}",1777,0.006206215461400131,0.00819573732154599,0.5092655269965967,-0.0003095207959189878,0.008192195931830227,6.711207418549571e-05,0.7200552761466884,72.42543612830613,1777,0.6201758703892741,0.4766117339030651,1.3255863235832612,4.686735540293574,-0.023389799504837383,0.7200552761466884,72.42543612830613
Profuturo,DIARIO_POLY_RIDGE,diario_recursivo,validacion,"{""alpha"": 10.0, ""interaction_only"": false}",593,0.006452266257740645,0.008957686886574138,0.41689245661073715,0.001099372310944446,0.00889747346689806,7.916503409415497e-05,0.6660200621865322,74.19898819561551,593,0.6462689330488426,0.4981408526663511,1.3712535060500588,6.0639949058882925,0.11885329563384205,0.6660200621865322,74.19898819561551
Profuturo,DIARIO_POLY_RIDGE,diario_recursivo,prueba,"{""alpha"": 10.0, ""interaction_only"": false}",593,0.009677376321434172,0.013304827079192926,0.23702374681735539,0.0008314068950561341,0.013290035220372346,0.00017662503615873743,0.4951687740626463,65.26138279932546,593,0.9686344925565733,0.7203156094090835,2.1829472834555452,6.930159504980837,0.10139608783637968,0.4951687740626463,65.26138279932546
Profuturo,DIARIO_SVR_RBF,diario_recursivo,entrenamiento,"{""C"": 0.5, ""epsilon"": 0.001, ""gamma"": ""scale""}",1777,0.0034513858767538227,0.004757358789385338,0.8346507160481047,-0.00020239390454163678,0.0047543895293901,2.2604219797174214e-05,0.9178163367186719,84.2993809791784,1777,0.34456793272116426,0.24595472810828856,0.8236202694417983,2.132971989102761,-0.01697516595898105,0.9178163367186719,84.2993809791784
Profuturo,DIARIO_SVR_RBF,diario_recursivo,validacion,"{""C"": 0.5, ""epsilon"": 0.001, ""gamma"": ""scale""}",593,0.008624672520560718,0.011269630706535437,0.07705403789701326,0.0015500985613161875,0.011171940148243378,0.00012481224667593228,0.4432007474759557,62.22596964586846,593,0.8645156260946683,0.6766888030118601,1.7977984911818554,5.934029730519486,0.1641757455447131,0.4432007474759557,62.22596964586846
Profuturo,DIARIO_SVR_RBF,diario_recursivo,prueba,"{""C"": 0.5, ""epsilon"": 0.001, ""gamma"": ""scale""}",593,0.010268629795034255,0.014178490769632663,0.13353193274334718,0.0013982991692782615,0.014121283022247163,0.00019941063419440596,0.3829685542142401,60.53962900505903,593,1.0290368340735812,0.728562318916226,2.3525499804633747,7.237700076532505,0.15886378424362857,0.3829685542142401,60.53962900505903
Profuturo,DIARIO_GRADIENT_BOOSTING,diario_recursivo,entrenamiento,"{""learning_rate"": 0.03, ""max_depth"": 2, ""min_samples_leaf"": 30, ""n_estimators"": 250}",1777,0.006314574738019234,0.00874070371240474,0.4418340954167853,-7.996067270467053e-05,0.008742798295814586,7.643652204129844e-05,0.7083176089574095,74.05740011254925,1777,0.6323103937535722,0.47627510226946335,1.327344016998615,6.035708174132393,0.0013212221142517686,0.7083176089574095,74.05740011254925
Profuturo,DIARIO_GRADIENT_BOOSTING,diario_recursivo,validacion,"{""learning_rate"": 0.03, ""max_depth"": 2, ""min_samples_leaf"": 30, ""n_estimators"": 250}",593,0.006425460304365506,0.009007378097706728,0.4104051372401284,0.0010748280913745922,0.008950569930143669,8.011270207439205e-05,0.6867713268915563,75.21079258010118,593,0.6437768938710958,0.5040758333107132,1.384763542541571,5.8102963608941405,0.1169653742413224,0.6867713268915563,75.21079258010118
Profuturo,DIARIO_GRADIENT_BOOSTING,diario_recursivo,prueba,"{""learning_rate"": 0.03, ""max_depth"": 2, ""min_samples_leaf"": 30, ""n_estimators"": 250}",593,0.009471205296426758,0.013167425052423742,0.25270123859726845,0.00023524059718139378,0.013176438226859205,0.00017361852434623657,0.5414965630090364,66.44182124789208,593,0.9474183571039108,0.6687418777728604,2.2355915860769513,6.87321428635701,0.042482973134567864,0.5414965630090364,66.44182124789208
Profuturo,DIARIO_EXTRA_TREES,diario_recursivo,entrenamiento,"{""max_depth"": null, ""max_features"": 1.0, ""min_samples_leaf"": 20}",1777,0.006378446208502455,0.008816474504410454,0.4321149730399041,-0.0002017068777819668,0.00881664795322229,7.773328113105879e-05,0.7022418430274567,73.71975239167135,1777,0.6386835940315496,0.47096262768449026,1.3482469063212155,6.569434104819205,-0.010720844504219968,0.7022418430274567,73.71975239167135
Profuturo,DIARIO_EXTRA_TREES,diario_recursivo,validacion,"{""max_depth"": null, ""max_features"": 1.0, ""min_samples_leaf"": 20}",593,0.00658305036860498,0.0092310847663798,0.38075518022682175,0.0011155314222576489,0.009171169735581486,8.411035431884578e-05,0.6542635326417894,73.35581787521079,593,0.6597716799392798,0.4920708866950396,1.3487898198672537,6.596454548361019,0.12123482913630201,0.6542635326417894,73.35581787521079
Profuturo,DIARIO_EXTRA_TREES,diario_recursivo,prueba,"{""max_depth"": null, ""max_features"": 1.0, ""min_samples_leaf"": 20}",593,0.00967080525458961,0.013464443670158767,0.21860724570378265,0.0006255388726047136,0.013461259922319876,0.00018120551869625534,0.49022766135896423,67.28499156829679,593,0.9679123617983966,0.6963166314902569,2.2254341454888786,7.107744970531638,0.08176033818346774,0.49022766135896423,67.28499156829679
Profuturo,DIRECTO_RIDGE,directo_acumulado,entrenamiento,"{""alpha"": 100.0}",1777,0.006534521295008609,0.008662960924498265,0.45171897362702973,-1.2495475797694503e-19,0.008665399477938401,7.508914811225511e-05,0.6722346795218791,70.34327518289251,1777,0.6535880048998173,0.5135467822680595,1.4332014117685612,5.687678636835591,0.007692970498325583,0.6722346795218791,70.34327518289251
Profuturo,DIRECTO_RIDGE,directo_acumulado,validacion,"{""alpha"": 100.0}",593,0.006324009542757764,0.008828033913235651,0.43365001941228687,0.0007652776004905826,0.008802226381610186,7.747918927311435e-05,0.6628286091071709,74.36762225969646,593,0.6332514943893341,0.48251407096424614,1.3701369753711323,5.253112322584097,0.0846283221676775,0.6628286091071709,74.36762225969646
Profuturo,DIRECTO_RIDGE,directo_acumulado,prueba,"{""alpha"": 100.0}",593,0.009451479222388311,0.012954314734665911,0.2766950437540918,0.0011200529821382573,0.01291669859111368,0.0001668411024936781,0.5316743808202855,68.46543001686341,593,0.946092190418517,0.6880431305496315,2.06324563949543,6.823055934902511,0.12878986385215538,0.5316743808202855,68.46543001686341
Profuturo,DIRECTO_POLY_RIDGE,directo_acumulado,entrenamiento,"{""alpha"": 10.0, ""interaction_only"": true}",1777,0.005799062759677737,0.007523415817152651,0.5864760783339417,-1.218308890275214e-18,0.007525533597860932,5.66336559325337e-05,0.7661094526650605,73.55092853123242,1777,0.5794057862281787,0.4645937063019856,1.2201170724535304,3.9305778208252207,0.0058784770222949,0.7661094526650605,73.55092853123242
Profuturo,DIRECTO_POLY_RIDGE,directo_acumulado,validacion,"{""alpha"": 10.0, ""interaction_only"": true}",593,0.006892107282065897,0.009500094744546779,0.34413753442797357,0.0013954833545633794,0.009404976833829574,8.845358924487096e-05,0.6012438627730214,71.8381112984823,593,0.68998015672795,0.5200522798925467,1.4650710992061282,5.369651530336861,0.14787822759261796,0.6012438627730214,71.8381112984823
Profuturo,DIRECTO_POLY_RIDGE,directo_acumulado,prueba,"{""alpha"": 10.0, ""interaction_only"": true}",593,0.011322417640802399,0.021398378610439753,-0.9735779626553052,0.0012478680148824502,0.021379996867963453,0.000457104266074127,0.21819608623812065,66.61045531197301,593,1.1338959192603206,0.7282909247864011,2.26808151486638,21.768423525985003,0.14163317678252324,0.21819608623812065,66.61045531197301
Profuturo,DIRECTO_SVR_RBF,directo_acumulado,entrenamiento,"{""C"": 0.5, ""epsilon"": 0.001, ""gamma"": ""scale""}",1777,0.0023425337481635645,0.003708469663711691,0.899524548226146,-3.6545538414099366e-05,0.00370933344177474,1.3759154582268438e-05,0.9490413035804062,87.84468204839617,1777,0.2339414802498743,0.12166567981777288,0.6258934769388015,2.334352190317901,-0.0018503689814504789,0.9490413035804062,87.84468204839617
Profuturo,DIRECTO_SVR_RBF,directo_acumulado,validacion,"{""C"": 0.5, ""epsilon"": 0.001, ""gamma"": ""scale""}",593,0.008629606376698833,0.011444026620704704,0.048268106929151955,0.0010927461336153522,0.011401353430760226,0.00012999086005310796,0.442479363026802,63.06913996627319,593,0.8634043732642805,0.6917018804518893,1.9368058518416713,4.910605509846455,0.11808810894335128,0.442479363026802,63.06913996627319
Profuturo,DIRECTO_SVR_RBF,directo_acumulado,prueba,"{""C"": 0.5, ""epsilon"": 0.001, ""gamma"": ""scale""}",593,0.01114746791002405,0.015568022121231996,-0.044622635971095725,0.002336840898425889,0.015404631138173728,0.0002373026605031916,0.29010566526823184,64.08094435075886,593,1.116164158021159,0.7779796949069828,2.5300127789182305,8.009010420466801,0.2523645787595514,0.29010566526823184,64.08094435075886
Profuturo,DIRECTO_GRADIENT_BOOSTING,directo_acumulado,entrenamiento,"{""learning_rate"": 0.05, ""max_depth"": 1, ""min_samples_leaf"": 30, ""n_estimators"": 250}",1777,0.00617845960459334,0.008330337721858773,0.4930142842216887,6.972658530859586e-05,0.00833239074460092,6.942873552071107e-05,0.7128441900600071,73.43837929093978,1777,0.6182123418020599,0.4584663259104782,1.3071716300507565,5.572331179409784,0.01496840943607559,0.7128441900600071,73.43837929093978
Profuturo,DIRECTO_GRADIENT_BOOSTING,directo_acumulado,validacion,"{""learning_rate"": 0.05, ""max_depth"": 1, ""min_samples_leaf"": 30, ""n_estimators"": 250}",593,0.0065106533569807565,0.008924385719658081,0.42121992804906006,0.001302277727567088,0.008836311637269324,7.808040335094127e-05,0.663073508287667,71.8381112984823,593,0.6517117098602359,0.4696400239871834,1.3878518311013535,4.902497869394096,0.1386575321051608,0.663073508287667,71.8381112984823
Profuturo,DIRECTO_GRADIENT_BOOSTING,directo_acumulado,prueba,"{""learning_rate"": 0.05, ""max_depth"": 1, ""min_samples_leaf"": 30, ""n_estimators"": 250}",593,0.009387290601642043,0.0128597661534406,0.2872147650784034,0.0002933854648666175,0.012867272918766022,0.0001655667123660095,0.5419933382102536,67.62225969645868,593,0.9384007892665697,0.6769849241721637,2.044777269016658,6.688234076230648,0.046694713846131,0.5419933382102536,67.62225969645868
Profuturo,DIRECTO_EXTRA_TREES,directo_acumulado,entrenamiento,"{""max_depth"": 5, ""max_features"": 0.7, ""min_samples_leaf"": 20}",1777,0.006372963501791409,0.00860934896531017,0.4584842042454408,1.7181279221829941e-19,0.00861177242741737,7.416262434162609e-05,0.6911374630749939,73.21328081035453,1777,0.6378342655269718,0.482366500204634,1.3733298959925178,5.997246720322402,0.008547124025164582,0.6911374630749939,73.21328081035453
Profuturo,DIRECTO_EXTRA_TREES,directo_acumulado,validacion,"{""max_depth"": 5, ""max_features"": 0.7, ""min_samples_leaf"": 20}",593,0.006388481202649722,0.008902767456919505,0.42402058355052175,0.001142351034137502,0.008836627301851946,7.80859820718352e-05,0.6638507754247611,73.0185497470489,593,0.6395758454999613,0.4535161151560496,1.3952904460822058,4.8080515838719196,0.12272103511159752,0.6638507754247611,73.0185497470489
Profuturo,DIRECTO_EXTRA_TREES,directo_acumulado,prueba,"{""max_depth"": 5, ""max_features"": 0.7, ""min_samples_leaf"": 20}",593,0.00926393834532064,0.012624020803734735,0.3131087954269671,0.0007994124778630795,0.012609320386409405,0.00015899496060711984,0.579123662409298,68.46543001686341,593,0.9267598224911048,0.6492798416616985,2.096888418433611,6.6648788491952216,0.09712532171963831,0.579123662409298,68.46543001686341
Habitat,EW_RIDGE_HL60_A0.001,referencia,validacion,{},593,,,,,,,0.65597625927109,72.68128161888701,593,0.741083543092443,0.5532529851571155,1.5343980290139905,5.793767161366148,-0.0271230842847707,0.65597625927109,72.68128161888701
Habitat,EW_RIDGE_HL60_A0.001,referencia,prueba,{},593,,,,,,,0.4721419160098977,72.51264755480608,593,0.8031782094698549,0.5409990364857453,1.8420098602777029,8.404292312307982,-0.1158687279452288,0.4721419160098977,72.51264755480608
Habitat,RIDGE,referencia,validacion,{},593,,,,,,,0.6268367480802155,71.16357504215851,593,0.807009465119461,0.5822242924046206,1.6714729663211172,6.585541164893738,0.0742982045978873,0.6268367480802155,71.16357504215851
Habitat,RIDGE,referencia,prueba,{},593,,,,,,,0.5260776983963558,71.8381112984823,593,0.8564554142219674,0.5577270524801392,2.1175673770985464,5.767628312292128,-0.1327545333471089,0.5260776983963558,71.8381112984823
Integra,EW_RIDGE_HL120_A0.001,referencia,validacion,{},593,,,,,,,0.5511770940042993,70.99494097807757,593,0.6815917664372464,0.4730575006058335,1.3901662453332888,9.123495429134987,0.0119339000511378,0.5511770940042993,70.99494097807757
Integra,EW_RIDGE_HL120_A0.001,referencia,prueba,{},593,,,,,,,0.5011242522411813,67.62225969645868,593,0.8909807340011332,0.6319858717777072,2.0874772904450216,6.221121064120871,-0.113447920398048,0.5011242522411813,67.62225969645868
Integra,RIDGE,referencia,validacion,{},593,,,,,,,0.536972711383695,70.48903878583474,593,0.7089865267731725,0.4970453576610634,1.454665367793183,9.150412440277444,0.0938069914603818,0.536972711383695,70.48903878583474
Integra,RIDGE,referencia,prueba,{},593,,,,,,,0.5230522479726407,68.8026981450253,593,0.912515404669736,0.6077024202319814,2.245417525962893,6.44948627971802,-0.0419157242781022,0.5230522479726407,68.8026981450253
Prima,EW_RIDGE_HL250_A0.001,referencia,validacion,{},593,,,,,,,0.6372546311078962,71.50084317032041,593,0.6292545652608367,0.478102011419379,1.339677791753391,5.591001300047749,0.0519895802221525,0.6372546311078962,71.50084317032041
Prima,EW_RIDGE_HL250_A0.001,referencia,prueba,{},593,,,,,,,0.50719071938616,73.86172006745363,593,0.885044174170895,0.5604819531582983,2.144105978247895,7.294599347992925,-0.1423636859631962,0.50719071938616,73.86172006745363
Prima,RIDGE,referencia,validacion,{},593,,,,,,,0.5961578080272805,71.16357504215851,593,0.6556811008283971,0.4887523217212752,1.4128779805453335,6.206556733844604,0.1045652994893196,0.5961578080272805,71.16357504215851
Prima,RIDGE,referencia,prueba,{},593,,,,,,,0.531353467682963,73.69308600337267,593,0.899592521925842,0.5778455805015792,2.209390822387657,7.393705930224925,-0.0487307488594731,0.531353467682963,73.69308600337267
Profuturo,EW_RIDGE_HL250_A0.001,referencia,validacion,{},593,,,,,,,0.6344420988438909,71.8381112984823,593,0.6678747339984191,0.4981170434883664,1.4217648560819296,5.984945358400728,0.0400448968893301,0.6344420988438909,71.8381112984823
Profuturo,EW_RIDGE_HL250_A0.001,referencia,prueba,{},593,,,,,,,0.5285662062945147,69.13996627318718,593,0.9417952758705332,0.6936213922009271,2.1086284033616622,6.294784926998154,-0.0836370997509135,0.5285662062945147,69.13996627318718
Profuturo,RIDGE,referencia,validacion,{},593,,,,,,,0.6052034285716678,72.17537942664418,593,0.6962678090545705,0.5204809440094493,1.526522916108931,6.484953861012377,0.0941879566028203,0.6052034285716678,72.17537942664418
Profuturo,RIDGE,referencia,prueba,{},593,,,,,,,0.5488409775536202,69.81450252951096,593,0.9624230488512732,0.6882453083174034,2.308027148842686,6.425455659112567,-0.0173137470797662,0.5488409775536202,69.81450252951096
