isin_normalizado,primera_fecha,ultima_fecha,meses_presentes,afp_presentes,lista_afp,moneda_reportada,gestora_reportada,peso_max_total_fondo_pct,peso_mediano_total_fondo_pct,peso_max_exterior_pct,valor_max_reconciliado_miles_soles,aparece_modelo_principal,aparece_analisis_ampliado,formato_isin_valido,checksum_isin_valido,prefijo_isin,prioridad,clasificacion_identificador,identificador_original,identificador_canonico,fue_corregido_checksum,isin_corregido_propuesto,confianza_correccion,correccion_aprobada,razon_decision,ticker_corregido,nombre_corregido,figi_corregido,canonical_security_id,ticker,name,securityType,securityType2,marketSector,exchCode,figi,compositeFIGI,shareClassFIGI,clase_ambiguedad,razon_ambiguedad,mapeo_aceptable_automatico,estado_identidad_final,usar_en_enriquecimiento_automatico
US4642868487,2015-01-30,2016-10-31,22,4,Habitat | Integra | Prima | Profuturo,USD,BlackRock USA,8.266939507400703,3.865193530057798,14.174490090093911,672900.43745337,True,True,True,True,US,1108288.9395074006,isin_estandar_valido,US4642868487,US4642868487,False,,,,,,,,,,,,,,,,,,,,False,isin_no_resuelto,False
US73935A1043,2015-01-30,2018-05-31,41,4,Habitat | Integra | Prima | Profuturo,USD,BANK NEW YORK,4.573169301749887,1.174432753565814,7.569395520746546,379815.23407192726,True,True,True,True,US,1104614.16930175,isin_estandar_valido,US73935A1043,US73935A1043,False,,,,,,,,,,,,,,,,,,,,False,isin_no_resuelto,False
PRIVFAEA10FE,2021-02-26,2026-01-30,60,2,Habitat | Prima,USD,APAX X USD Feeder L.P. | Apax X USD GP,3.173376176501568,0.3611340723971293,7.394151676752414,95074.02300600108,True,True,False,False,PR,1103233.3761765016,identificador_no_estandar,PRIVFAEA10FE,PRIVFAEA10FE,False,,,,,,,,,,,,,,,,,,,,False,identificador_privado_o_no_estandar,False
PRIVFAEDSFFX,2021-05-31,2024-07-31,39,1,Prima,USD,Dover X | Dover X Associates L.P.,2.485172229068624,1.9625031002742823,6.7437740073930135,88753.34817928626,True,True,False,False,PR,1102524.1722290686,identificador_no_estandar,PRIVFAEDSFFX,PRIVFAEDSFFX,False,,,,,,,,,,,,,,,,,,,,False,identificador_privado_o_no_estandar,False
US57060U1007,2015-01-30,2016-11-30,12,3,Habitat | Integra | Prima,USD,VAN ECK,2.4344848056203165,0.8892316988035984,4.087647224324252,200643.9054935111,True,True,True,True,US,1102446.4848056205,isin_estandar_valido,US57060U1007,US57060U1007,False,,,,,,,,,,,,,,,,,,,,False,isin_no_resuelto,False
PRIVFAEEQTI4,2019-08-30,2026-01-30,78,1,Habitat,USD,EQT Infrastruct | EQT Infrastructure IV (GP) SCS | EQT Infrastructure VI (General Partner) S.à r,2.3352112352119816,1.6458184058822178,5.081988260570364,64106.241414506345,True,True,True,False,PR,1102413.211235212,formato_isin_checksum_invalido,PRIVFAEEQTI4,PRIVFAEEQTI4,False,,,,,,,,,,,,,,,,,,,,False,checksum_invalido_pendiente,False
PRIVFAEBSGLP,2021-05-31,2026-01-30,57,1,Prima,USD,Blackstone GA | Blackstone Growth Associates L.P.,2.336971038378083,1.6836914174575643,5.818712570694228,79027.9357954672,True,True,False,False,PR,1102393.971038378,identificador_no_estandar,PRIVFAEBSGLP,PRIVFAEBSGLP,False,,,,,,,,,,,,,,,,,,,,False,identificador_privado_o_no_estandar,False
US4642867315,2015-01-30,2016-10-31,11,3,Habitat | Integra | Profuturo,USD,BlackRock USA,2.2854390813264622,0.6449743826517802,3.580275091607728,127880.03928311348,True,True,True,True,US,1102296.4390813264,isin_estandar_valido,US4642867315,US4642867315,False,,,,,,,,,,,,,,,,,,,,False,isin_no_resuelto,False
LU0132199406,2015-01-30,2019-05-31,53,4,Habitat | Integra | Prima | Profuturo,EUR | USD,PIONEER,2.238216841358699,0.0753533519597753,3.837645407822193,170270.17133685967,True,True,True,True,LU,1102291.2168413587,isin_estandar_valido,LU0132199406,LU0132199406,False,,,,,,,,,,,,,,,,,,,,False,isin_no_resuelto,False
US46434V5488,2015-01-30,2015-12-31,12,2,Habitat | Prima,USD,BlackRock USA,2.253553467764017,0.0467856748498429,3.799321020391798,185732.01523654812,True,True,True,True,US,1102265.553467764,isin_estandar_valido,US46434V5488,US46434V5488,False,,,,,,,,,,,,,,,,,,,,False,isin_no_resuelto,False
PRIVFAECDRXI,2022-03-31,2026-01-30,47,1,Prima,USD,"CD&R A XI, L.P. | CD&R Associates XI, L.P.",1.9919503692681224,1.3084719191243337,3.621727157692737,54960.52539674463,True,True,False,False,PR,1102038.9503692682,identificador_no_estandar,PRIVFAECDRXI,PRIVFAECDRXI,False,,,,,,,,,,,,,,,,,,,,False,identificador_privado_o_no_estandar,False
LU0823432371,2018-04-30,2026-01-30,94,1,Habitat,EUR,BNP PARIBAS INV | BNP PARIBAS INVESTMENT PARTNERS LUXEMBOURG,1.943443095258336,0.0058738814907749,3.922075779871793,24981.400896917385,True,True,True,True,LU,1102037.4430952584,isin_estandar_valido,LU0823432371,LU0823432371,False,,,,,,,,,,,,,,,,,,,,False,isin_no_resuelto,False
PRIVFAECOL8F,2020-02-28,2026-01-30,72,2,Habitat | Prima,USD,"Coller International General Partner VIII, L.P. | Coller International Partners VII Feeder Fund, LP",1.9587365542273127,0.3673122250644525,5.104664777883271,67028.54656669979,True,True,False,False,PR,1102030.7365542273,identificador_no_estandar,PRIVFAECOL8F,PRIVFAECOL8F,False,,,,,,,,,,,,,,,,,,,,False,identificador_privado_o_no_estandar,False
PRIVFAEAIP4B,2020-09-30,2026-01-30,65,1,Habitat,EUR,"Antin Inf IV | Antin Infrastructure Partners IV Luxembourg G | Antin Infrastructure Partners IV Luxembourg GP, S.A R.L.",1.656455320253444,1.4739674213045388,3.647155808149121,61186.983803906114,True,True,False,False,PR,1101721.4553202535,identificador_no_estandar,PRIVFAEAIP4B,PRIVFAEAIP4B,False,,,,,,,,,,,,,,,,,,,,False,identificador_privado_o_no_estandar,False
GB0030810245,2015-01-30,2019-01-31,49,1,Profuturo,EUR | USD,THREADNEEDLE IN,1.647054989852253,0.7894616298912343,2.610925475922325,97647.2468358606,True,True,True,True,GB,1101696.0549898522,isin_estandar_valido,GB0030810245,GB0030810245,False,,,,,,,,,,,,,,,,,,,,False,isin_no_resuelto,False
IE00B138F130,2018-08-31,2020-03-31,20,1,Habitat,EUR,Russell Investm,1.6735880631932851,1.156326065218731,3.209477258840732,19157.07806477784,True,True,True,True,IE,1101693.5880631933,isin_estandar_valido,IE00B138F130,IE00B138F130,False,,,,,,,,,,,,,,,,,,,,False,isin_no_resuelto,False
PRIVFAEPECPV,2021-02-26,2026-01-30,60,1,Habitat,USD,"Platinum EPV | Platinum Equity Partners V, L.P.",1.6183086966853135,1.0389476211933986,3.6192465834106944,39237.07957029204,True,True,False,False,PR,1101678.3086966854,identificador_no_estandar,PRIVFAEPECPV,PRIVFAEPECPV,False,,,,,,,,,,,,,,,,,,,,False,identificador_privado_o_no_estandar,False
LU0132212944,2016-02-29,2017-08-31,19,1,Prima,USD,PIONEER,1.6436541627286552,1.5419034574949149,2.8943846201768286,124362.2936367501,True,True,True,True,LU,1101662.6541627287,isin_estandar_valido,LU0132212944,LU0132212944,False,,,,,,,,,,,,,,,,,,,,False,isin_no_resuelto,False
IE00BD9G0980,2018-01-31,2018-08-31,8,1,Habitat,EUR,Invesco Global,1.6263683692312303,1.3962620205143268,2.66115111801328,15218.25566004041,True,True,True,True,IE,1101634.3683692312,isin_estandar_valido,IE00BD9G0980,IE00BD9G0980,False,,,,,,,,,,,,,,,,,,,,False,isin_no_resuelto,False
LU0345777493,2015-01-30,2019-11-29,59,1,Integra,USD,INVESTEC,1.5038720694593457,0.8944103878507229,2.872515657210179,122387.3511504289,True,True,True,True,LU,1101562.8720694594,isin_estandar_valido,LU0345777493,LU0345777493,False,,,,,,,,,,,,,,,,,,,,False,isin_no_resuelto,False
PRIVFAEEQTI5,2021-12-31,2026-01-30,50,1,Habitat,EUR,EQT Infr. V GP | EQT Infrastructure V (General Partner) S.à.r. | EQT Infrastructure V (General Partner) S.à.r.l.,1.3379843420926332,0.966619491728524,2.8294675892878045,47535.29480072857,True,True,True,False,PR,1101387.9843420926,formato_isin_checksum_invalido,PRIVFAEEQTI5,PRIVFAEEQTI5,False,,,,,,,,,,,,,,,,,,,,False,checksum_invalido_pendiente,False
PRIVFAEIPCXI,2020-05-29,2026-01-30,69,1,Habitat,USD,"Insight A XI | Insight Associates XI, L.P.",1.3071188424659794,0.6433311353363913,3.395391669348625,31020.273805553337,True,True,False,False,PR,1101376.118842466,identificador_no_estandar,PRIVFAEIPCXI,PRIVFAEIPCXI,False,,,,,,,,,,,,,,,,,,,,False,identificador_privado_o_no_estandar,False
PRIVFAEPGSF6,2019-04-30,2026-01-30,82,1,Habitat,USD,"PGSF VI | PGSF VI Feeder GP, LLC",1.1859526497505768,0.5744683530537505,2.58657742688395,24325.34173428559,True,True,True,False,PR,1101267.9526497505,formato_isin_checksum_invalido,PRIVFAEPGSF6,PRIVFAEPGSF6,False,,,,,,,,,,,,,,,,,,,,False,checksum_invalido_pendiente,False
PRIVFAEWPGGF,2021-06-30,2026-01-30,56,1,Habitat,USD,"Warburg Pincus | Warburg Pincus Global Growth GP, L.P.",1.1982104444441244,0.8310375202937857,3.093345932801498,30435.73966753043,True,True,False,False,PR,1101254.210444444,identificador_no_estandar,PRIVFAEWPGGF,PRIVFAEWPGGF,False,,,,,,,,,,,,,,,,,,,,False,identificador_privado_o_no_estandar,False
PRIVFAEGIP4F,2021-05-31,2026-01-30,57,1,Integra,USD,"Global Inf IV, | Global Infrastructure GP IV, L.P.",1.1826515112626743,0.7659262749814586,2.2497577517816074,36964.39598724796,True,True,False,False,PR,1101239.6515112626,identificador_no_estandar,PRIVFAEGIP4F,PRIVFAEGIP4F,False,,,,,,,,,,,,,,,,,,,,False,identificador_privado_o_no_estandar,False
PRIVFAENBDF3,2019-04-30,2026-01-30,82,1,Habitat,USD,"NB Private Debt | NB Private Debt Associates III, LP",1.105035823209389,0.5629225198437788,2.21635633190495,19656.71259702376,True,True,True,False,PR,1101187.0358232094,formato_isin_checksum_invalido,PRIVFAENBDF3,PRIVFAENBDF3,False,,,,,,,,,,,,,,,,,,,,False,checksum_invalido_pendiente,False
IE00B41Q3618,2016-07-29,2016-09-30,3,1,Prima,JPY,Invesco Global,1.1577142240852183,1.154871032850196,1.9943973512819644,88864.15521731086,True,True,True,True,IE,1101160.7142240852,isin_estandar_valido,IE00B41Q3618,IE00B41Q3618,False,,,,,,,,,,,,,,,,,,,,False,isin_no_resuelto,False
PRIVFAEGS5SC,2021-09-30,2026-01-30,53,1,Habitat,USD,G Squared EGP V | G Squared Equity GP V S.à.r.l,1.1045637296963728,0.7479007021094937,2.514778220744365,28148.25243202705,True,True,False,False,PR,1101157.5637296964,identificador_no_estandar,PRIVFAEGS5SC,PRIVFAEGS5SC,False,,,,,,,,,,,,,,,,,,,,False,identificador_privado_o_no_estandar,False
LU0194163308,2018-01-31,2018-08-31,8,1,Habitat,EUR | USD,Deutsche Asset,1.142643272494271,0.5168113902693235,1.8841382264471984,12006.136744782889,True,True,True,True,LU,1101150.6432724942,isin_estandar_valido,LU0194163308,LU0194163308,False,,,,,,,,,,,,,,,,,,,,False,isin_no_resuelto,False
US5771308260,2015-01-30,2016-05-31,17,1,Prima,USD,Matthews Intern,1.0289666084482956,0.8111017108077218,1.6367017568649116,82583.87044049773,True,True,True,True,US,1101045.9666084482,isin_estandar_valido,US5771308260,US5771308260,False,,,,,,,,,,,,,,,,,,,,False,isin_no_resuelto,False
IE000NG9LZQ6,2023-08-31,2026-01-30,29,1,Integra,USD,Carne Global Fund Managers (Ireland) Limited | Carne Global Fund Managers (Ireland) Limited Carne | Carne Global Fund Managers (Luxembourg) S.A. | Carne Global IR | Moneda Latam HY,0.9294269888506728,2.023388974798006e-06,2.4334824412080955,37296.4337398528,True,True,True,True,IE,1100958.4269888506,isin_estandar_valido,IE000NG9LZQ6,IE000NG9LZQ6,False,,,,,,,,,,,,,,,,,,,,False,isin_no_resuelto,False
CVL79033FI12,2017-10-31,2021-02-26,41,1,Profuturo,USD,LARRAIN VIAL,0.8822829773865979,0.5721589402412453,1.4941499307571806,38708.59514458082,True,True,True,True,CV,1100923.2829773866,isin_estandar_valido,CVL79033FI12,CVL79033FI12,False,,,,,,,,,,,,,,,,,,,,False,isin_no_resuelto,False
PRIVFAECCM7F,2021-11-30,2026-01-30,51,1,Habitat,EUR,Cinven CM VII | Cinven Capital Management (VII) Limited Partn | Cinven Capital Management (VII) Limited Partnership,0.8570422668757882,0.6937486055172577,1.8822105985067628,30659.39976588283,True,True,False,False,PR,1100908.0422668755,identificador_no_estandar,PRIVFAECCM7F,PRIVFAECCM7F,False,,,,,,,,,,,,,,,,,,,,False,identificador_privado_o_no_estandar,False
PRIVFAEHLGII,2020-05-29,2026-01-30,69,1,Habitat,USD,Hamilton Lane Global SMID II GP LLC | Hamilton LaneII,0.8033922932986656,0.6539926038723202,1.8886820127229536,26771.070013731303,True,True,False,False,PR,1100872.3922932986,identificador_no_estandar,PRIVFAEHLGII,PRIVFAEHLGII,False,,,,,,,,,,,,,,,,,,,,False,identificador_privado_o_no_estandar,False
SCHLUMBERGER,2015-01-30,2015-01-30,1,1,Profuturo,,SCC,0.8453546146888985,0.8453546146888985,1.3396578038426885,45624.88634667503,True,True,False,False,SC,1100846.354614689,identificador_no_estandar,SCHLUMBERGER,SCHLUMBERGER,False,SCHLUMBERGE5,baja,False,texto_no_isin_o_correccion_no_confirmada,,,,,,,,,,,,,,,,False,identificador_privado_o_no_estandar,False
PRIVFAECVCII,2019-05-31,2026-01-30,75,1,Habitat,USD,CVC Credit Part | CVC Credit Partners Global Special Situations | CVC Credit Partners Global Special Situations II S.à R.L.,0.7464322661342839,0.6074987167069291,1.6318566894820876,24713.46754477909,True,True,False,False,PR,1100821.4322661343,identificador_no_estandar,PRIVFAECVCII,PRIVFAECVCII,False,,,,,,,,,,,,,,,,,,,,False,identificador_privado_o_no_estandar,False
GB00BZ0FTN58,2018-03-30,2018-11-30,9,2,Habitat | Prima,USD,M&G,0.8073547378841673,0.6610905395079021,1.3210371057384396,58008.75654298006,True,True,True,True,GB,1100816.354737884,isin_estandar_valido,GB00BZ0FTN58,GB00BZ0FTN58,False,,,,,,,,,,,,,,,,,,,,False,isin_no_resuelto,False
LU1892591238,2019-02-28,2023-07-31,19,1,Habitat,USD,DMS Investment,0.7679931940020668,0.7121384616552175,1.575334807945025,15769.898178170852,True,True,True,True,LU,1100786.993194002,isin_estandar_valido,LU1892591238,LU1892591238,False,,,,,,,,,,,,,,,,,,,,False,isin_no_resuelto,False
US40053C1053,2015-05-29,2016-04-29,10,1,Prima,USD,Santander Mexic,0.7625046175909185,0.5737540287144084,1.2128602006926776,61197.88730984256,True,True,True,True,US,1100772.504617591,isin_estandar_valido,US40053C1053,US40053C1053,False,,,,,,,,,,,,,,,,,,,,False,isin_no_resuelto,False
US92189F4946,2018-05-31,2018-10-31,5,1,Integra,USD,VAN ECK,0.6901513835530486,0.511065500502138,1.131251955080541,57566.5541349694,True,True,True,True,US,1100695.151383553,isin_estandar_valido,US92189F4946,US92189F4946,False,,,,,,,,,,,,,,,,,,,,False,isin_no_resuelto,False
US5007676118,2021-02-26,2021-02-26,1,1,Habitat,USD,Krane Funds,0.6703296223566605,0.6703296223566605,1.27736651204894,11064.476493383812,True,True,True,True,US,1100671.3296223567,isin_estandar_valido,US5007676118,US5007676118,False,,,,,,,,,,,,,,,,,,,,False,isin_no_resuelto,False
PRIVFAESPOR7,2019-09-30,2026-01-30,77,1,Habitat,USD,SPFSA RE VII | SPFSA RE VII L.L.C.,0.5320342197798495,0.3165432736647804,1.208187398446208,13310.613317514746,True,True,True,False,PR,1100609.0342197798,formato_isin_checksum_invalido,PRIVFAESPOR7,PRIVFAESPOR7,False,,,,,,,,,,,,,,,,,,,,False,checksum_invalido_pendiente,False
LU1562332939,2017-06-30,2020-05-29,36,1,Profuturo,JPY,Henderson,0.5269894496533855,0.0002401473886507,0.8537357621411638,32638.30026434467,True,True,True,True,LU,1100562.9894496533,isin_estandar_valido,LU1562332939,LU1562332939,False,,,,,,,,,,,,,,,,,,,,False,isin_no_resuelto,False
GB00B8JYLC77,2021-02-26,2022-08-31,19,1,Habitat,GBP,Legg Mason Inv,0.5388144873114122,0.4192355338068693,1.0413823869718148,9209.739660386247,True,True,True,True,GB,1100557.8144873115,isin_estandar_valido,GB00B8JYLC77,GB00B8JYLC77,False,,,,,,,,,,,,,,,,,,,,False,isin_no_resuelto,False
PRIVFAESPOS8,2019-10-31,2026-01-30,76,1,Habitat,USD,Strategic PFS | Strategic Partners Fund Solutions GP (Offshor | Strategic Partners Fund Solutions GP (Offshore) Ltd.,0.4766804553481212,0.2276131349564988,1.2505224487693083,11132.427296522335,True,True,True,False,PR,1100552.6804553482,formato_isin_checksum_invalido,PRIVFAESPOS8,PRIVFAESPOS8,False,,,,,,,,,,,,,,,,,,,,False,checksum_invalido_pendiente,False
PRIVFAEOSF6F,2019-08-30,2026-01-30,78,1,Habitat,USD,"Oaktree SSF II | Oaktree Special Situations Fund II GP, L.P.",0.4603177329320205,0.3351841431901853,1.1180758642970607,14532.01250598959,True,True,False,False,PR,1100538.317732932,identificador_no_estandar,PRIVFAEOSF6F,PRIVFAEOSF6F,False,,,,,,,,,,,,,,,,,,,,False,identificador_privado_o_no_estandar,False
CVL79033FI1X,2015-01-30,2017-09-29,33,1,Profuturo,USD,LARRAIN VIAL,0.4974207730594246,0.4280327981743406,0.7743925743182323,30295.717650474413,True,True,False,False,CV,1100530.4207730594,identificador_no_estandar,CVL79033FI1X,CVL79033FI12,True,CVL79033FI12,media,True,codigo_existente_y_metadata_compatible,,,,,,,,,,,,,,,,False,identificador_privado_o_no_estandar,False
PRIVFAEIEF5S,2022-02-28,2026-01-30,48,1,Habitat,EUR,InfraVia Europ | InfraVia European Fund V SCSp,0.4179155027574943,0.2544538085624428,0.9164784398539138,17090.04820127696,True,True,False,False,PR,1100465.9155027575,identificador_no_estandar,PRIVFAEIEF5S,PRIVFAEIEF5S,False,,,,,,,,,,,,,,,,,,,,False,identificador_privado_o_no_estandar,False
LU0242142494,2015-09-30,2016-04-29,8,1,Prima,USD,NNIPL,0.454530913700388,0.4444453927099449,0.6962247135741465,33968.51124746921,True,True,True,True,LU,1100462.5309137003,isin_estandar_valido,LU0242142494,LU0242142494,False,,,,,,,,,,,,,,,,,,,,False,isin_no_resuelto,False
US4642868552,2015-04-30,2015-12-31,9,1,Habitat,USD,BlackRock USA,0.4389844800139534,0.2614204299972952,0.6557620987107738,526.6913528958268,True,True,True,True,US,1100447.9844800138,isin_estandar_valido,US4642868552,US4642868552,False,,,,,,,,,,,,,,,,,,,,False,isin_no_resuelto,False
PRIVFAEPLEP6,2023-11-30,2026-01-30,27,1,Habitat,USD,"Platinum EPVILP | Platinum Equity Partners VI, LP",0.4082284710184449,0.305280814684401,0.7674668687020989,15566.13781635056,True,True,True,True,PR,1100435.2284710184,isin_estandar_valido,PRIVFAEPLEP6,PRIVFAEPLEP6,False,,,,,,,,,,,,,,,,,,,,False,isin_no_resuelto,False
PRIVFAENHIP3,2020-06-30,2026-01-30,68,1,Habitat,USD,MORGAN STANLEY | Morgan Stanley | Morgan Stanley Infrastructure III Investors G | Morgan Stanley Infrastructure III Investors GP,0.3474306957380337,0.2705969270944613,0.8202901538213945,12981.710619672796,True,True,True,False,PR,1100415.430695738,formato_isin_checksum_invalido,PRIVFAENHIP3,PRIVFAENHIP3,False,,,,,,,,,,,,,,,,,,,,False,checksum_invalido_pendiente,False
LU0325327566,2019-07-31,2019-10-31,4,1,Habitat,USD,Pic Asset Ma Eu,0.3893358249810817,0.3854472342691705,0.793299793711107,5029.091380369495,True,True,True,True,LU,1100393.335824981,isin_estandar_valido,LU0325327566,LU0325327566,False,,,,,,,,,,,,,,,,,,,,False,isin_no_resuelto,False
PRIVFAEAIP5B,2023-05-31,2026-01-30,33,1,Habitat,EUR,"Antin Infrastru | Antin Infrastructure Partners V Luxembourg GP | Antin Infrastructure Partners V Luxembourg GP, S.A R.L.",0.3353882085445457,0.1748685437668975,0.6268152048209075,12775.353869550818,True,True,False,False,PR,1100368.3882085446,identificador_no_estandar,PRIVFAEAIP5B,PRIVFAEAIP5B,False,,,,,,,,,,,,,,,,,,,,False,identificador_privado_o_no_estandar,False
PRIVFAEKVCXC,2023-01-31,2026-01-30,37,1,Habitat,USD,"Knightsbridge M | Knightsbridge Management X, LLC",0.2961076621255616,0.1829382841771634,0.5144974698573683,13486.060550520551,True,True,False,False,PR,1100333.1076621255,identificador_no_estandar,PRIVFAEKVCXC,PRIVFAEKVCXC,False,,,,,,,,,,,,,,,,,,,,False,identificador_privado_o_no_estandar,False
PRIVFAEEQTI6,2025-03-31,2026-01-30,11,1,Habitat,EUR,EQT Infrastructure IV (GP) SCS,0.3157129765138359,0.2641530044600919,0.5396746551996924,14014.519616540048,True,True,True,False,PR,1100326.712976514,formato_isin_checksum_invalido,PRIVFAEEQTI6,PRIVFAEEQTI6,False,,,,,,,,,,,,,,,,,,,,False,checksum_invalido_pendiente,False
LU0325328531,2016-07-29,2017-04-28,10,1,Prima,EUR,Pic Asset Ma Eu,0.2978434940612912,0.2832324100100812,0.5021218432518454,21955.601522711306,True,True,True,True,LU,1100307.8434940614,isin_estandar_valido,LU0325328531,LU0325328531,False,,,,,,,,,,,,,,,,,,,,False,isin_no_resuelto,False
PRIVFAEP8SCS,2023-12-29,2026-01-30,26,1,Habitat,EUR,PAI Partn. VIII | PAI Partners VIII GP S.à r.l.,0.2391064918259413,0.2096270850121904,0.4577990809013294,10427.598795670314,True,True,False,False,PR,1100265.106491826,identificador_no_estandar,PRIVFAEP8SCS,PRIVFAEP8SCS,False,,,,,,,,,,,,,,,,,,,,False,identificador_privado_o_no_estandar,False
PRIVFAECEVVI,2024-05-31,2026-01-30,21,1,Habitat,USD,"Cortland Enhanced Value Fund V GP, LLC | Cortland Enhanced Value Fund VI GP, LLC",0.236893005946221,0.1896797283879933,0.4242086509504539,9757.457503672766,True,True,False,False,PR,1100257.8930059462,identificador_no_estandar,PRIVFAECEVVI,PRIVFAECEVVI,False,,,,,,,,,,,,,,,,,,,,False,identificador_privado_o_no_estandar,False
LU1232062742,2017-06-30,2023-09-29,76,1,Habitat,GBP | USD,AZ Fund Managem,0.1549174977407355,4.255673757979034e-07,0.2444568667037781,855.6940894978763,True,True,True,True,LU,1100230.9174977408,isin_estandar_valido,LU1232062742,LU1232062742,False,,,,,,,,,,,,,,,,,,,,False,isin_no_resuelto,False
LU0260871479,2015-01-30,2015-02-27,2,1,Prima,USD,FRANKLIN TEMP,0.2276409313560265,0.2273317189686759,0.4012714192130229,18761.573459816816,True,True,True,True,LU,1100229.640931356,isin_estandar_valido,LU0260871479,LU0260871479,False,,,,,,,,,,,,,,,,,,,,False,isin_no_resuelto,False
LU1156968403,2018-02-28,2019-11-29,22,1,Habitat,USD,ALLIANZ,0.1971780294758453,0.0165959059356907,0.3234896922887094,1770.3080052758569,True,True,True,True,LU,1100219.1780294755,isin_estandar_valido,LU1156968403,LU1156968403,False,,,,,,,,,,,,,,,,,,,,False,isin_no_resuelto,False
PAI69PA00017,2015-01-30,2015-07-31,7,1,Profuturo,COP,Avianca,0.2119042398745023,0.1879978393449807,0.3424136541267087,12101.786144826685,True,True,True,True,PA,1100218.9042398746,isin_estandar_valido,PAI69PA00017,PAI69PA00017,False,,,,,,,,,,,,,,,,,,,,False,isin_no_resuelto,False
PRIVFAEV5FSC,2023-11-30,2026-01-30,27,1,Habitat,EUR,Vitruvian Luxca | Vitruvian Luxcar General Partner S.à.r.l,0.1896507467173747,0.0378441678758282,0.3295248378317013,8727.662244799614,True,True,False,False,PR,1100216.6507467174,identificador_no_estandar,PRIVFAEV5FSC,PRIVFAEV5FSC,False,,,,,,,,,,,,,,,,,,,,False,identificador_privado_o_no_estandar,False
US29274F1049,2016-08-31,2020-02-28,43,1,Integra,USD,ENERSIS,0.1496236832450598,0.1167936863736363,0.2516133219778557,12341.106745508376,True,True,True,True,US,1100192.6236832452,isin_estandar_valido,US29274F1049,US29274F1049,False,,,,,,,,,,,,,,,,,,,,False,isin_no_resuelto,False
PRIVFAEBCDSS,2020-06-30,2026-01-30,68,1,Habitat,USD,"Bain Capital DS | Bain Capital Distressed and Special Situation | Bain Capital Distressed and Special Situations 2019 Investors, LLC",0.1027875087923286,0.0707483904245761,0.254761618934759,2680.94362145524,True,True,False,False,PR,1100170.7875087922,identificador_no_estandar,PRIVFAEBCDSS,PRIVFAEBCDSS,False,,,,,,,,,,,,,,,,,,,,False,identificador_privado_o_no_estandar,False
CA5171036026,2021-03-31,2021-10-29,8,2,Integra | Prima,CAD,Largo Resources,0.1537945721049733,0.1086267318309359,0.2885445611932878,7282.458096148535,True,True,True,True,CA,1100161.794572105,isin_estandar_valido,CA5171036026,CA5171036026,False,,,,,,,,,,,,,,,,,,,,False,isin_no_resuelto,False
LU1273585916,2017-11-30,2019-01-31,15,1,Habitat,EUR | USD,PIONEER,0.1341223418107085,0.0908425381437185,0.2208835675848852,1041.5946665358408,True,True,True,True,LU,1100149.1223418107,isin_estandar_valido,LU1273585916,LU1273585916,False,,,,,,,,,,,,,,,,,,,,False,isin_no_resuelto,False
BRCIELACNOR3,2016-08-31,2019-01-31,30,1,Integra,BRL,Cielo,0.0962570566377593,0.044314022602053,0.1598342552617177,7761.614478295278,True,True,True,True,BR,1100126.2570566377,isin_estandar_valido,BRCIELACNOR3,BRCIELACNOR3,False,,,,,,,,,,,,,,,,,,,,False,isin_no_resuelto,False
PRIVFAEIPC13,2025-03-31,2026-01-30,11,1,Habitat,USD,"Insight A XIII | Insight Partners XIII, L.P.",0.100265697183904,0.0709654261877482,0.1700067108930854,4351.942483730701,True,True,True,True,PR,1100111.265697184,isin_estandar_valido,PRIVFAEIPC13,PRIVFAEIPC13,False,,,,,,,,,,,,,,,,,,,,False,isin_no_resuelto,False
PRIVFAETF6SC,2025-08-29,2026-01-30,6,1,Habitat,EUR,Triton Fund 6 General Partner SARL,0.0572223824321556,0.0290313877536055,0.0970240999662518,2540.1052878973123,True,True,False,False,PR,1100063.222382432,identificador_no_estandar,PRIVFAETF6SC,PRIVFAETF6SC,False,,,,,,,,,,,,,,,,,,,,False,identificador_privado_o_no_estandar,False
PRIVFAEIEF6S,2025-01-31,2026-01-30,13,1,Habitat,EUR,InfraVia GP VI Sàrl,0.0414638961782317,0.0323271923872798,0.0724675118066451,1666.8652684615604,True,True,False,False,PR,1100054.4638961782,identificador_no_estandar,PRIVFAEIEF6S,PRIVFAEIEF6S,False,,,,,,,,,,,,,,,,,,,,False,identificador_privado_o_no_estandar,False
CA69480U2065,2015-01-30,2015-01-30,1,1,Prima,CAD,Pacific Rubiale,0.0441227926087273,0.0441227926087273,0.0779888121066244,3543.392141052333,True,True,True,True,CA,1100045.1227926088,isin_estandar_valido,CA69480U2065,CA69480U2065,False,,,,,,,,,,,,,,,,,,,,False,isin_no_resuelto,False
IE00BGGJJ945,2022-01-31,2024-09-30,33,1,Habitat,USD,Baillie Gifford | Baillie Gifford & Co Ltd,0.0105924328911613,0.0055971806834422,0.0277881649412413,224.8124591649984,True,True,True,True,IE,1100043.5924328913,isin_estandar_valido,IE00BGGJJ945,IE00BGGJJ945,False,,,,,,,,,,,,,,,,,,,,False,isin_no_resuelto,False
AMERICAMOVIL,2015-01-30,2015-04-30,4,1,Integra,MXN,BON EMP PRI EXT,0.0287383723819486,0.0272417302065881,0.0481126963368286,2414.186835780756,True,True,False,False,AM,1100032.738372382,identificador_no_estandar,AMERICAMOVIL,AMERICAMOVIL,False,AMERICAMOVI4,baja,False,texto_no_isin_o_correccion_no_confirmada,,,,,,,,,,,,,,,,False,identificador_privado_o_no_estandar,False
US05367G1004,2015-01-30,2015-11-30,11,1,Integra,USD,Avianca Holding,0.0003973007967107,0.0003144409361594,0.0006274546531491,34.401726540353806,True,True,True,True,US,1100011.3973007968,isin_estandar_valido,US05367G1004,US05367G1004,False,,,,,,,,,,,,,,,,,,,,False,isin_no_resuelto,False
PRIVFAEVECIX,2025-11-28,2026-01-30,3,1,Habitat,USD,"Veritas Capital Partners IX, L.L.C",0.0023568117577971,0.0022460540613791,0.0039961205715484,102.29529642720829,True,True,False,False,PR,1100005.356811758,identificador_no_estandar,PRIVFAEVECIX,PRIVFAEVECIX,False,,,,,,,,,,,,,,,,,,,,False,identificador_privado_o_no_estandar,False
PRIVFAEICG9F,2025-11-28,2026-01-30,3,1,Habitat,EUR,ICG EUROPE FUND VI FEEDER LIMITED PARTNERSHIP,0.0004949905105964,0.0004774625160612,0.0008392871240443,21.972661045895176,True,True,False,False,PR,1100003.4949905106,identificador_no_estandar,PRIVFAEICG9F,PRIVFAEICG9F,False,,,,,,,,,,,,,,,,,,,,False,identificador_privado_o_no_estandar,False
LU2091609516,2022-03-31,2023-02-28,12,1,Prima,EUR,Jupiter Unit,0.4734691005508681,0.1998621152039766,1.2121512636343827,21644.476635921565,False,True,True,True,LU,100485.46910055086,isin_estandar_valido,LU2091609516,LU2091609516,False,,,,,,,,,,,,,,,,,,,,False,isin_no_resuelto,False
IE000NG9LZQX,2023-09-29,2023-09-29,1,1,Integra,USD,Moneda Latam HY,0.2950063302517955,0.2950063302517955,0.7474872512503108,12002.919236016778,False,True,False,False,IE,100296.0063302518,identificador_no_estandar,IE000NG9LZQX,IE000NG9LZQ6,True,IE000NG9LZQ6,media,True,codigo_existente_y_metadata_compatible,,,,,,,,,,,,,,,,False,identificador_privado_o_no_estandar,False
