afp,familia,modelo,parametros,val_mae,val_rmse,val_r2,val_mape_5d_pct,val_p90_5d_pct,estado,seleccionado_familia
Habitat,ARIMAX,ARIMAX_000,"{""order"": [0, 0, 0]}",0.003631273156965986,0.005095302808545798,0.2410406121645251,0.8059757630236511,1.6689682537989594,CORRECTO,True
Habitat,ARIMAX,ARIMAX_100,"{""order"": [1, 0, 0]}",0.003634649459507317,0.005068462714176351,0.249015364703688,0.8176163982943572,1.6968260306906173,CORRECTO,False
Habitat,ARIMAX,ARIMAX_200,"{""order"": [2, 0, 0]}",0.003619437532704353,0.005065903956534605,0.24977342596862584,0.8165004605605609,1.6667302107587163,CORRECTO,False
Habitat,ARIMAX,ARIMAX_101,"{""order"": [1, 0, 1]}",0.0036314142566334206,0.0050632785021280345,0.2505508490217103,0.8168019722527092,1.6693309875827602,CORRECTO,False
Habitat,ROLLING_RIDGE,ROLLING_RIDGE_W120_A0.001,"{""alpha"": 0.001, ""ventana"": 120}",0.0035269554318368914,0.004890680199835787,0.30077480224693853,0.7488398175309802,1.5671785710731072,CORRECTO,False
Habitat,ROLLING_RIDGE,ROLLING_RIDGE_W120_A0.1,"{""alpha"": 0.1, ""ventana"": 120}",0.0035267179002841254,0.0048905005212423365,0.30082617894181063,0.748913469240923,1.5669615840833997,CORRECTO,False
Habitat,ROLLING_RIDGE,ROLLING_RIDGE_W120_A10,"{""alpha"": 10.0, ""ventana"": 120}",0.003513906755012656,0.004880975389441846,0.30354706088937244,0.7565349626407528,1.5650282247490623,CORRECTO,False
Habitat,ROLLING_RIDGE,ROLLING_RIDGE_W250_A0.001,"{""alpha"": 0.001, ""ventana"": 250}",0.00355946646589178,0.004935420871512372,0.28792305231733717,0.7341774995802487,1.545968983183078,CORRECTO,True
Habitat,ROLLING_RIDGE,ROLLING_RIDGE_W250_A0.1,"{""alpha"": 0.1, ""ventana"": 250}",0.0035593082974107078,0.0049353142260710305,0.28795382535245284,0.7342123096933848,1.5464128878756578,CORRECTO,False
Habitat,ROLLING_RIDGE,ROLLING_RIDGE_W250_A10,"{""alpha"": 10.0, ""ventana"": 250}",0.0035445743865479256,0.004926809457697927,0.29040577458944306,0.7377643825956011,1.5419749546097699,CORRECTO,False
Habitat,ROLLING_RIDGE,ROLLING_RIDGE_W500_A0.001,"{""alpha"": 0.001, ""ventana"": 500}",0.0036071914643872145,0.005005185282008923,0.2676497108209689,0.754417648803482,1.532262483903915,CORRECTO,False
Habitat,ROLLING_RIDGE,ROLLING_RIDGE_W500_A0.1,"{""alpha"": 0.1, ""ventana"": 500}",0.0036071263945620462,0.0050051682861964346,0.2676546844098999,0.7544372961311516,1.5324048022384456,CORRECTO,False
Habitat,ROLLING_RIDGE,ROLLING_RIDGE_W500_A10,"{""alpha"": 10.0, ""ventana"": 500}",0.0036012434665561107,0.00500383376235912,0.26804516158560276,0.7563911654283082,1.535843777849767,CORRECTO,False
Habitat,ROLLING_RIDGE,ROLLING_RIDGE_W1000_A0.001,"{""alpha"": 0.001, ""ventana"": 1000}",0.0035731637973845523,0.00499261907110681,0.2713224282660004,0.7659227979888485,1.55414551467199,CORRECTO,False
Habitat,ROLLING_RIDGE,ROLLING_RIDGE_W1000_A0.1,"{""alpha"": 0.1, ""ventana"": 1000}",0.003573167544707987,0.004992636646812909,0.2713172978744356,0.7659331117955425,1.55419518846603,CORRECTO,False
Habitat,ROLLING_RIDGE,ROLLING_RIDGE_W1000_A10,"{""alpha"": 10.0, ""ventana"": 1000}",0.003573576802135065,0.004994427990343833,0.2707943055921582,0.7669544091181035,1.5591003912837926,CORRECTO,False
Habitat,EW_RIDGE,EW_RIDGE_HL60_A0.001,"{""alpha"": 0.001, ""half_life"": 60}",0.0035171425217805415,0.00489430156855879,0.2997389178133787,0.741083543092443,1.5343980290139903,CORRECTO,True
Habitat,EW_RIDGE,EW_RIDGE_HL60_A0.1,"{""alpha"": 0.1, ""half_life"": 60}",0.003516853992832578,0.00489413197757458,0.2997874460484886,0.7412090858117331,1.5356600033529346,CORRECTO,False
Habitat,EW_RIDGE,EW_RIDGE_HL60_A10,"{""alpha"": 10.0, ""half_life"": 60}",0.0035100091099549103,0.004892097413164534,0.3003695028580293,0.7538089176311231,1.5555134400470965,CORRECTO,False
Habitat,EW_RIDGE,EW_RIDGE_HL120_A0.001,"{""alpha"": 0.001, ""half_life"": 120}",0.0035315760276185154,0.004919161239509494,0.2926071664057437,0.7415713898085767,1.502573102512506,CORRECTO,False
Habitat,EW_RIDGE,EW_RIDGE_HL120_A0.1,"{""alpha"": 0.1, ""half_life"": 120}",0.0035314611415242,0.004919136296755731,0.29261434010047305,0.7416360176206223,1.5024035844300527,CORRECTO,False
Habitat,EW_RIDGE,EW_RIDGE_HL120_A10,"{""alpha"": 10.0, ""half_life"": 120}",0.003521891251140924,0.004919430063542446,0.29252984859434106,0.7480745753261946,1.4939500226024285,CORRECTO,False
Habitat,EW_RIDGE,EW_RIDGE_HL250_A0.001,"{""alpha"": 0.001, ""half_life"": 250}",0.0035492635095023027,0.004955412777705945,0.28214254916045745,0.7538604150073458,1.50278427062335,CORRECTO,False
Habitat,EW_RIDGE,EW_RIDGE_HL250_A0.1,"{""alpha"": 0.1, ""half_life"": 250}",0.0035492519339577395,0.004955439861876496,0.2821347021343328,0.7538912253786453,1.5027268057433754,CORRECTO,False
Habitat,EW_RIDGE,EW_RIDGE_HL250_A10,"{""alpha"": 10.0, ""half_life"": 250}",0.0035482563881370113,0.004958527130047717,0.2812399549017036,0.7569751010473242,1.4975925405169301,CORRECTO,False
Habitat,EW_RIDGE,EW_RIDGE_HL500_A0.001,"{""alpha"": 0.001, ""half_life"": 500}",0.0035596758465732676,0.004989598905637153,0.27220375374699646,0.7683377671836853,1.554220486502593,CORRECTO,False
Habitat,EW_RIDGE,EW_RIDGE_HL500_A0.1,"{""alpha"": 0.1, ""half_life"": 500}",0.003559687891280104,0.004989629858624855,0.2721947239477841,0.7683531181207747,1.5542967431166783,CORRECTO,False
Habitat,EW_RIDGE,EW_RIDGE_HL500_A10,"{""alpha"": 10.0, ""half_life"": 500}",0.003561179096089835,0.004992771448832492,0.2712779482349905,0.7698685839701799,1.557071404907881,CORRECTO,False
Integra,ARIMAX,ARIMAX_000,"{""order"": [0, 0, 0]}",0.0033633115757628063,0.0055616754944236005,0.15089248059876725,0.7086803692089835,1.4539775410860631,CORRECTO,True
Integra,ARIMAX,ARIMAX_100,"{""order"": [1, 0, 0]}",0.00339165293940074,0.005576033046051279,0.14650285347184855,0.7186353966095174,1.4960127502830167,CORRECTO,False
Integra,ARIMAX,ARIMAX_200,"{""order"": [2, 0, 0]}",0.003371841757805466,0.005556998527065479,0.15231995632594075,0.7200504941791737,1.4797398333949379,CORRECTO,False
Integra,ARIMAX,ARIMAX_101,"{""order"": [1, 0, 1]}",0.003401112319698197,0.005552924435165265,0.15356244736255142,0.7130120493923192,1.4743807814013612,CORRECTO,False
Integra,ROLLING_RIDGE,ROLLING_RIDGE_W120_A0.001,"{""alpha"": 0.001, ""ventana"": 120}",0.00337731555133534,0.005515516711196955,0.16492822461997259,0.69507764706754,1.363310706973562,CORRECTO,False
Integra,ROLLING_RIDGE,ROLLING_RIDGE_W120_A0.1,"{""alpha"": 0.1, ""ventana"": 120}",0.0033767442962209155,0.005515050719825591,0.16506932465597213,0.6950939251577661,1.3629822791080137,CORRECTO,False
Integra,ROLLING_RIDGE,ROLLING_RIDGE_W120_A10,"{""alpha"": 10.0, ""ventana"": 120}",0.0033443724585125543,0.005489772796221291,0.17270549969362325,0.6978093569859781,1.352425516587719,CORRECTO,False
Integra,ROLLING_RIDGE,ROLLING_RIDGE_W250_A0.001,"{""alpha"": 0.001, ""ventana"": 250}",0.003420669992705198,0.005558044287600465,0.15200087985212185,0.6861486392222862,1.3883164855883015,CORRECTO,False
Integra,ROLLING_RIDGE,ROLLING_RIDGE_W250_A0.1,"{""alpha"": 0.1, ""ventana"": 250}",0.003420543689104497,0.00555788467598787,0.15204958351715137,0.686151679589058,1.3882679866973893,CORRECTO,False
Integra,ROLLING_RIDGE,ROLLING_RIDGE_W250_A10,"{""alpha"": 10.0, ""ventana"": 250}",0.0034092544048040605,0.00554544305544436,0.15584169857714303,0.6869943271747422,1.3927881667569466,CORRECTO,False
Integra,ROLLING_RIDGE,ROLLING_RIDGE_W500_A0.001,"{""alpha"": 0.001, ""ventana"": 500}",0.0035051490901058004,0.0055996605858879105,0.13925441615880108,0.700012536140525,1.4751635566829882,CORRECTO,False
Integra,ROLLING_RIDGE,ROLLING_RIDGE_W500_A0.1,"{""alpha"": 0.1, ""ventana"": 500}",0.003505065114021548,0.0055996091122847425,0.13927024050111503,0.7000173887974742,1.4751721988148028,CORRECTO,False
Integra,ROLLING_RIDGE,ROLLING_RIDGE_W500_A10,"{""alpha"": 10.0, ""ventana"": 500}",0.0034969224736931,0.005594823380601021,0.14074086509033656,0.7005694972775481,1.4772512997318634,CORRECTO,False
Integra,ROLLING_RIDGE,ROLLING_RIDGE_W1000_A0.001,"{""alpha"": 0.001, ""ventana"": 1000}",0.003508517157646168,0.00559183138409591,0.14165964758675242,0.6806887710239217,1.350711989314136,CORRECTO,True
Integra,ROLLING_RIDGE,ROLLING_RIDGE_W1000_A0.1,"{""alpha"": 0.1, ""ventana"": 1000}",0.0035084755094562958,0.005591806090490322,0.14166741265395177,0.6806915954765115,1.3507175670149194,CORRECTO,False
Integra,ROLLING_RIDGE,ROLLING_RIDGE_W1000_A10,"{""alpha"": 10.0, ""ventana"": 1000}",0.003504362373080175,0.005589349160223036,0.14242151606257314,0.680990776070005,1.351942091514565,CORRECTO,False
Integra,EW_RIDGE,EW_RIDGE_HL60_A0.001,"{""alpha"": 0.001, ""half_life"": 60}",0.0033628097245758663,0.005505911970369934,0.16783408631937236,0.6833693890174279,1.3801304440813225,CORRECTO,False
Integra,EW_RIDGE,EW_RIDGE_HL60_A0.1,"{""alpha"": 0.1, ""half_life"": 60}",0.003362327818222925,0.005505551287377447,0.16794311031485576,0.6834198370539757,1.3799135333841095,CORRECTO,False
Integra,EW_RIDGE,EW_RIDGE_HL60_A10,"{""alpha"": 10.0, ""half_life"": 60}",0.003333338991428751,0.005487627595577526,0.173351925698628,0.6892150886294032,1.3695019734034335,CORRECTO,False
Integra,EW_RIDGE,EW_RIDGE_HL120_A0.001,"{""alpha"": 0.001, ""half_life"": 120}",0.003392699369244297,0.0055261018856149705,0.16171987154547318,0.6815917664372464,1.3901662453332888,CORRECTO,True
Integra,EW_RIDGE,EW_RIDGE_HL120_A0.1,"{""alpha"": 0.1, ""half_life"": 120}",0.003392524652643234,0.005525981475669021,0.1617564022383089,0.6816138419981712,1.3901512026707732,CORRECTO,False
Integra,EW_RIDGE,EW_RIDGE_HL120_A10,"{""alpha"": 10.0, ""half_life"": 120}",0.003377289817493856,0.005516602803696865,0.16459931455133558,0.6839972081339212,1.4035230837785173,CORRECTO,False
Integra,EW_RIDGE,EW_RIDGE_HL250_A0.001,"{""alpha"": 0.001, ""half_life"": 250}",0.0034354861370602093,0.005549724999713386,0.1545375523452327,0.6824334203642763,1.4091143523404481,CORRECTO,False
Integra,EW_RIDGE,EW_RIDGE_HL250_A0.1,"{""alpha"": 0.1, ""half_life"": 250}",0.0034354005611446203,0.005549680590400453,0.15455108319809052,0.6824434853692735,1.4092046314800921,CORRECTO,False
Integra,EW_RIDGE,EW_RIDGE_HL250_A10,"{""alpha"": 10.0, ""half_life"": 250}",0.0034276971051627183,0.005545599278503416,0.1557941356147472,0.6834815786019534,1.4176989259546606,CORRECTO,False
Integra,EW_RIDGE,EW_RIDGE_HL500_A0.001,"{""alpha"": 0.001, ""half_life"": 500}",0.003436865191302463,0.0055562629984249315,0.15254434065287614,0.6890250928177625,1.4110804284029488,CORRECTO,False
Integra,EW_RIDGE,EW_RIDGE_HL500_A0.1,"{""alpha"": 0.1, ""half_life"": 500}",0.003436827495730928,0.005556248255114528,0.15254883802287655,0.6890307433312246,1.411048777588575,CORRECTO,False
Integra,EW_RIDGE,EW_RIDGE_HL500_A10,"{""alpha"": 10.0, ""half_life"": 500}",0.0034331798128015728,0.005554842715822881,0.15297753565996164,0.6895941639689986,1.4099005442292614,CORRECTO,False
Prima,ARIMAX,ARIMAX_000,"{""order"": [0, 0, 0]}",0.0031179877235206505,0.004359679950646402,0.20091391128204505,0.6553415286629545,1.4170389770448741,CORRECTO,True
Prima,ARIMAX,ARIMAX_100,"{""order"": [1, 0, 0]}",0.0030950985110353266,0.004320064044157687,0.2153703349464069,0.6564195344982034,1.4191852869629356,CORRECTO,False
Prima,ARIMAX,ARIMAX_200,"{""order"": [2, 0, 0]}",0.0030799489932536693,0.004320914946665638,0.21506121494529018,0.6581796235681254,1.4057739970792127,CORRECTO,False
Prima,ARIMAX,ARIMAX_101,"{""order"": [1, 0, 1]}",0.003082723391524377,0.0043158888905727956,0.2168862228102274,0.655802736419435,1.3919503338268286,CORRECTO,False
Prima,ROLLING_RIDGE,ROLLING_RIDGE_W120_A0.001,"{""alpha"": 0.001, ""ventana"": 120}",0.0030859877057651587,0.004251870524301556,0.23994605821889015,0.6341112713047087,1.3324455032370437,CORRECTO,False
Prima,ROLLING_RIDGE,ROLLING_RIDGE_W120_A0.1,"{""alpha"": 0.1, ""ventana"": 120}",0.003085342708431235,0.004251360081081112,0.24012853841987136,0.6341128383648025,1.333045292183895,CORRECTO,False
Prima,ROLLING_RIDGE,ROLLING_RIDGE_W120_A10,"{""alpha"": 10.0, ""ventana"": 120}",0.003047755633990686,0.004231200141459062,0.24731806894730068,0.6369214536223853,1.341314867408881,CORRECTO,False
Prima,ROLLING_RIDGE,ROLLING_RIDGE_W250_A0.001,"{""alpha"": 0.001, ""ventana"": 250}",0.003156291906273665,0.004352571841813391,0.20351747877543458,0.6506731909618997,1.3603937667212729,CORRECTO,False
Prima,ROLLING_RIDGE,ROLLING_RIDGE_W250_A0.1,"{""alpha"": 0.1, ""ventana"": 250}",0.00315607978499694,0.004352268991116963,0.2036283129687192,0.650653566093542,1.3598474340260025,CORRECTO,False
Prima,ROLLING_RIDGE,ROLLING_RIDGE_W250_A10,"{""alpha"": 10.0, ""ventana"": 250}",0.00314024097507096,0.004330477901132326,0.2115829514847294,0.6495984771489396,1.376434557871269,CORRECTO,False
Prima,ROLLING_RIDGE,ROLLING_RIDGE_W500_A0.001,"{""alpha"": 0.001, ""ventana"": 500}",0.0031569354697338755,0.004341393325279797,0.20760336644505062,0.6537373729196132,1.4093690866648432,CORRECTO,False
Prima,ROLLING_RIDGE,ROLLING_RIDGE_W500_A0.1,"{""alpha"": 0.1, ""ventana"": 500}",0.0031568805769046967,0.004341350260586706,0.2076190868122345,0.6537331465671273,1.4093909375179303,CORRECTO,False
Prima,ROLLING_RIDGE,ROLLING_RIDGE_W500_A10,"{""alpha"": 10.0, ""ventana"": 500}",0.00315221408144039,0.004338038356233786,0.20882759966493325,0.6534584062997123,1.4119528656684313,CORRECTO,False
Prima,ROLLING_RIDGE,ROLLING_RIDGE_W1000_A0.001,"{""alpha"": 0.001, ""ventana"": 1000}",0.0032052347926626945,0.004350232143388496,0.20437353726396978,0.6203992332859596,1.3230486487871447,CORRECTO,True
Prima,ROLLING_RIDGE,ROLLING_RIDGE_W1000_A0.1,"{""alpha"": 0.1, ""ventana"": 1000}",0.0032052047171285615,0.0043502297470453125,0.20437441381191634,0.6204063214744696,1.3229875929989214,CORRECTO,False
Prima,ROLLING_RIDGE,ROLLING_RIDGE_W1000_A10,"{""alpha"": 10.0, ""ventana"": 1000}",0.003202326662513558,0.0043501275010652445,0.20441181347425819,0.6210865099058901,1.317440824189005,CORRECTO,False
Prima,EW_RIDGE,EW_RIDGE_HL60_A0.001,"{""alpha"": 0.001, ""half_life"": 60}",0.0030789734467383113,0.004253772488836477,0.2392659251063789,0.6372179534598178,1.362769079190956,CORRECTO,False
Prima,EW_RIDGE,EW_RIDGE_HL60_A0.1,"{""alpha"": 0.1, ""half_life"": 60}",0.0030780896201249987,0.00425319757190304,0.2394715446345096,0.6371918922976829,1.3629862355864881,CORRECTO,False
Prima,EW_RIDGE,EW_RIDGE_HL60_A10,"{""alpha"": 10.0, ""half_life"": 60}",0.0030448118267074197,0.004239235145483332,0.24445668470701254,0.6385346466332822,1.3535125356545041,CORRECTO,False
Prima,EW_RIDGE,EW_RIDGE_HL120_A0.001,"{""alpha"": 0.001, ""half_life"": 120}",0.0030916460097293653,0.004267214196552609,0.23445056591747004,0.6349382679628207,1.3422245008548443,CORRECTO,False
Prima,EW_RIDGE,EW_RIDGE_HL120_A0.1,"{""alpha"": 0.1, ""half_life"": 120}",0.003091375492665584,0.004267051578358536,0.23450891306790012,0.6349327523209553,1.343107917669623,CORRECTO,False
Prima,EW_RIDGE,EW_RIDGE_HL120_A10,"{""alpha"": 10.0, ""half_life"": 120}",0.0030754569440927058,0.004259708615884505,0.23714123929731,0.6352142699610195,1.3471658768668209,CORRECTO,False
Prima,EW_RIDGE,EW_RIDGE_HL250_A0.001,"{""alpha"": 0.001, ""half_life"": 250}",0.0031166559231239526,0.004285060892693232,0.22803368699945215,0.6292545652608367,1.339677791753391,CORRECTO,True
Prima,EW_RIDGE,EW_RIDGE_HL250_A0.1,"{""alpha"": 0.1, ""half_life"": 250}",0.003116580268141327,0.004285035875349397,0.228042700869168,0.6292566157984112,1.3400054152079965,CORRECTO,False
Prima,EW_RIDGE,EW_RIDGE_HL250_A10,"{""alpha"": 10.0, ""half_life"": 250}",0.0031109255755656954,0.004283976758862951,0.2284242573767159,0.6297912358996185,1.3491121812255682,CORRECTO,False
Prima,EW_RIDGE,EW_RIDGE_HL500_A0.001,"{""alpha"": 0.001, ""half_life"": 500}",0.0031258099070000326,0.004300585417866216,0.2224299767284147,0.631994923110548,1.33729641358537,CORRECTO,False
Prima,EW_RIDGE,EW_RIDGE_HL500_A0.1,"{""alpha"": 0.1, ""half_life"": 500}",0.003125784425750865,0.0043005942303573,0.22242679002927845,0.6320019029149588,1.3372754587296702,CORRECTO,False
Prima,EW_RIDGE,EW_RIDGE_HL500_A10,"{""alpha"": 10.0, ""half_life"": 500}",0.003123377180722548,0.004301721010257006,0.22201927953410938,0.6326709262715337,1.3361479741461495,CORRECTO,False
Profuturo,ARIMAX,ARIMAX_000,"{""order"": [0, 0, 0]}",0.0034067997495436193,0.0047351486495173225,0.1738127013600106,0.6958552926142011,1.5254091178022753,CORRECTO,True
Profuturo,ARIMAX,ARIMAX_100,"{""order"": [1, 0, 0]}",0.003393480239183552,0.004713036613671377,0.18151088753109212,0.7033303964079016,1.538633745754945,CORRECTO,False
Profuturo,ARIMAX,ARIMAX_200,"{""order"": [2, 0, 0]}",0.0033883912244922184,0.004713499162548469,0.18135022262273226,0.707922350772732,1.5548090334876703,CORRECTO,False
Profuturo,ARIMAX,ARIMAX_101,"{""order"": [1, 0, 1]}",0.0034094853165413906,0.004709897561363274,0.18260081096330172,0.6985439649725281,1.5496145443260148,CORRECTO,False
Profuturo,ROLLING_RIDGE,ROLLING_RIDGE_W120_A0.001,"{""alpha"": 0.001, ""ventana"": 120}",0.0033908459421810896,0.004649679736526295,0.20336871072449592,0.6850290412822165,1.4834051009836102,CORRECTO,False
Profuturo,ROLLING_RIDGE,ROLLING_RIDGE_W120_A0.1,"{""alpha"": 0.1, ""ventana"": 120}",0.0033905400351134807,0.004649244074319334,0.20351798805364607,0.6850482860966458,1.482395571890467,CORRECTO,False
Profuturo,ROLLING_RIDGE,ROLLING_RIDGE_W120_A10,"{""alpha"": 10.0, ""ventana"": 120}",0.0033721425398390925,0.004627982842021232,0.21078603780466798,0.6880122498249199,1.4569375352418248,CORRECTO,False
Profuturo,ROLLING_RIDGE,ROLLING_RIDGE_W250_A0.001,"{""alpha"": 0.001, ""ventana"": 250}",0.0034253936100131664,0.004690233194798011,0.18941203453148858,0.6755484834268872,1.485320595501426,CORRECTO,False
Profuturo,ROLLING_RIDGE,ROLLING_RIDGE_W250_A0.1,"{""alpha"": 0.1, ""ventana"": 250}",0.0034252530861451596,0.004690014983324411,0.18948745742517026,0.6755477749743166,1.4849495749779638,CORRECTO,False
Profuturo,ROLLING_RIDGE,ROLLING_RIDGE_W250_A10,"{""alpha"": 10.0, ""ventana"": 250}",0.0034129679578022852,0.004673808139953877,0.19507940274475377,0.6759995392970715,1.4687568476108148,CORRECTO,False
Profuturo,ROLLING_RIDGE,ROLLING_RIDGE_W500_A0.001,"{""alpha"": 0.001, ""ventana"": 500}",0.003525070420911114,0.0047711060079533235,0.16121740174074783,0.6838907998325552,1.5054257707702803,CORRECTO,False
Profuturo,ROLLING_RIDGE,ROLLING_RIDGE_W500_A0.1,"{""alpha"": 0.1, ""ventana"": 500}",0.0035249724851421377,0.004771029817601358,0.16124419076241592,0.6838993345366505,1.505296080247828,CORRECTO,False
Profuturo,ROLLING_RIDGE,ROLLING_RIDGE_W500_A10,"{""alpha"": 10.0, ""ventana"": 500}",0.0035156008236528554,0.004764051061388378,0.16369615249675562,0.6848215503600087,1.4931409171011234,CORRECTO,False
Profuturo,ROLLING_RIDGE,ROLLING_RIDGE_W1000_A0.001,"{""alpha"": 0.001, ""ventana"": 1000}",0.0035403058195599534,0.0047829772574977045,0.15703816728515818,0.6649939230662636,1.414925603649835,CORRECTO,True
Profuturo,ROLLING_RIDGE,ROLLING_RIDGE_W1000_A0.1,"{""alpha"": 0.1, ""ventana"": 1000}",0.0035402561541154095,0.004782940205251542,0.1570512275640059,0.6649985605705271,1.4149142162155575,CORRECTO,False
Profuturo,ROLLING_RIDGE,ROLLING_RIDGE_W1000_A10,"{""alpha"": 10.0, ""ventana"": 1000}",0.003535380302672114,0.004779338845626237,0.15832016200283738,0.6654605313957882,1.416487883166995,CORRECTO,False
Profuturo,EW_RIDGE,EW_RIDGE_HL60_A0.001,"{""alpha"": 0.001, ""half_life"": 60}",0.00337621520283421,0.004627744045549532,0.21086748004586298,0.6742602277956282,1.45134306109033,CORRECTO,False
Profuturo,EW_RIDGE,EW_RIDGE_HL60_A0.1,"{""alpha"": 0.1, ""half_life"": 60}",0.0033758715544560808,0.004627363877299848,0.21099712887835176,0.6742836154766442,1.4503022006324617,CORRECTO,False
Profuturo,EW_RIDGE,EW_RIDGE_HL60_A10,"{""alpha"": 10.0, ""half_life"": 60}",0.003355813837167386,0.0046120066496815795,0.21622550093389648,0.6791635518980682,1.4251205614221578,CORRECTO,False
Profuturo,EW_RIDGE,EW_RIDGE_HL120_A0.001,"{""alpha"": 0.001, ""half_life"": 120}",0.003421057500580777,0.0046681525473361435,0.19702623007248088,0.6684230371577581,1.4716884330600617,CORRECTO,False
Profuturo,EW_RIDGE,EW_RIDGE_HL120_A0.1,"{""alpha"": 0.1, ""half_life"": 120}",0.003420882496253619,0.004668002791478263,0.1970777485675267,0.6684427244760256,1.4716951353017833,CORRECTO,False
Profuturo,EW_RIDGE,EW_RIDGE_HL120_A10,"{""alpha"": 10.0, ""half_life"": 120}",0.003405049985668655,0.004656850966724672,0.2009095169104962,0.670763867015854,1.453476152481872,CORRECTO,False
Profuturo,EW_RIDGE,EW_RIDGE_HL250_A0.001,"{""alpha"": 0.001, ""half_life"": 250}",0.0034608249182424933,0.004708879197383054,0.18295424535960791,0.6678747339984191,1.4217648560819296,CORRECTO,True
Profuturo,EW_RIDGE,EW_RIDGE_HL250_A0.1,"{""alpha"": 0.1, ""half_life"": 250}",0.003460740227961587,0.004708819035628808,0.18297512276581474,0.6678877850043086,1.4219070445443671,CORRECTO,False
Profuturo,EW_RIDGE,EW_RIDGE_HL250_A10,"{""alpha"": 10.0, ""half_life"": 250}",0.0034525567097059597,0.004703321172052432,0.18488187220198993,0.6692541761794821,1.4278341592518868,CORRECTO,False
Profuturo,EW_RIDGE,EW_RIDGE_HL500_A0.001,"{""alpha"": 0.001, ""half_life"": 500}",0.0034583460055317176,0.004722403902917255,0.17825411526282575,0.6740893174740539,1.4373867051953315,CORRECTO,False
Profuturo,EW_RIDGE,EW_RIDGE_HL500_A0.1,"{""alpha"": 0.1, ""half_life"": 500}",0.0034583022368440395,0.0047223810065808525,0.17826208363020357,0.6740969410625876,1.4373495638616074,CORRECTO,False
Profuturo,EW_RIDGE,EW_RIDGE_HL500_A10,"{""alpha"": 10.0, ""half_life"": 500}",0.003453971926426432,0.00472017887001238,0.17902828914904845,0.6748559575535247,1.4366085977940117,CORRECTO,False
