periodo,afp,registros,identificadores_unicos,cambio_registros_pct,cambio_identificadores_pct,alerta_cambio_estructura,fuente
2015-01,Habitat,70,50,,,normal,hoja3
2015-02,Habitat,77,55,10.000000000000009,10.000000000000009,normal,hoja3
2015-03,Habitat,81,58,5.1948051948051965,5.454545454545445,normal,hoja3
2015-04,Habitat,84,61,3.703703703703698,5.1724137931034475,normal,hoja3
2015-05,Habitat,85,60,1.1904761904761862,-1.6393442622950838,normal,hoja3
2015-06,Habitat,86,62,1.17647058823529,3.3333333333333437,normal,hoja3
2015-07,Habitat,88,63,2.3255813953488413,1.6129032258064502,normal,hoja3
2015-08,Habitat,90,64,2.2727272727272707,1.5873015873015817,normal,hoja3
2015-09,Habitat,97,71,7.777777777777772,10.9375,normal,hoja3
2015-10,Habitat,98,74,1.0309278350515427,4.225352112676051,normal,hoja3
2015-11,Habitat,97,71,-1.0204081632653073,-4.054054054054057,normal,hoja3
2015-12,Habitat,95,73,-2.0618556701030966,2.8169014084507005,normal,hoja3
2016-01,Habitat,98,76,3.157894736842115,4.109589041095885,normal,hoja3
2016-02,Habitat,98,76,0.0,0.0,normal,hoja3
2016-03,Habitat,96,77,-2.0408163265306145,1.3157894736842035,normal,hoja3
2016-04,Habitat,97,73,1.041666666666674,-5.1948051948051965,normal,hoja3
2016-05,Habitat,103,76,6.185567010309279,4.109589041095885,normal,hoja3
2016-06,Habitat,101,76,-1.9417475728155331,0.0,normal,hoja3
2016-07,Habitat,102,76,0.990099009900991,0.0,normal,hoja3
2016-08,Habitat,104,78,1.9607843137254832,2.6315789473684292,normal,hoja3
2016-09,Habitat,99,75,-4.807692307692313,-3.8461538461538436,normal,hoja3
2016-10,Habitat,102,77,3.0303030303030276,2.6666666666666616,normal,hoja3
2016-11,Habitat,105,79,2.941176470588225,2.5974025974025983,normal,hoja3
2016-12,Habitat,102,79,-2.857142857142858,0.0,normal,hoja3
2017-01,Habitat,105,82,2.941176470588225,3.797468354430378,normal,hoja3
2017-02,Habitat,104,83,-0.952380952380949,1.2195121951219523,normal,hoja3
2017-03,Habitat,108,85,3.8461538461538547,2.4096385542168752,normal,hoja3
2017-04,Habitat,107,84,-0.92592592592593,-1.17647058823529,normal,hoja3
2017-05,Habitat,108,85,0.9345794392523255,1.1904761904761862,normal,hoja3
2017-06,Habitat,110,87,1.85185185185186,2.35294117647058,normal,hoja3
2017-07,Habitat,109,88,-0.9090909090909038,1.1494252873563315,normal,hoja3
2017-08,Habitat,112,89,2.752293577981657,1.1363636363636465,normal,hoja3
2017-09,Habitat,113,91,0.8928571428571397,2.2471910112359605,normal,hoja3
2017-10,Habitat,86,84,-23.893805309734518,-7.692307692307687,normal,hoja3
2017-11,Habitat,86,84,0.0,0.0,normal,hoja3
2017-12,Habitat,87,85,1.1627906976744207,1.1904761904761862,normal,hoja3
2018-01,Habitat,90,87,3.4482758620689724,2.35294117647058,normal,hoja3
2018-02,Habitat,87,86,-3.3333333333333326,-1.1494252873563204,normal,hoja3
2018-03,Habitat,88,87,1.1494252873563315,1.1627906976744207,normal,hoja3
2018-04,Habitat,7,4,-92.04545454545455,-95.40229885057472,revisar,hoja3
2018-05,Habitat,8,5,14.28571428571428,25.0,normal,hoja3
2018-06,Habitat,96,95,1100.0,1800.0,revisar,hoja3
2018-07,Habitat,92,92,-4.1666666666666625,-3.157894736842104,normal,hoja3
2018-08,Habitat,94,94,2.1739130434782705,2.1739130434782705,normal,hoja3
2018-09,Habitat,95,95,1.0638297872340496,1.0638297872340496,normal,hoja3
2018-10,Habitat,97,97,2.1052631578947434,2.1052631578947434,normal,hoja3
2018-11,Habitat,97,97,0.0,0.0,normal,hoja3
2018-12,Habitat,96,96,-1.0309278350515427,-1.0309278350515427,normal,hoja3
2019-01,Habitat,97,97,1.041666666666674,1.041666666666674,normal,hoja3
2019-02,Habitat,97,97,0.0,0.0,normal,hoja3
2019-03,Habitat,100,100,3.092783505154628,3.092783505154628,normal,hoja3
2019-04,Habitat,98,98,-2.0000000000000018,-2.0000000000000018,normal,hoja3
2019-05,Habitat,100,100,2.0408163265306145,2.0408163265306145,normal,hoja3
2019-06,Habitat,102,102,2.0000000000000018,2.0000000000000018,normal,hoja3
2019-07,Habitat,105,105,2.941176470588225,2.941176470588225,normal,hoja3
2019-08,Habitat,108,108,2.857142857142847,2.857142857142847,normal,hoja3
2019-09,Habitat,114,114,5.555555555555558,5.555555555555558,normal,hoja3
2019-10,Habitat,113,113,-0.8771929824561431,-0.8771929824561431,normal,hoja3
2019-11,Habitat,115,115,1.7699115044247815,1.7699115044247815,normal,hoja3
2019-12,Habitat,111,111,-3.4782608695652195,-3.4782608695652195,normal,hoja3
2020-01,Habitat,108,108,-2.7027027027026973,-2.7027027027026973,normal,hoja3
2020-02,Habitat,98,98,-9.259259259259256,-9.259259259259256,normal,hoja3
2020-03,Habitat,94,94,-4.081632653061229,-4.081632653061229,normal,hoja3
2020-04,Habitat,97,97,3.1914893617021267,3.1914893617021267,normal,hoja3
2020-05,Habitat,96,96,-1.0309278350515427,-1.0309278350515427,normal,hoja3
2020-06,Habitat,104,104,8.333333333333325,8.333333333333325,normal,hoja3
2020-07,Habitat,103,103,-0.9615384615384581,-0.9615384615384581,normal,hoja3
2020-08,Habitat,98,98,-4.854368932038833,-4.854368932038833,normal,hoja3
2020-09,Habitat,97,97,-1.0204081632653073,-1.0204081632653073,normal,hoja3
2020-10,Habitat,96,96,-1.0309278350515427,-1.0309278350515427,normal,hoja3
2020-11,Habitat,98,98,2.083333333333326,2.083333333333326,normal,hoja3
2020-12,Habitat,97,97,-1.0204081632653073,-1.0204081632653073,normal,hoja3
2021-01,Habitat,97,97,0.0,0.0,normal,hoja3
2021-02,Habitat,102,102,5.154639175257736,5.154639175257736,normal,hoja3
2021-03,Habitat,99,99,-2.941176470588236,-2.941176470588236,normal,hoja3
2021-04,Habitat,103,103,4.040404040404044,4.040404040404044,normal,hoja3
2021-05,Habitat,103,103,0.0,0.0,normal,hoja3
2021-06,Habitat,102,102,-0.9708737864077666,-0.9708737864077666,normal,hoja3
2021-07,Habitat,101,101,-0.9803921568627416,-0.9803921568627416,normal,hoja3
2021-08,Habitat,102,102,0.990099009900991,0.990099009900991,normal,hoja3
2021-09,Habitat,108,108,5.882352941176472,5.882352941176472,normal,hoja3
2021-10,Habitat,101,101,-6.481481481481477,-6.481481481481477,normal,hoja3
2021-11,Habitat,106,106,4.950495049504955,4.950495049504955,normal,hoja3
2021-12,Habitat,106,106,0.0,0.0,normal,hoja3
2022-01,Habitat,106,106,0.0,0.0,normal,hoja3
2022-02,Habitat,106,106,0.0,0.0,normal,hoja3
2022-03,Habitat,110,110,3.7735849056603765,3.7735849056603765,normal,hoja3
2022-04,Habitat,110,110,0.0,0.0,normal,hoja3
2022-05,Habitat,114,114,3.6363636363636376,3.6363636363636376,normal,hoja3
2022-06,Habitat,108,108,-5.263157894736848,-5.263157894736848,normal,hoja3
2022-07,Habitat,110,110,1.85185185185186,1.85185185185186,normal,hoja3
2022-08,Habitat,110,110,0.0,0.0,normal,hoja3
2022-09,Habitat,110,110,0.0,0.0,normal,hoja3
2022-10,Habitat,114,114,3.6363636363636376,3.6363636363636376,normal,hoja3
2022-11,Habitat,117,117,2.6315789473684292,2.6315789473684292,normal,hoja3
2022-12,Habitat,116,116,-0.8547008547008517,-0.8547008547008517,normal,hoja3
2023-01,Habitat,120,120,3.4482758620689724,3.4482758620689724,normal,hoja3
2023-02,Habitat,120,120,0.0,0.0,normal,hoja3
2023-03,Habitat,121,121,0.8333333333333304,0.8333333333333304,normal,hoja3
2023-04,Habitat,119,119,-1.6528925619834656,-1.6528925619834656,normal,hoja3
2023-05,Habitat,123,123,3.3613445378151363,3.3613445378151363,normal,hoja3
2023-06,Habitat,126,126,2.4390243902439046,2.4390243902439046,normal,hoja3
2023-07,Habitat,125,125,-0.7936507936507908,-0.7936507936507908,normal,hoja3
2023-08,Habitat,126,126,0.8000000000000007,0.8000000000000007,normal,hoja3
2023-09,Habitat,124,124,-1.5873015873015928,-1.5873015873015928,normal,hoja3
2023-10,Habitat,124,124,0.0,0.0,normal,hoja3
2023-11,Habitat,124,124,0.0,0.0,normal,hoja3
2023-12,Habitat,122,122,-1.6129032258064502,-1.6129032258064502,normal,hoja3
2024-01,Habitat,121,121,-0.8196721311475419,-0.8196721311475419,normal,hoja3
2024-02,Habitat,119,119,-1.6528925619834656,-1.6528925619834656,normal,hoja3
2024-03,Habitat,118,118,-0.8403361344537785,-0.8403361344537785,normal,hoja3
2024-04,Habitat,121,121,2.5423728813559254,2.5423728813559254,normal,hoja3
2024-05,Habitat,123,123,1.6528925619834656,1.6528925619834656,normal,hoja3
2024-06,Habitat,123,123,0.0,0.0,normal,hoja3
2024-07,Habitat,124,124,0.8130081300812941,0.8130081300812941,normal,hoja3
2024-08,Habitat,123,123,-0.8064516129032251,-0.8064516129032251,normal,hoja3
2024-09,Habitat,121,121,-1.6260162601625994,-1.6260162601625994,normal,hoja3
2024-10,Habitat,118,118,-2.4793388429752095,-2.4793388429752095,normal,hoja3
2024-11,Habitat,116,116,-1.6949152542372836,-1.6949152542372836,normal,hoja3
2024-12,Habitat,115,115,-0.8620689655172376,-0.8620689655172376,normal,hoja3
2025-01,Habitat,117,117,1.7391304347825987,1.7391304347825987,normal,hoja3
2025-02,Habitat,118,118,0.8547008547008517,0.8547008547008517,normal,hoja3
2025-03,Habitat,117,117,-0.8474576271186418,-0.8474576271186418,normal,hoja3
2025-04,Habitat,118,118,0.8547008547008517,0.8547008547008517,normal,hoja3
2025-05,Habitat,117,117,-0.8474576271186418,-0.8474576271186418,normal,hoja3
2025-06,Habitat,118,118,0.8547008547008517,0.8547008547008517,normal,hoja3
2025-07,Habitat,118,118,0.0,0.0,normal,hoja3
2025-08,Habitat,120,120,1.6949152542372836,1.6949152542372836,normal,hoja3
2025-09,Habitat,120,120,0.0,0.0,normal,hoja3
2025-10,Habitat,115,115,-4.1666666666666625,-4.1666666666666625,normal,hoja3
2025-11,Habitat,116,116,0.8695652173912993,0.8695652173912993,normal,hoja3
2025-12,Habitat,116,116,0.0,0.0,normal,hoja3
2026-01,Habitat,116,116,0.0,0.0,normal,hoja3
2015-01,Integra,144,113,,,normal,hoja3
2015-02,Integra,142,111,-1.388888888888884,-1.7699115044247815,normal,hoja3
2015-03,Integra,140,114,-1.4084507042253502,2.7027027027026973,normal,hoja3
2015-04,Integra,136,110,-2.857142857142858,-3.508771929824561,normal,hoja3
2015-05,Integra,136,110,0.0,0.0,normal,hoja3
2015-06,Integra,135,110,-0.7352941176470562,0.0,normal,hoja3
2015-07,Integra,145,117,7.407407407407418,6.363636363636371,normal,hoja3
2015-08,Integra,140,114,-3.4482758620689613,-2.564102564102566,normal,hoja3
2015-09,Integra,145,118,3.571428571428581,3.5087719298245723,normal,hoja3
2015-10,Integra,152,119,4.827586206896561,0.8474576271186418,normal,hoja3
2015-11,Integra,151,120,-0.6578947368421018,0.8403361344537785,normal,hoja3
2015-12,Integra,148,116,-1.9867549668874163,-3.3333333333333326,normal,hoja3
2016-01,Integra,143,113,-3.378378378378377,-2.5862068965517238,normal,hoja3
2016-02,Integra,146,113,2.0979020979021046,0.0,normal,hoja3
2016-03,Integra,145,112,-0.6849315068493178,-0.8849557522123908,normal,hoja3
2016-04,Integra,145,111,0.0,-0.8928571428571397,normal,hoja3
2016-05,Integra,145,111,0.0,0.0,normal,hoja3
2016-06,Integra,143,110,-1.379310344827589,-0.9009009009009028,normal,hoja3
2016-07,Integra,149,113,4.195804195804187,2.7272727272727337,normal,hoja3
2016-08,Integra,166,126,11.409395973154357,11.504424778761058,normal,hoja3
2016-09,Integra,168,129,1.2048192771084265,2.3809523809523725,normal,hoja3
2016-10,Integra,168,128,0.0,-0.7751937984496138,normal,hoja3
2016-11,Integra,167,127,-0.5952380952380931,-0.78125,normal,hoja3
2016-12,Integra,168,128,0.5988023952095745,0.7874015748031482,normal,hoja3
2017-01,Integra,164,125,-2.3809523809523836,-2.34375,normal,hoja3
2017-02,Integra,168,127,2.4390243902439046,1.6000000000000014,normal,hoja3
2017-03,Integra,171,127,1.7857142857142794,0.0,normal,hoja3
2017-04,Integra,168,125,-1.7543859649122862,-1.5748031496062964,normal,hoja3
2017-05,Integra,167,125,-0.5952380952380931,0.0,normal,hoja3
2017-06,Integra,170,128,1.7964071856287456,2.400000000000002,normal,hoja3
2017-07,Integra,170,127,0.0,-0.78125,normal,hoja3
2017-08,Integra,174,129,2.35294117647058,1.5748031496062964,normal,hoja3
2017-09,Integra,165,127,-5.1724137931034475,-1.5503875968992276,normal,hoja3
2017-10,Integra,117,116,-29.09090909090909,-8.661417322834641,normal,hoja3
2017-11,Integra,119,118,1.7094017094017033,1.724137931034475,normal,hoja3
2017-12,Integra,118,117,-0.8403361344537785,-0.8474576271186418,normal,hoja3
2018-01,Integra,116,115,-1.6949152542372836,-1.7094017094017144,normal,hoja3
2018-02,Integra,118,117,1.724137931034475,1.7391304347825987,normal,hoja3
2018-03,Integra,116,115,-1.6949152542372836,-1.7094017094017144,normal,hoja3
2018-04,Integra,5,4,-95.6896551724138,-96.52173913043478,revisar,hoja3
2018-05,Integra,4,4,-19.999999999999996,0.0,normal,hoja3
2018-06,Integra,113,113,2725.0,2725.0,revisar,hoja3
2018-07,Integra,105,105,-7.079646017699115,-7.079646017699115,normal,hoja3
2018-08,Integra,108,108,2.857142857142847,2.857142857142847,normal,hoja3
2018-09,Integra,108,108,0.0,0.0,normal,hoja3
2018-10,Integra,109,109,0.92592592592593,0.92592592592593,normal,hoja3
2018-11,Integra,110,110,0.917431192660545,0.917431192660545,normal,hoja3
2018-12,Integra,107,107,-2.7272727272727226,-2.7272727272727226,normal,hoja3
2019-01,Integra,108,108,0.9345794392523255,0.9345794392523255,normal,hoja3
2019-02,Integra,107,107,-0.92592592592593,-0.92592592592593,normal,hoja3
2019-03,Integra,110,110,2.8037383177569986,2.8037383177569986,normal,hoja3
2019-04,Integra,111,111,0.9090909090909038,0.9090909090909038,normal,hoja3
2019-05,Integra,116,116,4.504504504504503,4.504504504504503,normal,hoja3
2019-06,Integra,112,112,-3.4482758620689613,-3.4482758620689613,normal,hoja3
2019-07,Integra,108,108,-3.57142857142857,-3.57142857142857,normal,hoja3
2019-08,Integra,108,108,0.0,0.0,normal,hoja3
2019-09,Integra,110,110,1.85185185185186,1.85185185185186,normal,hoja3
2019-10,Integra,110,110,0.0,0.0,normal,hoja3
2019-11,Integra,114,114,3.6363636363636376,3.6363636363636376,normal,hoja3
2019-12,Integra,107,107,-6.140350877192979,-6.140350877192979,normal,hoja3
2020-01,Integra,105,105,-1.869158878504673,-1.869158878504673,normal,hoja3
2020-02,Integra,105,105,0.0,0.0,normal,hoja3
2020-03,Integra,103,103,-1.904761904761909,-1.904761904761909,normal,hoja3
2020-04,Integra,103,103,0.0,0.0,normal,hoja3
2020-05,Integra,98,98,-4.854368932038833,-4.854368932038833,normal,hoja3
2020-06,Integra,98,98,0.0,0.0,normal,hoja3
2020-07,Integra,99,99,1.0204081632652962,1.0204081632652962,normal,hoja3
2020-08,Integra,100,100,1.0101010101010166,1.0101010101010166,normal,hoja3
2020-09,Integra,99,99,-1.0000000000000009,-1.0000000000000009,normal,hoja3
2020-10,Integra,99,99,0.0,0.0,normal,hoja3
2020-11,Integra,94,94,-5.05050505050505,-5.05050505050505,normal,hoja3
2020-12,Integra,94,94,0.0,0.0,normal,hoja3
2021-01,Integra,99,99,5.319148936170204,5.319148936170204,normal,hoja3
2021-02,Integra,98,98,-1.0101010101010055,-1.0101010101010055,normal,hoja3
2021-03,Integra,100,100,2.0408163265306145,2.0408163265306145,normal,hoja3
2021-04,Integra,100,100,0.0,0.0,normal,hoja3
2021-05,Integra,100,100,0.0,0.0,normal,hoja3
2021-06,Integra,96,96,-4.0000000000000036,-4.0000000000000036,normal,hoja3
2021-07,Integra,97,97,1.041666666666674,1.041666666666674,normal,hoja3
2021-08,Integra,98,98,1.0309278350515427,1.0309278350515427,normal,hoja3
2021-09,Integra,98,98,0.0,0.0,normal,hoja3
2021-10,Integra,97,97,-1.0204081632653073,-1.0204081632653073,normal,hoja3
2021-11,Integra,99,99,2.0618556701030855,2.0618556701030855,normal,hoja3
2021-12,Integra,100,100,1.0101010101010166,1.0101010101010166,normal,hoja3
2022-01,Integra,100,100,0.0,0.0,normal,hoja3
2022-02,Integra,100,100,0.0,0.0,normal,hoja3
2022-03,Integra,97,97,-3.0000000000000027,-3.0000000000000027,normal,hoja3
2022-04,Integra,97,97,0.0,0.0,normal,hoja3
2022-05,Integra,95,95,-2.0618556701030966,-2.0618556701030966,normal,hoja3
2022-06,Integra,94,94,-1.0526315789473717,-1.0526315789473717,normal,hoja3
2022-07,Integra,92,92,-2.127659574468088,-2.127659574468088,normal,hoja3
2022-08,Integra,94,94,2.1739130434782705,2.1739130434782705,normal,hoja3
2022-09,Integra,93,93,-1.0638297872340385,-1.0638297872340385,normal,hoja3
2022-10,Integra,92,92,-1.0752688172043001,-1.0752688172043001,normal,hoja3
2022-11,Integra,90,90,-2.1739130434782594,-2.1739130434782594,normal,hoja3
2022-12,Integra,91,91,1.1111111111111072,1.1111111111111072,normal,hoja3
2023-01,Integra,91,91,0.0,0.0,normal,hoja3
2023-02,Integra,90,90,-1.098901098901095,-1.098901098901095,normal,hoja3
2023-03,Integra,89,89,-1.1111111111111072,-1.1111111111111072,normal,hoja3
2023-04,Integra,92,92,3.370786516853941,3.370786516853941,normal,hoja3
2023-05,Integra,92,92,0.0,0.0,normal,hoja3
2023-06,Integra,87,87,-5.434782608695654,-5.434782608695654,normal,hoja3
2023-07,Integra,89,89,2.298850574712641,2.298850574712641,normal,hoja3
2023-08,Integra,95,95,6.741573033707859,6.741573033707859,normal,hoja3
2023-09,Integra,96,96,1.0526315789473717,1.0526315789473717,normal,hoja3
2023-10,Integra,92,92,-4.1666666666666625,-4.1666666666666625,normal,hoja3
2023-11,Integra,89,89,-3.2608695652173947,-3.2608695652173947,normal,hoja3
2023-12,Integra,92,92,3.370786516853941,3.370786516853941,normal,hoja3
2024-01,Integra,94,94,2.1739130434782705,2.1739130434782705,normal,hoja3
2024-02,Integra,94,94,0.0,0.0,normal,hoja3
2024-03,Integra,94,94,0.0,0.0,normal,hoja3
2024-04,Integra,91,91,-3.1914893617021267,-3.1914893617021267,normal,hoja3
2024-05,Integra,92,92,1.098901098901095,1.098901098901095,normal,hoja3
2024-06,Integra,94,94,2.1739130434782705,2.1739130434782705,normal,hoja3
2024-07,Integra,95,95,1.0638297872340496,1.0638297872340496,normal,hoja3
2024-08,Integra,89,89,-6.315789473684208,-6.315789473684208,normal,hoja3
2024-09,Integra,92,92,3.370786516853941,3.370786516853941,normal,hoja3
2024-10,Integra,91,91,-1.0869565217391353,-1.0869565217391353,normal,hoja3
2024-11,Integra,92,92,1.098901098901095,1.098901098901095,normal,hoja3
2024-12,Integra,93,93,1.0869565217391353,1.0869565217391353,normal,hoja3
2025-01,Integra,93,93,0.0,0.0,normal,hoja3
2025-02,Integra,95,95,2.1505376344086002,2.1505376344086002,normal,hoja3
2025-03,Integra,95,95,0.0,0.0,normal,hoja3
2025-04,Integra,95,95,0.0,0.0,normal,hoja3
2025-05,Integra,97,97,2.1052631578947434,2.1052631578947434,normal,hoja3
2025-06,Integra,95,95,-2.0618556701030966,-2.0618556701030966,normal,hoja3
2025-07,Integra,95,95,0.0,0.0,normal,hoja3
2025-08,Integra,98,98,3.157894736842115,3.157894736842115,normal,hoja3
2025-09,Integra,102,102,4.081632653061229,4.081632653061229,normal,hoja3
2025-10,Integra,102,102,0.0,0.0,normal,hoja3
2025-11,Integra,100,100,-1.9607843137254943,-1.9607843137254943,normal,hoja3
2025-12,Integra,101,101,1.0000000000000009,1.0000000000000009,normal,hoja3
2026-01,Integra,101,101,0.0,0.0,normal,hoja3
2015-01,Prima,103,85,,,normal,hoja3
2015-02,Prima,105,86,1.9417475728155331,1.17647058823529,normal,hoja3
2015-03,Prima,104,86,-0.952380952380949,0.0,normal,hoja3
2015-04,Prima,103,84,-0.9615384615384581,-2.3255813953488413,normal,hoja3
2015-05,Prima,108,88,4.854368932038833,4.761904761904767,normal,hoja3
2015-06,Prima,114,94,5.555555555555558,6.818181818181812,normal,hoja3
2015-07,Prima,117,96,2.6315789473684292,2.127659574468077,normal,hoja3
2015-08,Prima,113,93,-3.4188034188034178,-3.125,normal,hoja3
2015-09,Prima,118,97,4.424778761061954,4.3010752688172005,normal,hoja3
2015-10,Prima,124,103,5.084745762711873,6.185567010309279,normal,hoja3
2015-11,Prima,117,96,-5.645161290322576,-6.796116504854366,normal,hoja3
2015-12,Prima,120,97,2.564102564102555,1.041666666666674,normal,hoja3
2016-01,Prima,115,92,-4.1666666666666625,-5.154639175257736,normal,hoja3
2016-02,Prima,112,90,-2.608695652173909,-2.1739130434782594,normal,hoja3
2016-03,Prima,114,92,1.7857142857142794,2.2222222222222143,normal,hoja3
2016-04,Prima,117,95,2.6315789473684292,3.2608695652173836,normal,hoja3
2016-05,Prima,115,93,-1.7094017094017144,-2.1052631578947323,normal,hoja3
2016-06,Prima,114,92,-0.8695652173912993,-1.0752688172043001,normal,hoja3
2016-07,Prima,111,89,-2.631578947368418,-3.2608695652173947,normal,hoja3
2016-08,Prima,113,91,1.8018018018018056,2.2471910112359605,normal,hoja3
2016-09,Prima,116,93,2.6548672566371723,2.19780219780219,normal,hoja3
2016-10,Prima,117,96,0.8620689655172376,3.2258064516129004,normal,hoja3
2016-11,Prima,119,97,1.7094017094017033,1.041666666666674,normal,hoja3
2016-12,Prima,117,96,-1.6806722689075682,-1.0309278350515427,normal,hoja3
2017-01,Prima,116,95,-0.8547008547008517,-1.041666666666663,normal,hoja3
2017-02,Prima,112,92,-3.4482758620689613,-3.157894736842104,normal,hoja3
2017-03,Prima,112,92,0.0,0.0,normal,hoja3
2017-04,Prima,115,94,2.678571428571419,2.1739130434782705,normal,hoja3
2017-05,Prima,106,88,-7.826086956521738,-6.382978723404253,normal,hoja3
2017-06,Prima,106,87,0.0,-1.1363636363636354,normal,hoja3
2017-07,Prima,106,88,0.0,1.1494252873563315,normal,hoja3
2017-08,Prima,107,88,0.9433962264151052,0.0,normal,hoja3
2017-09,Prima,105,86,-1.869158878504673,-2.2727272727272707,normal,hoja3
2017-10,Prima,77,77,-26.66666666666667,-10.465116279069765,normal,hoja3
2017-11,Prima,78,78,1.298701298701288,1.298701298701288,normal,hoja3
2017-12,Prima,76,76,-2.564102564102566,-2.564102564102566,normal,hoja3
2018-01,Prima,75,75,-1.3157894736842146,-1.3157894736842146,normal,hoja3
2018-02,Prima,74,74,-1.3333333333333308,-1.3333333333333308,normal,hoja3
2018-03,Prima,75,75,1.3513513513513598,1.3513513513513598,normal,hoja3
2018-04,Prima,4,4,-94.66666666666667,-94.66666666666667,revisar,hoja3
2018-05,Prima,4,4,0.0,0.0,normal,hoja3
2018-06,Prima,76,76,1800.0,1800.0,revisar,hoja3
2018-07,Prima,76,76,0.0,0.0,normal,hoja3
2018-08,Prima,79,79,3.9473684210526327,3.9473684210526327,normal,hoja3
2018-09,Prima,79,79,0.0,0.0,normal,hoja3
2018-10,Prima,78,78,-1.2658227848101222,-1.2658227848101222,normal,hoja3
2018-11,Prima,81,81,3.8461538461538547,3.8461538461538547,normal,hoja3
2018-12,Prima,81,81,0.0,0.0,normal,hoja3
2019-01,Prima,81,81,0.0,0.0,normal,hoja3
2019-02,Prima,80,80,-1.2345679012345734,-1.2345679012345734,normal,hoja3
2019-03,Prima,80,80,0.0,0.0,normal,hoja3
2019-04,Prima,80,80,0.0,0.0,normal,hoja3
2019-05,Prima,80,80,0.0,0.0,normal,hoja3
2019-06,Prima,80,80,0.0,0.0,normal,hoja3
2019-07,Prima,78,78,-2.500000000000002,-2.500000000000002,normal,hoja3
2019-08,Prima,77,77,-1.2820512820512775,-1.2820512820512775,normal,hoja3
2019-09,Prima,76,76,-1.2987012987012991,-1.2987012987012991,normal,hoja3
2019-10,Prima,77,77,1.3157894736842035,1.3157894736842035,normal,hoja3
2019-11,Prima,77,77,0.0,0.0,normal,hoja3
2019-12,Prima,76,76,-1.2987012987012991,-1.2987012987012991,normal,hoja3
2020-01,Prima,74,74,-2.631578947368418,-2.631578947368418,normal,hoja3
2020-02,Prima,72,72,-2.7027027027026973,-2.7027027027026973,normal,hoja3
2020-03,Prima,68,68,-5.555555555555558,-5.555555555555558,normal,hoja3
2020-04,Prima,68,68,0.0,0.0,normal,hoja3
2020-05,Prima,66,66,-2.941176470588236,-2.941176470588236,normal,hoja3
2020-06,Prima,67,67,1.5151515151515138,1.5151515151515138,normal,hoja3
2020-07,Prima,65,65,-2.985074626865669,-2.985074626865669,normal,hoja3
2020-08,Prima,67,67,3.076923076923066,3.076923076923066,normal,hoja3
2020-09,Prima,67,67,0.0,0.0,normal,hoja3
2020-10,Prima,68,68,1.4925373134328401,1.4925373134328401,normal,hoja3
2020-11,Prima,69,69,1.4705882352941124,1.4705882352941124,normal,hoja3
2020-12,Prima,69,69,0.0,0.0,normal,hoja3
2021-01,Prima,72,72,4.347826086956519,4.347826086956519,normal,hoja3
2021-02,Prima,72,72,0.0,0.0,normal,hoja3
2021-03,Prima,72,72,0.0,0.0,normal,hoja3
2021-04,Prima,74,74,2.777777777777768,2.777777777777768,normal,hoja3
2021-05,Prima,78,78,5.405405405405395,5.405405405405395,normal,hoja3
2021-06,Prima,77,77,-1.2820512820512775,-1.2820512820512775,normal,hoja3
2021-07,Prima,78,78,1.298701298701288,1.298701298701288,normal,hoja3
2021-08,Prima,79,79,1.2820512820512775,1.2820512820512775,normal,hoja3
2021-09,Prima,79,79,0.0,0.0,normal,hoja3
2021-10,Prima,80,80,1.2658227848101333,1.2658227848101333,normal,hoja3
2021-11,Prima,77,77,-3.749999999999998,-3.749999999999998,normal,hoja3
2021-12,Prima,78,78,1.298701298701288,1.298701298701288,normal,hoja3
2022-01,Prima,80,80,2.564102564102555,2.564102564102555,normal,hoja3
2022-02,Prima,79,79,-1.2499999999999956,-1.2499999999999956,normal,hoja3
2022-03,Prima,76,76,-3.797468354430378,-3.797468354430378,normal,hoja3
2022-04,Prima,76,76,0.0,0.0,normal,hoja3
2022-05,Prima,77,77,1.3157894736842035,1.3157894736842035,normal,hoja3
2022-06,Prima,76,76,-1.2987012987012991,-1.2987012987012991,normal,hoja3
2022-07,Prima,78,78,2.6315789473684292,2.6315789473684292,normal,hoja3
2022-08,Prima,77,77,-1.2820512820512775,-1.2820512820512775,normal,hoja3
2022-09,Prima,79,79,2.5974025974025983,2.5974025974025983,normal,hoja3
2022-10,Prima,76,76,-3.797468354430378,-3.797468354430378,normal,hoja3
2022-11,Prima,77,77,1.3157894736842035,1.3157894736842035,normal,hoja3
2022-12,Prima,77,77,0.0,0.0,normal,hoja3
2023-01,Prima,77,77,0.0,0.0,normal,hoja3
2023-02,Prima,74,74,-3.8961038961038974,-3.8961038961038974,normal,hoja3
2023-03,Prima,67,67,-9.459459459459463,-9.459459459459463,normal,hoja3
2023-04,Prima,73,73,8.955223880597018,8.955223880597018,normal,hoja3
2023-05,Prima,74,74,1.3698630136986356,1.3698630136986356,normal,hoja3
2023-06,Prima,76,76,2.7027027027026973,2.7027027027026973,normal,hoja3
2023-07,Prima,70,70,-7.8947368421052655,-7.8947368421052655,normal,hoja3
2023-08,Prima,68,68,-2.857142857142858,-2.857142857142858,normal,hoja3
2023-09,Prima,70,70,2.941176470588225,2.941176470588225,normal,hoja3
2023-10,Prima,68,68,-2.857142857142858,-2.857142857142858,normal,hoja3
2023-11,Prima,65,65,-4.411764705882348,-4.411764705882348,normal,hoja3
2023-12,Prima,65,65,0.0,0.0,normal,hoja3
2024-01,Prima,62,62,-4.61538461538461,-4.61538461538461,normal,hoja3
2024-02,Prima,60,60,-3.2258064516129004,-3.2258064516129004,normal,hoja3
2024-03,Prima,63,63,5.000000000000004,5.000000000000004,normal,hoja3
2024-04,Prima,61,61,-3.1746031746031744,-3.1746031746031744,normal,hoja3
2024-05,Prima,63,63,3.2786885245901676,3.2786885245901676,normal,hoja3
2024-06,Prima,63,63,0.0,0.0,normal,hoja3
2024-07,Prima,62,62,-1.5873015873015928,-1.5873015873015928,normal,hoja3
2024-08,Prima,57,57,-8.064516129032262,-8.064516129032262,normal,hoja3
2024-09,Prima,59,59,3.5087719298245723,3.5087719298245723,normal,hoja3
2024-10,Prima,60,60,1.6949152542372836,1.6949152542372836,normal,hoja3
2024-11,Prima,60,60,0.0,0.0,normal,hoja3
2024-12,Prima,60,60,0.0,0.0,normal,hoja3
2025-01,Prima,59,59,-1.6666666666666718,-1.6666666666666718,normal,hoja3
2025-02,Prima,60,60,1.6949152542372836,1.6949152542372836,normal,hoja3
2025-03,Prima,60,60,0.0,0.0,normal,hoja3
2025-04,Prima,60,60,0.0,0.0,normal,hoja3
2025-05,Prima,61,61,1.6666666666666607,1.6666666666666607,normal,hoja3
2025-06,Prima,60,60,-1.6393442622950838,-1.6393442622950838,normal,hoja3
2025-07,Prima,56,56,-6.666666666666665,-6.666666666666665,normal,hoja3
2025-08,Prima,57,57,1.7857142857142794,1.7857142857142794,normal,hoja3
2025-09,Prima,58,58,1.7543859649122862,1.7543859649122862,normal,hoja3
2025-10,Prima,60,60,3.4482758620689724,3.4482758620689724,normal,hoja3
2025-11,Prima,59,59,-1.6666666666666718,-1.6666666666666718,normal,hoja3
2025-12,Prima,60,60,1.6949152542372836,1.6949152542372836,normal,hoja3
2026-01,Prima,58,58,-3.3333333333333326,-3.3333333333333326,normal,hoja3
2015-01,Profuturo,151,119,,,normal,hoja3
2015-02,Profuturo,151,117,0.0,-1.6806722689075682,normal,hoja3
2015-03,Profuturo,151,119,0.0,1.7094017094017033,normal,hoja3
2015-04,Profuturo,152,117,0.6622516556291425,-1.6806722689075682,normal,hoja3
2015-05,Profuturo,146,115,-3.9473684210526327,-1.7094017094017144,normal,hoja3
2015-06,Profuturo,152,118,4.109589041095885,2.60869565217392,normal,hoja3
2015-07,Profuturo,152,119,0.0,0.8474576271186418,normal,hoja3
2015-08,Profuturo,149,117,-1.9736842105263164,-1.6806722689075682,normal,hoja3
2015-09,Profuturo,157,120,5.369127516778516,2.564102564102555,normal,hoja3
2015-10,Profuturo,152,116,-3.1847133757961776,-3.3333333333333326,normal,hoja3
2015-11,Profuturo,150,114,-1.3157894736842146,-1.7241379310344862,normal,hoja3
2015-12,Profuturo,150,115,0.0,0.8771929824561431,normal,hoja3
2016-01,Profuturo,150,114,0.0,-0.8695652173912993,normal,hoja3
2016-02,Profuturo,146,113,-2.6666666666666616,-0.8771929824561431,normal,hoja3
2016-03,Profuturo,140,109,-4.109589041095896,-3.539823008849563,normal,hoja3
2016-04,Profuturo,144,112,2.857142857142847,2.752293577981657,normal,hoja3
2016-05,Profuturo,146,113,1.388888888888884,0.8928571428571397,normal,hoja3
2016-06,Profuturo,146,112,0.0,-0.8849557522123908,normal,hoja3
2016-07,Profuturo,152,117,4.109589041095885,4.464285714285721,normal,hoja3
2016-08,Profuturo,151,116,-0.6578947368421018,-0.8547008547008517,normal,hoja3
2016-09,Profuturo,145,112,-3.9735099337748325,-3.4482758620689613,normal,hoja3
2016-10,Profuturo,149,113,2.758620689655178,0.8928571428571397,normal,hoja3
2016-11,Profuturo,144,112,-3.3557046979865723,-0.8849557522123908,normal,hoja3
2016-12,Profuturo,145,113,0.694444444444442,0.8928571428571397,normal,hoja3
2017-01,Profuturo,145,112,0.0,-0.8849557522123908,normal,hoja3
2017-02,Profuturo,148,113,2.0689655172413834,0.8928571428571397,normal,hoja3
2017-03,Profuturo,155,115,4.729729729729737,1.7699115044247815,normal,hoja3
2017-04,Profuturo,151,111,-2.580645161290318,-3.4782608695652195,normal,hoja3
2017-05,Profuturo,149,111,-1.3245033112582738,0.0,normal,hoja3
2017-06,Profuturo,155,115,4.026845637583887,3.603603603603611,normal,hoja3
2017-07,Profuturo,152,112,-1.9354838709677469,-2.608695652173909,normal,hoja3
2017-08,Profuturo,149,112,-1.9736842105263164,0.0,normal,hoja3
2017-09,Profuturo,155,115,4.026845637583887,2.678571428571419,normal,hoja3
2017-10,Profuturo,102,101,-34.193548387096776,-12.173913043478258,normal,hoja3
2017-11,Profuturo,99,98,-2.941176470588236,-2.970297029702973,normal,hoja3
2017-12,Profuturo,98,97,-1.0101010101010055,-1.0204081632653073,normal,hoja3
2018-01,Profuturo,98,97,0.0,0.0,normal,hoja3
2018-02,Profuturo,98,97,0.0,0.0,normal,hoja3
2018-03,Profuturo,95,94,-3.0612244897959218,-3.0927835051546393,normal,hoja3
2018-04,Profuturo,8,7,-91.57894736842105,-92.5531914893617,revisar,hoja3
2018-05,Profuturo,7,6,-12.5,-14.28571428571429,normal,hoja3
2018-06,Profuturo,95,94,1257.142857142857,1466.6666666666665,revisar,hoja3
2018-07,Profuturo,94,93,-1.0526315789473717,-1.0638297872340385,normal,hoja3
2018-08,Profuturo,93,92,-1.0638297872340385,-1.0752688172043001,normal,hoja3
2018-09,Profuturo,92,91,-1.0752688172043001,-1.0869565217391353,normal,hoja3
2018-10,Profuturo,94,93,2.1739130434782705,2.19780219780219,normal,hoja3
2018-11,Profuturo,96,95,2.127659574468077,2.1505376344086002,normal,hoja3
2018-12,Profuturo,95,94,-1.041666666666663,-1.0526315789473717,normal,hoja3
2019-01,Profuturo,100,99,5.263157894736836,5.319148936170204,normal,hoja3
2019-02,Profuturo,101,100,1.0000000000000009,1.0101010101010166,normal,hoja3
2019-03,Profuturo,100,99,-0.990099009900991,-1.0000000000000009,normal,hoja3
2019-04,Profuturo,100,99,0.0,0.0,normal,hoja3
2019-05,Profuturo,101,100,1.0000000000000009,1.0101010101010166,normal,hoja3
2019-06,Profuturo,101,100,0.0,0.0,normal,hoja3
2019-07,Profuturo,102,101,0.990099009900991,1.0000000000000009,normal,hoja3
2019-08,Profuturo,101,100,-0.9803921568627416,-0.990099009900991,normal,hoja3
2019-09,Profuturo,99,98,-1.980198019801982,-2.0000000000000018,normal,hoja3
2019-10,Profuturo,99,98,0.0,0.0,normal,hoja3
2019-11,Profuturo,102,101,3.0303030303030276,3.0612244897959107,normal,hoja3
2019-12,Profuturo,101,100,-0.9803921568627416,-0.990099009900991,normal,hoja3
2020-01,Profuturo,100,99,-0.990099009900991,-1.0000000000000009,normal,hoja3
2020-02,Profuturo,101,100,1.0000000000000009,1.0101010101010166,normal,hoja3
2020-03,Profuturo,100,99,-0.990099009900991,-1.0000000000000009,normal,hoja3
2020-04,Profuturo,99,98,-1.0000000000000009,-1.0101010101010055,normal,hoja3
2020-05,Profuturo,99,98,0.0,0.0,normal,hoja3
2020-06,Profuturo,97,96,-2.020202020202022,-2.0408163265306145,normal,hoja3
2020-07,Profuturo,97,96,0.0,0.0,normal,hoja3
2020-08,Profuturo,95,95,-2.0618556701030966,-1.041666666666663,normal,hoja3
2020-09,Profuturo,94,94,-1.0526315789473717,-1.0526315789473717,normal,hoja3
2020-10,Profuturo,92,92,-2.127659574468088,-2.127659574468088,normal,hoja3
2020-11,Profuturo,94,94,2.1739130434782705,2.1739130434782705,normal,hoja3
2020-12,Profuturo,93,93,-1.0638297872340385,-1.0638297872340385,normal,hoja3
2021-01,Profuturo,93,93,0.0,0.0,normal,hoja3
2021-02,Profuturo,95,95,2.1505376344086002,2.1505376344086002,normal,hoja3
2021-03,Profuturo,94,94,-1.0526315789473717,-1.0526315789473717,normal,hoja3
2021-04,Profuturo,93,93,-1.0638297872340385,-1.0638297872340385,normal,hoja3
2021-05,Profuturo,92,92,-1.0752688172043001,-1.0752688172043001,normal,hoja3
2021-06,Profuturo,91,91,-1.0869565217391353,-1.0869565217391353,normal,hoja3
2021-07,Profuturo,92,92,1.098901098901095,1.098901098901095,normal,hoja3
2021-08,Profuturo,92,92,0.0,0.0,normal,hoja3
2021-09,Profuturo,93,93,1.0869565217391353,1.0869565217391353,normal,hoja3
2021-10,Profuturo,94,94,1.0752688172043001,1.0752688172043001,normal,hoja3
2021-11,Profuturo,96,96,2.127659574468077,2.127659574468077,normal,hoja3
2021-12,Profuturo,96,96,0.0,0.0,normal,hoja3
2022-01,Profuturo,96,96,0.0,0.0,normal,hoja3
2022-02,Profuturo,97,97,1.041666666666674,1.041666666666674,normal,hoja3
2022-03,Profuturo,99,99,2.0618556701030855,2.0618556701030855,normal,hoja3
2022-04,Profuturo,97,97,-2.020202020202022,-2.020202020202022,normal,hoja3
2022-05,Profuturo,98,98,1.0309278350515427,1.0309278350515427,normal,hoja3
2022-06,Profuturo,101,101,3.0612244897959107,3.0612244897959107,normal,hoja3
2022-07,Profuturo,99,99,-1.980198019801982,-1.980198019801982,normal,hoja3
2022-08,Profuturo,100,100,1.0101010101010166,1.0101010101010166,normal,hoja3
2022-09,Profuturo,102,102,2.0000000000000018,2.0000000000000018,normal,hoja3
2022-10,Profuturo,102,102,0.0,0.0,normal,hoja3
2022-11,Profuturo,104,104,1.9607843137254832,1.9607843137254832,normal,hoja3
2022-12,Profuturo,105,105,0.9615384615384581,0.9615384615384581,normal,hoja3
2023-01,Profuturo,103,103,-1.904761904761909,-1.904761904761909,normal,hoja3
2023-02,Profuturo,102,102,-0.9708737864077666,-0.9708737864077666,normal,hoja3
2023-03,Profuturo,102,102,0.0,0.0,normal,hoja3
2023-04,Profuturo,102,102,0.0,0.0,normal,hoja3
2023-05,Profuturo,102,102,0.0,0.0,normal,hoja3
2023-06,Profuturo,104,104,1.9607843137254832,1.9607843137254832,normal,hoja3
2023-07,Profuturo,105,105,0.9615384615384581,0.9615384615384581,normal,hoja3
2023-08,Profuturo,101,101,-3.809523809523807,-3.809523809523807,normal,hoja3
2023-09,Profuturo,97,97,-3.960396039603964,-3.960396039603964,normal,hoja3
2023-10,Profuturo,95,95,-2.0618556701030966,-2.0618556701030966,normal,hoja3
2023-11,Profuturo,97,97,2.1052631578947434,2.1052631578947434,normal,hoja3
2023-12,Profuturo,98,98,1.0309278350515427,1.0309278350515427,normal,hoja3
2024-01,Profuturo,100,100,2.0408163265306145,2.0408163265306145,normal,hoja3
2024-02,Profuturo,101,101,1.0000000000000009,1.0000000000000009,normal,hoja3
2024-03,Profuturo,104,104,2.970297029702973,2.970297029702973,normal,hoja3
2024-04,Profuturo,105,105,0.9615384615384581,0.9615384615384581,normal,hoja3
2024-05,Profuturo,108,108,2.857142857142847,2.857142857142847,normal,hoja3
2024-06,Profuturo,107,107,-0.92592592592593,-0.92592592592593,normal,hoja3
2024-07,Profuturo,105,105,-1.869158878504673,-1.869158878504673,normal,hoja3
2024-08,Profuturo,106,106,0.952380952380949,0.952380952380949,normal,hoja3
2024-09,Profuturo,108,108,1.8867924528301883,1.8867924528301883,normal,hoja3
2024-10,Profuturo,107,107,-0.92592592592593,-0.92592592592593,normal,hoja3
2024-11,Profuturo,107,107,0.0,0.0,normal,hoja3
2024-12,Profuturo,108,108,0.9345794392523255,0.9345794392523255,normal,hoja3
2025-01,Profuturo,105,105,-2.777777777777779,-2.777777777777779,normal,hoja3
2025-02,Profuturo,106,106,0.952380952380949,0.952380952380949,normal,hoja3
2025-03,Profuturo,108,108,1.8867924528301883,1.8867924528301883,normal,hoja3
2025-04,Profuturo,107,107,-0.92592592592593,-0.92592592592593,normal,hoja3
2025-05,Profuturo,107,107,0.0,0.0,normal,hoja3
2025-06,Profuturo,104,104,-2.8037383177570097,-2.8037383177570097,normal,hoja3
2025-07,Profuturo,81,81,-22.115384615384613,-22.115384615384613,normal,hoja3
2025-08,Profuturo,80,80,-1.2345679012345734,-1.2345679012345734,normal,hoja3
2025-09,Profuturo,82,82,2.499999999999991,2.499999999999991,normal,hoja3
2025-10,Profuturo,82,82,0.0,0.0,normal,hoja3
2025-11,Profuturo,78,78,-4.878048780487809,-4.878048780487809,normal,hoja3
2025-12,Profuturo,79,79,1.2820512820512775,1.2820512820512775,normal,hoja3
2026-01,Profuturo,72,72,-8.860759493670889,-8.860759493670889,normal,hoja3
2015-01,Habitat,46,41,,,normal,hoja10
2015-02,Habitat,46,41,0.0,0.0,normal,hoja10
2015-03,Habitat,50,45,8.695652173913038,9.756097560975618,normal,hoja10
2015-04,Habitat,49,44,-2.0000000000000018,-2.2222222222222254,normal,hoja10
2015-05,Habitat,48,43,-2.0408163265306145,-2.2727272727272707,normal,hoja10
2015-06,Habitat,46,41,-4.1666666666666625,-4.651162790697672,normal,hoja10
2015-07,Habitat,43,38,-6.521739130434778,-7.317073170731703,normal,hoja10
2015-08,Habitat,45,40,4.651162790697683,5.263157894736836,normal,hoja10
2015-09,Habitat,49,44,8.888888888888879,10.000000000000009,normal,hoja10
2015-10,Habitat,48,43,-2.0408163265306145,-2.2727272727272707,normal,hoja10
2015-11,Habitat,44,39,-8.333333333333337,-9.302325581395355,normal,hoja10
2015-12,Habitat,39,34,-11.363636363636365,-12.82051282051282,normal,hoja10
2016-01,Habitat,32,27,-17.948717948717952,-20.588235294117652,normal,hoja10
2016-02,Habitat,31,26,-3.125,-3.703703703703709,normal,hoja10
2016-03,Habitat,34,29,9.677419354838701,11.538461538461542,normal,hoja10
2016-04,Habitat,36,31,5.882352941176472,6.896551724137923,normal,hoja10
2016-05,Habitat,34,29,-5.555555555555558,-6.451612903225811,normal,hoja10
2016-06,Habitat,36,31,5.882352941176472,6.896551724137923,normal,hoja10
2016-07,Habitat,35,30,-2.777777777777779,-3.2258064516129004,normal,hoja10
2016-08,Habitat,33,28,-5.714285714285716,-6.666666666666665,normal,hoja10
2016-09,Habitat,35,30,6.060606060606055,7.14285714285714,normal,hoja10
2016-10,Habitat,34,29,-2.857142857142858,-3.3333333333333326,normal,hoja10
2016-11,Habitat,38,33,11.764705882352944,13.793103448275868,normal,hoja10
2016-12,Habitat,41,33,7.8947368421052655,0.0,normal,hoja10
2017-01,Habitat,43,38,4.878048780487809,15.15151515151516,normal,hoja10
2017-02,Habitat,42,38,-2.3255813953488413,0.0,normal,hoja10
2017-03,Habitat,42,37,0.0,-2.631578947368418,normal,hoja10
2017-04,Habitat,45,41,7.14285714285714,10.81081081081081,normal,hoja10
2017-05,Habitat,43,39,-4.444444444444439,-4.878048780487809,normal,hoja10
2017-06,Habitat,47,43,9.302325581395344,10.256410256410264,normal,hoja10
2017-07,Habitat,47,42,0.0,-2.3255813953488413,normal,hoja10
2017-08,Habitat,45,41,-4.255319148936165,-2.3809523809523836,normal,hoja10
2017-09,Habitat,47,43,4.444444444444451,4.878048780487809,normal,hoja10
2017-10,Habitat,49,45,4.255319148936176,4.651162790697683,normal,hoja10
2017-11,Habitat,52,48,6.1224489795918435,6.666666666666665,normal,hoja10
2017-12,Habitat,57,52,9.615384615384626,8.333333333333325,normal,hoja10
2018-01,Habitat,61,56,7.017543859649122,7.692307692307687,normal,hoja10
2018-02,Habitat,64,60,4.918032786885251,7.14285714285714,normal,hoja10
2018-03,Habitat,69,65,7.8125,8.333333333333325,normal,hoja10
2018-04,Habitat,68,64,-1.449275362318836,-1.538461538461533,normal,hoja10
2018-05,Habitat,65,61,-4.411764705882348,-4.6875,normal,hoja10
2018-06,Habitat,68,62,4.615384615384621,1.6393442622950838,normal,hoja10
2018-07,Habitat,73,67,7.352941176470584,8.064516129032251,normal,hoja10
2018-08,Habitat,71,65,-2.73972602739726,-2.985074626865669,normal,hoja10
2018-09,Habitat,75,69,5.633802816901401,6.153846153846154,normal,hoja10
2018-10,Habitat,75,69,0.0,0.0,normal,hoja10
2018-11,Habitat,76,69,1.333333333333342,0.0,normal,hoja10
2018-12,Habitat,75,69,-1.3157894736842146,0.0,normal,hoja10
2019-01,Habitat,76,69,1.333333333333342,0.0,normal,hoja10
2019-02,Habitat,77,70,1.3157894736842035,1.449275362318847,normal,hoja10
2019-03,Habitat,82,74,6.493506493506485,5.714285714285716,normal,hoja10
2019-04,Habitat,85,77,3.658536585365857,4.054054054054057,normal,hoja10
2019-05,Habitat,82,72,-3.529411764705881,-6.493506493506496,normal,hoja10
2019-06,Habitat,84,74,2.4390243902439046,2.777777777777768,normal,hoja10
2019-07,Habitat,86,76,2.3809523809523725,2.7027027027026973,normal,hoja10
2019-08,Habitat,89,78,3.488372093023262,2.6315789473684292,normal,hoja10
2019-09,Habitat,91,81,2.2471910112359605,3.8461538461538547,normal,hoja10
2019-10,Habitat,97,86,6.593406593406592,6.172839506172845,normal,hoja10
2019-11,Habitat,100,89,3.092783505154628,3.488372093023262,normal,hoja10
2019-12,Habitat,89,78,-10.999999999999998,-12.35955056179775,normal,hoja10
2020-01,Habitat,76,66,-14.60674157303371,-15.384615384615385,normal,hoja10
2020-02,Habitat,72,61,-5.263157894736848,-7.57575757575758,normal,hoja10
2020-03,Habitat,67,56,-6.944444444444442,-8.196721311475407,normal,hoja10
2020-04,Habitat,79,66,17.910447761194035,17.85714285714286,normal,hoja10
2020-05,Habitat,79,67,0.0,1.5151515151515138,normal,hoja10
2020-06,Habitat,88,75,11.392405063291132,11.940298507462677,normal,hoja10
2020-07,Habitat,81,69,-7.954545454545459,-7.9999999999999964,normal,hoja10
2020-08,Habitat,83,68,2.4691358024691468,-1.449275362318836,normal,hoja10
2020-09,Habitat,79,66,-4.81927710843374,-2.941176470588236,normal,hoja10
2020-10,Habitat,78,65,-1.2658227848101222,-1.5151515151515138,normal,hoja10
2020-11,Habitat,79,66,1.2820512820512775,1.538461538461533,normal,hoja10
2020-12,Habitat,80,67,1.2658227848101333,1.5151515151515138,normal,hoja10
2021-01,Habitat,78,65,-2.500000000000002,-2.985074626865669,normal,hoja10
2021-02,Habitat,88,74,12.82051282051282,13.846153846153841,normal,hoja10
2021-03,Habitat,83,70,-5.681818181818176,-5.405405405405405,normal,hoja10
2021-04,Habitat,87,74,4.819277108433728,5.714285714285716,normal,hoja10
2021-05,Habitat,89,75,2.298850574712641,1.3513513513513598,normal,hoja10
2021-06,Habitat,89,76,0.0,1.333333333333342,normal,hoja10
2021-07,Habitat,86,72,-3.3707865168539297,-5.263157894736848,normal,hoja10
2021-08,Habitat,87,74,1.1627906976744207,2.777777777777768,normal,hoja10
2021-09,Habitat,94,80,8.045977011494255,8.108108108108114,normal,hoja10
2021-10,Habitat,88,74,-6.382978723404253,-7.499999999999996,normal,hoja10
2021-11,Habitat,92,78,4.545454545454541,5.405405405405395,normal,hoja10
2021-12,Habitat,91,77,-1.0869565217391353,-1.2820512820512775,normal,hoja10
2022-01,Habitat,92,78,1.098901098901095,1.298701298701288,normal,hoja10
2022-02,Habitat,91,78,-1.0869565217391353,0.0,normal,hoja10
2022-03,Habitat,94,80,3.296703296703307,2.564102564102555,normal,hoja10
2022-04,Habitat,93,79,-1.0638297872340385,-1.2499999999999956,normal,hoja10
2022-05,Habitat,96,82,3.2258064516129004,3.797468354430378,normal,hoja10
2022-06,Habitat,93,80,-3.125,-2.4390243902439046,normal,hoja10
2022-07,Habitat,92,77,-1.0752688172043001,-3.749999999999998,normal,hoja10
2022-08,Habitat,95,81,3.2608695652173836,5.1948051948051965,normal,hoja10
2022-09,Habitat,93,80,-2.1052631578947323,-1.2345679012345734,normal,hoja10
2022-10,Habitat,95,82,2.1505376344086002,2.499999999999991,normal,hoja10
2022-11,Habitat,103,89,8.421052631578952,8.536585365853666,normal,hoja10
2022-12,Habitat,102,89,-0.9708737864077666,0.0,normal,hoja10
2023-01,Habitat,106,93,3.9215686274509887,4.494382022471921,normal,hoja10
2023-02,Habitat,109,95,2.8301886792452935,2.1505376344086002,normal,hoja10
2023-03,Habitat,114,100,4.587155963302747,5.263157894736836,normal,hoja10
2023-04,Habitat,119,104,4.385964912280693,4.0000000000000036,normal,hoja10
2023-05,Habitat,121,106,1.680672268907557,1.9230769230769162,normal,hoja10
2023-06,Habitat,127,109,4.958677685950419,2.8301886792452935,normal,hoja10
2023-07,Habitat,133,117,4.724409448818889,7.339449541284404,normal,hoja10
2023-08,Habitat,138,118,3.759398496240607,0.8547008547008517,normal,hoja10
2023-09,Habitat,129,109,-6.521739130434778,-7.6271186440677985,normal,hoja10
2023-10,Habitat,133,113,3.100775193798455,3.669724770642202,normal,hoja10
2023-11,Habitat,131,113,-1.5037593984962405,0.0,normal,hoja10
2023-12,Habitat,129,110,-1.526717557251911,-2.6548672566371723,normal,hoja10
2024-01,Habitat,127,108,-1.5503875968992276,-1.8181818181818188,normal,hoja10
2024-02,Habitat,122,106,-3.937007874015752,-1.851851851851849,normal,hoja10
2024-03,Habitat,127,110,4.098360655737698,3.7735849056603765,normal,hoja10
2024-04,Habitat,121,109,-4.7244094488189,-0.9090909090909038,normal,hoja10
2024-05,Habitat,123,109,1.6528925619834656,0.0,normal,hoja10
2024-06,Habitat,121,106,-1.6260162601625994,-2.752293577981646,normal,hoja10
2024-07,Habitat,114,104,-5.785123966942152,-1.8867924528301883,normal,hoja10
2024-08,Habitat,115,103,0.8771929824561431,-0.9615384615384581,normal,hoja10
2024-09,Habitat,107,96,-6.956521739130439,-6.796116504854366,normal,hoja10
2024-10,Habitat,111,98,3.738317757009346,2.083333333333326,normal,hoja10
2024-11,Habitat,110,97,-0.9009009009009028,-1.0204081632653073,normal,hoja10
2024-12,Habitat,105,93,-4.545454545454541,-4.123711340206182,normal,hoja10
2025-01,Habitat,109,96,3.809523809523818,3.2258064516129004,normal,hoja10
2025-02,Habitat,109,96,0.0,0.0,normal,hoja10
2025-03,Habitat,111,99,1.83486238532109,3.125,normal,hoja10
2025-04,Habitat,109,97,-1.8018018018018056,-2.020202020202022,normal,hoja10
2025-05,Habitat,109,97,0.0,0.0,normal,hoja10
2025-06,Habitat,111,98,1.83486238532109,1.0309278350515427,normal,hoja10
2025-07,Habitat,110,96,-0.9009009009009028,-2.0408163265306145,normal,hoja10
2025-08,Habitat,109,96,-0.9090909090909038,0.0,normal,hoja10
2025-09,Habitat,108,96,-0.917431192660545,0.0,normal,hoja10
2025-10,Habitat,107,93,-0.92592592592593,-3.125,normal,hoja10
2025-11,Habitat,109,95,1.869158878504673,2.1505376344086002,normal,hoja10
2025-12,Habitat,110,95,0.917431192660545,0.0,normal,hoja10
2026-01,Habitat,111,98,0.9090909090909038,3.157894736842115,normal,hoja10
2015-01,Integra,99,71,,,normal,hoja10
2015-02,Integra,99,72,0.0,1.4084507042253502,normal,hoja10
2015-03,Integra,100,72,1.0101010101010166,0.0,normal,hoja10
2015-04,Integra,98,70,-2.0000000000000018,-2.777777777777779,normal,hoja10
2015-05,Integra,98,70,0.0,0.0,normal,hoja10
2015-06,Integra,96,68,-2.0408163265306145,-2.857142857142858,normal,hoja10
2015-07,Integra,97,69,1.041666666666674,1.4705882352941124,normal,hoja10
2015-08,Integra,90,62,-7.216494845360821,-10.144927536231885,normal,hoja10
2015-09,Integra,94,62,4.444444444444451,0.0,normal,hoja10
2015-10,Integra,95,63,1.0638297872340496,1.6129032258064502,normal,hoja10
2015-11,Integra,99,66,4.210526315789465,4.761904761904767,normal,hoja10
2015-12,Integra,97,66,-2.020202020202022,0.0,normal,hoja10
2016-01,Integra,95,67,-2.0618556701030966,1.5151515151515138,normal,hoja10
2016-02,Integra,94,62,-1.0526315789473717,-7.462686567164178,normal,hoja10
2016-03,Integra,94,61,0.0,-1.6129032258064502,normal,hoja10
2016-04,Integra,97,62,3.1914893617021267,1.6393442622950838,normal,hoja10
2016-05,Integra,98,65,1.0309278350515427,4.8387096774193505,normal,hoja10
2016-06,Integra,98,65,0.0,0.0,normal,hoja10
2016-07,Integra,100,64,2.0408163265306145,-1.538461538461533,normal,hoja10
2016-08,Integra,109,74,9.000000000000007,15.625,normal,hoja10
2016-09,Integra,112,76,2.752293577981657,2.7027027027026973,normal,hoja10
2016-10,Integra,112,74,0.0,-2.631578947368418,normal,hoja10
2016-11,Integra,112,74,0.0,0.0,normal,hoja10
2016-12,Integra,118,74,5.35714285714286,0.0,normal,hoja10
2017-01,Integra,111,75,-5.932203389830503,1.3513513513513598,normal,hoja10
2017-02,Integra,111,75,0.0,0.0,normal,hoja10
2017-03,Integra,110,74,-0.9009009009009028,-1.3333333333333308,normal,hoja10
2017-04,Integra,110,74,0.0,0.0,normal,hoja10
2017-05,Integra,110,75,0.0,1.3513513513513598,normal,hoja10
2017-06,Integra,112,75,1.8181818181818077,0.0,normal,hoja10
2017-07,Integra,116,76,3.571428571428581,1.333333333333342,normal,hoja10
2017-08,Integra,117,76,0.8620689655172376,0.0,normal,hoja10
2017-09,Integra,117,77,0.0,1.3157894736842035,normal,hoja10
2017-10,Integra,115,77,-1.7094017094017144,0.0,normal,hoja10
2017-11,Integra,121,79,5.217391304347818,2.5974025974025983,normal,hoja10
2017-12,Integra,122,80,0.8264462809917328,1.2658227848101333,normal,hoja10
2018-01,Integra,121,82,-0.8196721311475419,2.499999999999991,normal,hoja10
2018-02,Integra,125,82,3.305785123966931,0.0,normal,hoja10
2018-03,Integra,124,81,-0.8000000000000007,-1.2195121951219523,normal,hoja10
2018-04,Integra,121,81,-2.4193548387096753,0.0,normal,hoja10
2018-05,Integra,124,82,2.4793388429751984,1.2345679012345734,normal,hoja10
2018-06,Integra,123,81,-0.8064516129032251,-1.2195121951219523,normal,hoja10
2018-07,Integra,116,73,-5.691056910569103,-9.876543209876543,normal,hoja10
2018-08,Integra,118,74,1.724137931034475,1.3698630136986356,normal,hoja10
2018-09,Integra,121,77,2.5423728813559254,4.054054054054057,normal,hoja10
2018-10,Integra,122,79,0.8264462809917328,2.5974025974025983,normal,hoja10
2018-11,Integra,121,78,-0.8196721311475419,-1.2658227848101222,normal,hoja10
2018-12,Integra,121,78,0.0,0.0,normal,hoja10
2019-01,Integra,120,77,-0.8264462809917328,-1.2820512820512775,normal,hoja10
2019-02,Integra,121,77,0.8333333333333304,0.0,normal,hoja10
2019-03,Integra,127,83,4.958677685950419,7.792207792207795,normal,hoja10
2019-04,Integra,130,84,2.3622047244094446,1.2048192771084265,normal,hoja10
2019-05,Integra,132,84,1.538461538461533,0.0,normal,hoja10
2019-06,Integra,133,84,0.7575757575757569,0.0,normal,hoja10
2019-07,Integra,126,78,-5.263157894736848,-7.14285714285714,normal,hoja10
2019-08,Integra,122,74,-3.1746031746031744,-5.128205128205132,normal,hoja10
2019-09,Integra,121,73,-0.8196721311475419,-1.3513513513513487,normal,hoja10
2019-10,Integra,122,75,0.8264462809917328,2.7397260273972712,normal,hoja10
2019-11,Integra,128,79,4.918032786885251,5.333333333333323,normal,hoja10
2019-12,Integra,120,71,-6.25,-10.126582278481012,normal,hoja10
2020-01,Integra,114,66,-5.000000000000004,-7.042253521126762,normal,hoja10
2020-02,Integra,107,59,-6.140350877192979,-10.606060606060607,normal,hoja10
2020-03,Integra,104,57,-2.8037383177570097,-3.3898305084745783,normal,hoja10
2020-04,Integra,100,53,-3.8461538461538436,-7.017543859649122,normal,hoja10
2020-05,Integra,99,53,-1.0000000000000009,0.0,normal,hoja10
2020-06,Integra,95,49,-4.040404040404044,-7.547169811320753,normal,hoja10
2020-07,Integra,96,50,1.0526315789473717,2.0408163265306145,normal,hoja10
2020-08,Integra,100,53,4.166666666666674,6.000000000000005,normal,hoja10
2020-09,Integra,99,52,-1.0000000000000009,-1.8867924528301883,normal,hoja10
2020-10,Integra,96,49,-3.0303030303030276,-5.769230769230771,normal,hoja10
2020-11,Integra,94,49,-2.083333333333337,0.0,normal,hoja10
2020-12,Integra,98,53,4.255319148936176,8.163265306122458,normal,hoja10
2021-01,Integra,96,47,-2.0408163265306145,-11.32075471698113,normal,hoja10
2021-02,Integra,95,46,-1.041666666666663,-2.127659574468088,normal,hoja10
2021-03,Integra,99,49,4.210526315789465,6.521739130434789,normal,hoja10
2021-04,Integra,101,51,2.020202020202011,4.081632653061229,normal,hoja10
2021-05,Integra,100,50,-0.990099009900991,-1.9607843137254943,normal,hoja10
2021-06,Integra,86,36,-14.000000000000002,-28.000000000000004,normal,hoja10
2021-07,Integra,88,38,2.3255813953488413,5.555555555555558,normal,hoja10
2021-08,Integra,86,38,-2.2727272727272707,0.0,normal,hoja10
2021-09,Integra,85,37,-1.1627906976744207,-2.631578947368418,normal,hoja10
2021-10,Integra,84,36,-1.17647058823529,-2.7027027027026973,normal,hoja10
2021-11,Integra,87,40,3.571428571428581,11.111111111111116,normal,hoja10
2021-12,Integra,87,40,0.0,0.0,normal,hoja10
2022-01,Integra,88,41,1.1494252873563315,2.499999999999991,normal,hoja10
2022-02,Integra,92,45,4.545454545454541,9.756097560975618,normal,hoja10
2022-03,Integra,90,43,-2.1739130434782594,-4.444444444444439,normal,hoja10
2022-04,Integra,86,39,-4.444444444444439,-9.302325581395355,normal,hoja10
2022-05,Integra,84,37,-2.3255813953488413,-5.128205128205132,normal,hoja10
2022-06,Integra,87,40,3.571428571428581,8.108108108108114,normal,hoja10
2022-07,Integra,79,34,-9.195402298850574,-15.000000000000002,normal,hoja10
2022-08,Integra,76,31,-3.797468354430378,-8.823529411764708,normal,hoja10
2022-09,Integra,71,26,-6.578947368421051,-16.129032258064512,normal,hoja10
2022-10,Integra,74,29,4.225352112676051,11.538461538461542,normal,hoja10
2022-11,Integra,67,29,-9.459459459459463,0.0,normal,hoja10
2022-12,Integra,65,23,-2.985074626865669,-20.68965517241379,normal,hoja10
2023-01,Integra,69,28,6.153846153846154,21.739130434782616,normal,hoja10
2023-02,Integra,68,26,-1.449275362318836,-7.14285714285714,normal,hoja10
2023-03,Integra,66,25,-2.941176470588236,-3.8461538461538436,normal,hoja10
2023-04,Integra,72,29,9.090909090909083,15.999999999999993,normal,hoja10
2023-05,Integra,72,29,0.0,0.0,normal,hoja10
2023-06,Integra,71,35,-1.388888888888884,20.68965517241379,normal,hoja10
2023-07,Integra,74,38,4.225352112676051,8.571428571428562,normal,hoja10
2023-08,Integra,86,50,16.216216216216207,31.578947368421062,normal,hoja10
2023-09,Integra,85,50,-1.1627906976744207,0.0,normal,hoja10
2023-10,Integra,78,44,-8.235294117647063,-12.0,normal,hoja10
2023-11,Integra,75,43,-3.8461538461538436,-2.2727272727272707,normal,hoja10
2023-12,Integra,84,46,12.00000000000001,6.976744186046502,normal,hoja10
2024-01,Integra,87,47,3.571428571428581,2.1739130434782705,normal,hoja10
2024-02,Integra,85,43,-2.298850574712641,-8.510638297872342,normal,hoja10
2024-03,Integra,82,41,-3.529411764705881,-4.651162790697672,normal,hoja10
2024-04,Integra,75,42,-8.536585365853655,2.4390243902439046,normal,hoja10
2024-05,Integra,75,42,0.0,0.0,normal,hoja10
2024-06,Integra,77,42,2.6666666666666616,0.0,normal,hoja10
2024-07,Integra,71,34,-7.792207792207795,-19.047619047619047,normal,hoja10
2024-08,Integra,72,37,1.4084507042253502,8.823529411764696,normal,hoja10
2024-09,Integra,73,40,1.388888888888884,8.108108108108114,normal,hoja10
2024-10,Integra,76,44,4.109589041095885,10.000000000000009,normal,hoja10
2024-11,Integra,79,43,3.9473684210526327,-2.2727272727272707,normal,hoja10
2024-12,Integra,77,43,-2.5316455696202556,0.0,normal,hoja10
2025-01,Integra,78,47,1.298701298701288,9.302325581395344,normal,hoja10
2025-02,Integra,78,45,0.0,-4.255319148936165,normal,hoja10
2025-03,Integra,79,44,1.2820512820512775,-2.2222222222222254,normal,hoja10
2025-04,Integra,80,46,1.2658227848101333,4.545454545454541,normal,hoja10
2025-05,Integra,85,51,6.25,10.869565217391308,normal,hoja10
2025-06,Integra,80,50,-5.882352941176472,-1.9607843137254943,normal,hoja10
2025-07,Integra,83,51,3.750000000000009,2.0000000000000018,normal,hoja10
2025-08,Integra,83,49,0.0,-3.9215686274509776,normal,hoja10
2025-09,Integra,82,48,-1.2048192771084376,-2.0408163265306145,normal,hoja10
2025-10,Integra,89,54,8.536585365853666,12.5,normal,hoja10
2025-11,Integra,85,49,-4.49438202247191,-9.259259259259256,normal,hoja10
2025-12,Integra,87,48,2.35294117647058,-2.0408163265306145,normal,hoja10
2026-01,Integra,87,50,0.0,4.166666666666674,normal,hoja10
2015-01,Prima,74,49,,,normal,hoja10
2015-02,Prima,71,46,-4.054054054054057,-6.122448979591832,normal,hoja10
2015-03,Prima,68,43,-4.225352112676061,-6.521739130434778,normal,hoja10
2015-04,Prima,69,44,1.4705882352941124,2.3255813953488413,normal,hoja10
2015-05,Prima,77,50,11.594202898550732,13.636363636363647,normal,hoja10
2015-06,Prima,81,54,5.1948051948051965,8.000000000000007,normal,hoja10
2015-07,Prima,79,52,-2.4691358024691357,-3.703703703703709,normal,hoja10
2015-08,Prima,80,55,1.2658227848101333,5.769230769230771,normal,hoja10
2015-09,Prima,84,58,5.000000000000004,5.454545454545445,normal,hoja10
2015-10,Prima,89,57,5.952380952380953,-1.7241379310344862,normal,hoja10
2015-11,Prima,85,60,-4.49438202247191,5.263157894736836,normal,hoja10
2015-12,Prima,81,53,-4.705882352941182,-11.66666666666667,normal,hoja10
2016-01,Prima,73,49,-9.876543209876543,-7.547169811320753,normal,hoja10
2016-02,Prima,70,46,-4.109589041095896,-6.122448979591832,normal,hoja10
2016-03,Prima,74,48,5.714285714285716,4.347826086956519,normal,hoja10
2016-04,Prima,78,49,5.405405405405395,2.083333333333326,normal,hoja10
2016-05,Prima,77,48,-1.2820512820512775,-2.0408163265306145,normal,hoja10
2016-06,Prima,79,49,2.5974025974025983,2.083333333333326,normal,hoja10
2016-07,Prima,76,49,-3.797468354430378,0.0,normal,hoja10
2016-08,Prima,76,49,0.0,0.0,normal,hoja10
2016-09,Prima,70,41,-7.8947368421052655,-16.326530612244895,normal,hoja10
2016-10,Prima,70,43,0.0,4.878048780487809,normal,hoja10
2016-11,Prima,72,45,2.857142857142847,4.651162790697683,normal,hoja10
2016-12,Prima,72,42,0.0,-6.666666666666665,normal,hoja10
2017-01,Prima,69,42,-4.1666666666666625,0.0,normal,hoja10
2017-02,Prima,68,42,-1.449275362318836,0.0,normal,hoja10
2017-03,Prima,66,40,-2.941176470588236,-4.761904761904767,normal,hoja10
2017-04,Prima,67,42,1.5151515151515138,5.000000000000004,normal,hoja10
2017-05,Prima,59,34,-11.940298507462687,-19.047619047619047,normal,hoja10
2017-06,Prima,57,33,-3.3898305084745783,-2.941176470588236,normal,hoja10
2017-07,Prima,56,32,-1.7543859649122862,-3.0303030303030276,normal,hoja10
2017-08,Prima,57,34,1.7857142857142794,6.25,normal,hoja10
2017-09,Prima,59,36,3.5087719298245723,5.882352941176472,normal,hoja10
2017-10,Prima,57,35,-3.3898305084745783,-2.777777777777779,normal,hoja10
2017-11,Prima,59,36,3.5087719298245723,2.857142857142847,normal,hoja10
2017-12,Prima,58,36,-1.6949152542372836,0.0,normal,hoja10
2018-01,Prima,60,38,3.4482758620689724,5.555555555555558,normal,hoja10
2018-02,Prima,59,37,-1.6666666666666718,-2.631578947368418,normal,hoja10
2018-03,Prima,57,37,-3.3898305084745783,0.0,normal,hoja10
2018-04,Prima,59,38,3.5087719298245723,2.7027027027026973,normal,hoja10
2018-05,Prima,58,36,-1.6949152542372836,-5.263157894736848,normal,hoja10
2018-06,Prima,56,35,-3.4482758620689613,-2.777777777777779,normal,hoja10
2018-07,Prima,57,36,1.7857142857142794,2.857142857142847,normal,hoja10
2018-08,Prima,62,39,8.771929824561408,8.333333333333325,normal,hoja10
2018-09,Prima,60,35,-3.2258064516129004,-10.256410256410254,normal,hoja10
2018-10,Prima,57,35,-5.000000000000004,0.0,normal,hoja10
2018-11,Prima,60,38,5.263157894736836,8.571428571428562,normal,hoja10
2018-12,Prima,62,41,3.3333333333333437,7.8947368421052655,normal,hoja10
2019-01,Prima,61,39,-1.6129032258064502,-4.878048780487809,normal,hoja10
2019-02,Prima,64,41,4.918032786885251,5.128205128205132,normal,hoja10
2019-03,Prima,61,39,-4.6875,-4.878048780487809,normal,hoja10
2019-04,Prima,60,37,-1.6393442622950838,-5.128205128205132,normal,hoja10
2019-05,Prima,61,38,1.6666666666666607,2.7027027027026973,normal,hoja10
2019-06,Prima,60,37,-1.6393442622950838,-2.631578947368418,normal,hoja10
2019-07,Prima,57,33,-5.000000000000004,-10.81081081081081,normal,hoja10
2019-08,Prima,53,29,-7.017543859649122,-12.121212121212121,normal,hoja10
2019-09,Prima,55,29,3.7735849056603765,0.0,normal,hoja10
2019-10,Prima,54,31,-1.8181818181818188,6.896551724137923,normal,hoja10
2019-11,Prima,57,32,5.555555555555558,3.2258064516129004,normal,hoja10
2019-12,Prima,56,30,-1.7543859649122862,-6.25,normal,hoja10
2020-01,Prima,53,27,-5.35714285714286,-9.999999999999998,normal,hoja10
2020-02,Prima,54,28,1.8867924528301883,3.703703703703698,normal,hoja10
2020-03,Prima,43,21,-20.370370370370374,-25.0,normal,hoja10
2020-04,Prima,45,21,4.651162790697683,0.0,normal,hoja10
2020-05,Prima,47,25,4.444444444444451,19.047619047619047,normal,hoja10
2020-06,Prima,48,24,2.127659574468077,-4.0000000000000036,normal,hoja10
2020-07,Prima,44,20,-8.333333333333337,-16.666666666666664,normal,hoja10
2020-08,Prima,47,24,6.818181818181812,19.999999999999996,normal,hoja10
2020-09,Prima,49,25,4.255319148936176,4.166666666666674,normal,hoja10
2020-10,Prima,50,27,2.0408163265306145,8.000000000000007,normal,hoja10
2020-11,Prima,51,28,2.0000000000000018,3.703703703703698,normal,hoja10
2020-12,Prima,56,31,9.80392156862746,10.71428571428572,normal,hoja10
2021-01,Prima,52,28,-7.14285714285714,-9.677419354838712,normal,hoja10
2021-02,Prima,53,30,1.9230769230769162,7.14285714285714,normal,hoja10
2021-03,Prima,54,30,1.8867924528301883,0.0,normal,hoja10
2021-04,Prima,56,31,3.703703703703698,3.3333333333333437,normal,hoja10
2021-05,Prima,60,35,7.14285714285714,12.903225806451623,normal,hoja10
2021-06,Prima,61,36,1.6666666666666607,2.857142857142847,normal,hoja10
2021-07,Prima,62,37,1.6393442622950838,2.777777777777768,normal,hoja10
2021-08,Prima,62,36,0.0,-2.7027027027026973,normal,hoja10
2021-09,Prima,62,36,0.0,0.0,normal,hoja10
2021-10,Prima,63,36,1.6129032258064502,0.0,normal,hoja10
2021-11,Prima,57,31,-9.523809523809524,-13.888888888888884,normal,hoja10
2021-12,Prima,58,31,1.7543859649122862,0.0,normal,hoja10
2022-01,Prima,65,38,12.06896551724137,22.580645161290324,normal,hoja10
2022-02,Prima,66,37,1.538461538461533,-2.631578947368418,normal,hoja10
2022-03,Prima,59,32,-10.606060606060607,-13.513513513513509,normal,hoja10
2022-04,Prima,56,30,-5.0847457627118615,-6.25,normal,hoja10
2022-05,Prima,57,31,1.7857142857142794,3.3333333333333437,normal,hoja10
2022-06,Prima,59,33,3.5087719298245723,6.451612903225801,normal,hoja10
2022-07,Prima,58,31,-1.6949152542372836,-6.060606060606055,normal,hoja10
2022-08,Prima,59,32,1.724137931034475,3.2258064516129004,normal,hoja10
2022-09,Prima,57,30,-3.3898305084745783,-6.25,normal,hoja10
2022-10,Prima,55,28,-3.508771929824561,-6.666666666666665,normal,hoja10
2022-11,Prima,59,32,7.272727272727275,14.28571428571428,normal,hoja10
2022-12,Prima,63,34,6.779661016949157,6.25,normal,hoja10
2023-01,Prima,62,32,-1.5873015873015928,-5.882352941176472,normal,hoja10
2023-02,Prima,54,25,-12.903225806451612,-21.875,normal,hoja10
2023-03,Prima,43,19,-20.370370370370374,-24.0,normal,hoja10
2023-04,Prima,53,24,23.25581395348837,26.315789473684205,normal,hoja10
2023-05,Prima,54,29,1.8867924528301883,20.833333333333325,normal,hoja10
2023-06,Prima,64,33,18.518518518518512,13.793103448275868,normal,hoja10
2023-07,Prima,50,27,-21.875,-18.181818181818176,normal,hoja10
2023-08,Prima,51,28,2.0000000000000018,3.703703703703698,normal,hoja10
2023-09,Prima,53,30,3.9215686274509887,7.14285714285714,normal,hoja10
2023-10,Prima,50,30,-5.660377358490565,0.0,normal,hoja10
2023-11,Prima,45,25,-9.999999999999998,-16.666666666666664,normal,hoja10
2023-12,Prima,50,24,11.111111111111116,-4.0000000000000036,normal,hoja10
2024-01,Prima,44,20,-12.0,-16.666666666666664,normal,hoja10
2024-02,Prima,40,19,-9.090909090909093,-5.000000000000004,normal,hoja10
2024-03,Prima,48,23,19.999999999999996,21.052631578947366,normal,hoja10
2024-04,Prima,37,21,-22.916666666666664,-8.695652173913048,normal,hoja10
2024-05,Prima,39,23,5.405405405405395,9.523809523809534,normal,hoja10
2024-06,Prima,41,24,5.128205128205132,4.347826086956519,normal,hoja10
2024-07,Prima,45,28,9.756097560975618,16.666666666666675,normal,hoja10
2024-08,Prima,45,33,0.0,17.85714285714286,normal,hoja10
2024-09,Prima,46,35,2.2222222222222143,6.060606060606055,normal,hoja10
2024-10,Prima,52,41,13.043478260869556,17.14285714285715,normal,hoja10
2024-11,Prima,54,41,3.8461538461538547,0.0,normal,hoja10
2024-12,Prima,52,39,-3.703703703703709,-4.878048780487809,normal,hoja10
2025-01,Prima,50,39,-3.8461538461538436,0.0,normal,hoja10
2025-02,Prima,49,38,-2.0000000000000018,-2.564102564102566,normal,hoja10
2025-03,Prima,40,28,-18.36734693877551,-26.315789473684216,normal,hoja10
2025-04,Prima,42,30,5.000000000000004,7.14285714285714,normal,hoja10
2025-05,Prima,40,28,-4.761904761904767,-6.666666666666665,normal,hoja10
2025-06,Prima,41,28,2.499999999999991,0.0,normal,hoja10
2025-07,Prima,39,27,-4.878048780487809,-3.57142857142857,normal,hoja10
2025-08,Prima,42,30,7.692307692307687,11.111111111111116,normal,hoja10
2025-09,Prima,42,30,0.0,0.0,normal,hoja10
2025-10,Prima,43,31,2.3809523809523725,3.3333333333333437,normal,hoja10
2025-11,Prima,44,32,2.3255813953488413,3.2258064516129004,normal,hoja10
2025-12,Prima,43,30,-2.2727272727272707,-6.25,normal,hoja10
2026-01,Prima,40,28,-6.976744186046513,-6.666666666666665,normal,hoja10
2015-01,Profuturo,78,46,,,normal,hoja10
2015-02,Profuturo,75,43,-3.8461538461538436,-6.521739130434778,normal,hoja10
2015-03,Profuturo,76,44,1.333333333333342,2.3255813953488413,normal,hoja10
2015-04,Profuturo,74,42,-2.631578947368418,-4.545454545454541,normal,hoja10
2015-05,Profuturo,74,42,0.0,0.0,normal,hoja10
2015-06,Profuturo,77,45,4.054054054054057,7.14285714285714,normal,hoja10
2015-07,Profuturo,75,43,-2.5974025974025983,-4.444444444444439,normal,hoja10
2015-08,Profuturo,75,43,0.0,0.0,normal,hoja10
2015-09,Profuturo,74,41,-1.3333333333333308,-4.651162790697672,normal,hoja10
2015-10,Profuturo,73,39,-1.3513513513513487,-4.878048780487809,normal,hoja10
2015-11,Profuturo,73,39,0.0,0.0,normal,hoja10
2015-12,Profuturo,75,41,2.7397260273972712,5.128205128205132,normal,hoja10
2016-01,Profuturo,77,42,2.6666666666666616,2.4390243902439046,normal,hoja10
2016-02,Profuturo,78,43,1.298701298701288,2.3809523809523725,normal,hoja10
2016-03,Profuturo,78,42,0.0,-2.3255813953488413,normal,hoja10
2016-04,Profuturo,79,44,1.2820512820512775,4.761904761904767,normal,hoja10
2016-05,Profuturo,78,43,-1.2658227848101222,-2.2727272727272707,normal,hoja10
2016-06,Profuturo,78,43,0.0,0.0,normal,hoja10
2016-07,Profuturo,85,50,8.974358974358964,16.279069767441868,normal,hoja10
2016-08,Profuturo,85,50,0.0,0.0,normal,hoja10
2016-09,Profuturo,82,47,-3.529411764705881,-6.000000000000005,normal,hoja10
2016-10,Profuturo,83,48,1.2195121951219523,2.127659574468077,normal,hoja10
2016-11,Profuturo,82,47,-1.2048192771084376,-2.083333333333337,normal,hoja10
2016-12,Profuturo,87,49,6.0975609756097615,4.255319148936176,normal,hoja10
2017-01,Profuturo,88,50,1.1494252873563315,2.0408163265306145,normal,hoja10
2017-02,Profuturo,88,50,0.0,0.0,normal,hoja10
2017-03,Profuturo,89,49,1.1363636363636465,-2.0000000000000018,normal,hoja10
2017-04,Profuturo,84,44,-5.61797752808989,-10.204081632653061,normal,hoja10
2017-05,Profuturo,85,46,1.1904761904761862,4.545454545454541,normal,hoja10
2017-06,Profuturo,86,46,1.17647058823529,0.0,normal,hoja10
2017-07,Profuturo,85,46,-1.1627906976744207,0.0,normal,hoja10
2017-08,Profuturo,86,46,1.17647058823529,0.0,normal,hoja10
2017-09,Profuturo,88,47,2.3255813953488413,2.1739130434782705,normal,hoja10
2017-10,Profuturo,81,40,-7.954545454545459,-14.893617021276595,normal,hoja10
2017-11,Profuturo,79,39,-2.4691358024691357,-2.500000000000002,normal,hoja10
2017-12,Profuturo,80,40,1.2658227848101333,2.564102564102555,normal,hoja10
2018-01,Profuturo,84,44,5.000000000000004,10.000000000000009,normal,hoja10
2018-02,Profuturo,82,43,-2.3809523809523836,-2.2727272727272707,normal,hoja10
2018-03,Profuturo,81,42,-1.2195121951219523,-2.3255813953488413,normal,hoja10
2018-04,Profuturo,83,43,2.4691358024691468,2.3809523809523725,normal,hoja10
2018-05,Profuturo,77,38,-7.2289156626506035,-11.627906976744185,normal,hoja10
2018-06,Profuturo,74,35,-3.8961038961038974,-7.8947368421052655,normal,hoja10
2018-07,Profuturo,73,34,-1.3513513513513487,-2.857142857142858,normal,hoja10
2018-08,Profuturo,74,35,1.3698630136986356,2.941176470588225,normal,hoja10
2018-09,Profuturo,70,31,-5.405405405405405,-11.428571428571432,normal,hoja10
2018-10,Profuturo,72,33,2.857142857142847,6.451612903225801,normal,hoja10
2018-11,Profuturo,76,36,5.555555555555558,9.090909090909083,normal,hoja10
2018-12,Profuturo,76,36,0.0,0.0,normal,hoja10
2019-01,Profuturo,86,45,13.157894736842103,25.0,normal,hoja10
2019-02,Profuturo,87,46,1.1627906976744207,2.2222222222222143,normal,hoja10
2019-03,Profuturo,85,44,-2.298850574712641,-4.347826086956519,normal,hoja10
2019-04,Profuturo,86,45,1.17647058823529,2.2727272727272707,normal,hoja10
2019-05,Profuturo,86,44,0.0,-2.2222222222222254,normal,hoja10
2019-06,Profuturo,88,46,2.3255813953488413,4.545454545454541,normal,hoja10
2019-07,Profuturo,88,46,0.0,0.0,normal,hoja10
2019-08,Profuturo,88,46,0.0,0.0,normal,hoja10
2019-09,Profuturo,88,46,0.0,0.0,normal,hoja10
2019-10,Profuturo,80,38,-9.090909090909093,-17.391304347826086,normal,hoja10
2019-11,Profuturo,84,40,5.000000000000004,5.263157894736836,normal,hoja10
2019-12,Profuturo,88,44,4.761904761904767,10.000000000000009,normal,hoja10
2020-01,Profuturo,91,47,3.409090909090917,6.818181818181812,normal,hoja10
2020-02,Profuturo,91,47,0.0,0.0,normal,hoja10
2020-03,Profuturo,88,44,-3.296703296703296,-6.382978723404253,normal,hoja10
2020-04,Profuturo,89,45,1.1363636363636465,2.2727272727272707,normal,hoja10
2020-05,Profuturo,90,46,1.1235955056179803,2.2222222222222143,normal,hoja10
2020-06,Profuturo,87,43,-3.3333333333333326,-6.521739130434778,normal,hoja10
2020-07,Profuturo,85,41,-2.298850574712641,-4.651162790697672,normal,hoja10
2020-08,Profuturo,86,42,1.17647058823529,2.4390243902439046,normal,hoja10
2020-09,Profuturo,84,40,-2.3255813953488413,-4.761904761904767,normal,hoja10
2020-10,Profuturo,83,39,-1.1904761904761862,-2.500000000000002,normal,hoja10
2020-11,Profuturo,85,40,2.4096385542168752,2.564102564102555,normal,hoja10
2020-12,Profuturo,85,40,0.0,0.0,normal,hoja10
2021-01,Profuturo,85,40,0.0,0.0,normal,hoja10
2021-02,Profuturo,84,39,-1.17647058823529,-2.500000000000002,normal,hoja10
2021-03,Profuturo,85,40,1.1904761904761862,2.564102564102555,normal,hoja10
2021-04,Profuturo,86,41,1.17647058823529,2.499999999999991,normal,hoja10
2021-05,Profuturo,87,42,1.1627906976744207,2.4390243902439046,normal,hoja10
2021-06,Profuturo,88,43,1.1494252873563315,2.3809523809523725,normal,hoja10
2021-07,Profuturo,88,43,0.0,0.0,normal,hoja10
2021-08,Profuturo,88,43,0.0,0.0,normal,hoja10
2021-09,Profuturo,91,43,3.409090909090917,0.0,normal,hoja10
2021-10,Profuturo,93,46,2.19780219780219,6.976744186046502,normal,hoja10
2021-11,Profuturo,100,52,7.526881720430101,13.043478260869556,normal,hoja10
2021-12,Profuturo,96,52,-4.0000000000000036,0.0,normal,hoja10
2022-01,Profuturo,98,55,2.083333333333326,5.769230769230771,normal,hoja10
2022-02,Profuturo,104,60,6.1224489795918435,9.090909090909083,normal,hoja10
2022-03,Profuturo,108,66,3.8461538461538547,10.000000000000009,normal,hoja10
2022-04,Profuturo,106,64,-1.851851851851849,-3.0303030303030276,normal,hoja10
2022-05,Profuturo,109,67,2.8301886792452935,4.6875,normal,hoja10
2022-06,Profuturo,108,66,-0.917431192660545,-1.4925373134328401,normal,hoja10
2022-07,Profuturo,107,66,-0.92592592592593,0.0,normal,hoja10
2022-08,Profuturo,101,62,-5.607476635514019,-6.060606060606055,normal,hoja10
2022-09,Profuturo,97,55,-3.960396039603964,-11.290322580645162,normal,hoja10
2022-10,Profuturo,94,53,-3.0927835051546393,-3.6363636363636376,normal,hoja10
2022-11,Profuturo,94,53,0.0,0.0,normal,hoja10
2022-12,Profuturo,96,54,2.127659574468077,1.8867924528301883,normal,hoja10
2023-01,Profuturo,95,55,-1.041666666666663,1.85185185185186,normal,hoja10
2023-02,Profuturo,91,52,-4.210526315789476,-5.454545454545457,normal,hoja10
2023-03,Profuturo,93,54,2.19780219780219,3.8461538461538547,normal,hoja10
2023-04,Profuturo,92,51,-1.0752688172043001,-5.555555555555558,normal,hoja10
2023-05,Profuturo,98,56,6.521739130434789,9.80392156862746,normal,hoja10
2023-06,Profuturo,101,59,3.0612244897959107,5.35714285714286,normal,hoja10
2023-07,Profuturo,101,60,0.0,1.6949152542372836,normal,hoja10
2023-08,Profuturo,99,57,-1.980198019801982,-5.000000000000004,normal,hoja10
2023-09,Profuturo,80,38,-19.191919191919194,-33.333333333333336,normal,hoja10
2023-10,Profuturo,81,39,1.2499999999999956,2.6315789473684292,normal,hoja10
2023-11,Profuturo,82,40,1.2345679012345734,2.564102564102555,normal,hoja10
2023-12,Profuturo,86,43,4.878048780487809,7.499999999999996,normal,hoja10
2024-01,Profuturo,85,44,-1.1627906976744207,2.3255813953488413,normal,hoja10
2024-02,Profuturo,84,45,-1.17647058823529,2.2727272727272707,normal,hoja10
2024-03,Profuturo,88,49,4.761904761904767,8.888888888888879,normal,hoja10
2024-04,Profuturo,84,49,-4.545454545454541,0.0,normal,hoja10
2024-05,Profuturo,88,53,4.761904761904767,8.163265306122458,normal,hoja10
2024-06,Profuturo,89,52,1.1363636363636465,-1.8867924528301883,normal,hoja10
2024-07,Profuturo,82,46,-7.86516853932584,-11.538461538461542,normal,hoja10
2024-08,Profuturo,91,54,10.97560975609757,17.391304347826097,normal,hoja10
2024-09,Profuturo,87,51,-4.395604395604391,-5.555555555555558,normal,hoja10
2024-10,Profuturo,91,55,4.597701149425282,7.843137254901955,normal,hoja10
2024-11,Profuturo,94,58,3.296703296703307,5.454545454545445,normal,hoja10
2024-12,Profuturo,90,53,-4.255319148936165,-8.62068965517241,normal,hoja10
2025-01,Profuturo,84,48,-6.666666666666665,-9.433962264150942,normal,hoja10
2025-02,Profuturo,84,48,0.0,0.0,normal,hoja10
2025-03,Profuturo,86,50,2.3809523809523725,4.166666666666674,normal,hoja10
2025-04,Profuturo,85,49,-1.1627906976744207,-2.0000000000000018,normal,hoja10
2025-05,Profuturo,84,49,-1.17647058823529,0.0,normal,hoja10
2025-06,Profuturo,92,55,9.523809523809534,12.244897959183664,normal,hoja10
2025-07,Profuturo,64,29,-30.434782608695656,-47.27272727272728,revisar,hoja10
2025-08,Profuturo,61,26,-4.6875,-10.344827586206895,normal,hoja10
2025-09,Profuturo,64,30,4.918032786885251,15.384615384615374,normal,hoja10
2025-10,Profuturo,70,35,9.375,16.666666666666675,normal,hoja10
2025-11,Profuturo,69,35,-1.4285714285714235,0.0,normal,hoja10
2025-12,Profuturo,61,26,-11.594202898550721,-25.71428571428571,normal,hoja10
2026-01,Profuturo,54,19,-11.475409836065575,-26.923076923076927,normal,hoja10
