factor,coef_estandarizado,coef_original,coef_abs_estandarizado,retorno_factor,contribucion_retorno,contribucion_puntos_pct,afp,fecha,retorno_real_pct,retorno_estimado_pct,residual_pct,intercepto_pct,ranking_contribucion,columna_modelo,ticker,nombre,grupo,moneda
ret_COPX,0.0007223027488926849,0.027020889122982734,0.0007223027488926849,0.0366565268499305,0.0009904919476456117,0.09904919476456117,Habitat,2026-06-30,1.09564144007625,0.7267296328468655,0.36891180722938455,0.09850943312785435,1,ret_COPX,COPX,Mineras de cobre,materia_prima,USD
ret_EPU,0.0006361151718174072,0.02983811235898251,0.0006361151718174072,0.0329560206594901,0.0009833454473428143,0.09833454473428144,Habitat,2026-06-30,1.09564144007625,0.7267296328468655,0.36891180722938455,0.09850943312785435,2,ret_EPU,EPU,Perú - ETF,mercado,USD
ret_XLK,0.00035685014224513616,0.02035721015118769,0.00035685014224513616,0.048204697283489,0.000981313152874372,0.0981313152874372,Habitat,2026-06-30,1.09564144007625,0.7267296328468655,0.36891180722938455,0.09850943312785435,3,ret_XLK,XLK,Tecnología,sector,USD
ret_EEM,0.0004412693364669594,0.026098119426219403,0.0004412693364669594,0.0349160767841585,0.0009112439418080152,0.09112439418080152,Habitat,2026-06-30,1.09564144007625,0.7267296328468655,0.36891180722938455,0.09850943312785435,4,ret_EEM,EEM,Mercados emergentes,mercado,USD
ret_PEN_X,-0.00038322786539235373,-0.030008040493757562,0.00038322786539235373,0.0200904493159528,-0.0006028750166108955,-0.06028750166108955,Habitat,2026-06-30,1.09564144007625,0.7267296328468655,0.36891180722938455,0.09850943312785435,5,ret_PEN_X,PEN=X,Tipo de cambio USD/PEN,moneda,PEN_POR_USD
ret_QQQ,0.00025073810537275926,0.0160166847733265,0.00025073810537275926,0.0374469865912783,0.0005997765799434887,0.05997765799434887,Habitat,2026-06-30,1.09564144007625,0.7267296328468655,0.36891180722938455,0.09850943312785435,6,ret_QQQ,QQQ,Estados Unidos - Nasdaq 100,mercado,USD
ret_IDX_VIX,-0.0005214908484452279,-0.00824589748541414,0.0005214908484452279,-0.0679886051856325,0.0005606270685370218,0.05606270685370218,Habitat,2026-06-30,1.09564144007625,0.7267296328468655,0.36891180722938455,0.09850943312785435,7,ret_IDX_VIX,^VIX,Volatilidad VIX,riesgo,INDICE
ret_GLD,0.0004896183831776634,0.025717340587345584,0.0004896183831776634,0.0195369753920255,0.0005024390502033093,0.05024390502033093,Habitat,2026-06-30,1.09564144007625,0.7267296328468655,0.36891180722938455,0.09850943312785435,8,ret_GLD,GLD,Oro,materia_prima,USD
ret_XLI,0.00022036471428814325,0.01453855989939156,0.00022036471428814325,0.0338769711520747,0.0004925223743043979,0.04925223743043979,Habitat,2026-06-30,1.09564144007625,0.7267296328468655,0.36891180722938455,0.09850943312785435,9,ret_XLI,XLI,Industria,sector,USD
ret_HYG,-0.0002568307832715752,-0.0203151150693634,0.0002568307832715752,0.01958043736569,-0.0003977788381924551,-0.03977788381924551,Habitat,2026-06-30,1.09564144007625,0.7267296328468655,0.36891180722938455,0.09850943312785435,10,ret_HYG,HYG,Bonos corporativos alto rendimiento,bonos,USD
ret_VGK,0.00022563642303404403,0.01532729135198836,0.00022563642303404403,0.0255343434690975,0.0003913723218325986,0.03913723218325986,Habitat,2026-06-30,1.09564144007625,0.7267296328468655,0.36891180722938455,0.09850943312785435,11,ret_VGK,VGK,Europa,region,USD
ret_ACWI,0.0001811156683467416,0.012745574223082182,0.0001811156683467416,0.0276189933759878,0.00035201993004046767,0.035201993004046764,Habitat,2026-06-30,1.09564144007625,0.7267296328468655,0.36891180722938455,0.09850943312785435,12,ret_ACWI,ACWI,Acciones globales,mercado,USD
ret_EWJ,0.00026207769727196786,0.01605145662597139,0.00026207769727196786,0.020747062738385,0.00033302057766149406,0.033302057766149404,Habitat,2026-06-30,1.09564144007625,0.7267296328468655,0.36891180722938455,0.09850943312785435,13,ret_EWJ,EWJ,Japón,region,USD
ret_CPER,0.00022904962535332668,0.009463860727869202,0.00022904962535332668,0.0337902943583718,0.0003197866397613351,0.03197866397613351,Habitat,2026-06-30,1.09564144007625,0.7267296328468655,0.36891180722938455,0.09850943312785435,14,ret_CPER,CPER,Cobre,materia_prima,USD
ret_XLB,0.00020353933509301882,0.012829025418605072,0.00020353933509301882,0.0235136115820582,0.0003016567206694313,0.03016567206694313,Habitat,2026-06-30,1.09564144007625,0.7267296328468655,0.36891180722938455,0.09850943312785435,15,ret_XLB,XLB,Materiales,sector,USD
ret_LQD,-0.00025522940699404187,-0.020174990837118725,0.00025522940699404187,0.0142321469206543,-0.00028713343371672797,-0.028713343371672796,Habitat,2026-06-30,1.09564144007625,0.7267296328468655,0.36891180722938455,0.09850943312785435,16,ret_LQD,LQD,Bonos corporativos grado inversión,bonos,USD
ret_ILF,0.000303103668443183,0.016473226569712434,0.000303103668443183,0.0173774382143596,0.0002862624769063248,0.02862624769063248,Habitat,2026-06-30,1.09564144007625,0.7267296328468655,0.36891180722938455,0.09850943312785435,17,ret_ILF,ILF,América Latina,mercado,USD
ret_XLE,-0.0003459788042018264,-0.01984182722483393,0.0003459788042018264,0.0111422645451151,-0.00022108288799756661,-0.02210828879975666,Habitat,2026-06-30,1.09564144007625,0.7267296328468655,0.36891180722938455,0.09850943312785435,18,ret_XLE,XLE,Energía,sector,USD
ret_MCHI,0.00014807663476581575,0.008847494429210448,0.00014807663476581575,0.024910680154198,0.00022039710389211005,0.022039710389211004,Habitat,2026-06-30,1.09564144007625,0.7267296328468655,0.36891180722938455,0.09850943312785435,19,ret_MCHI,MCHI,China,region,USD
ret_SPY,0.00010040374430635997,0.00714680447663673,0.00010040374430635997,0.0280336906333544,0.0002003513057151064,0.02003513057151064,Habitat,2026-06-30,1.09564144007625,0.7267296328468655,0.36891180722938455,0.09850943312785435,20,ret_SPY,SPY,Estados Unidos - S&P 500,mercado,USD
ret_USO,-0.00039139535831075314,-0.0140620479811638,0.00039139535831075314,0.0139935380927118,-0.0001967778040859567,-0.01967778040859567,Habitat,2026-06-30,1.09564144007625,0.7267296328468655,0.36891180722938455,0.09850943312785435,21,ret_USO,USO,Petróleo,materia_prima,USD
ret_XLF,-0.0001303987976822706,-0.008995780811451153,0.0001303987976822706,0.0180016449695503,-0.00016193885239163675,-0.016193885239163673,Habitat,2026-06-30,1.09564144007625,0.7267296328468655,0.36891180722938455,0.09850943312785435,22,ret_XLF,XLF,Finanzas,sector,USD
ret_TLT,-0.00023044037558271803,-0.017376812535913246,0.00023044037558271803,0.0080756954575571,-0.00014032984606309588,-0.014032984606309588,Habitat,2026-06-30,1.09564144007625,0.7267296328468655,0.36891180722938455,0.09850943312785435,23,ret_TLT,TLT,Bonos Tesoro EE. UU. largo plazo,bonos,USD
ret_XLY,8.154668977188637e-05,0.0051363743576416775,8.154668977188637e-05,0.021483980916648,0.00011034976868033393,0.011034976868033392,Habitat,2026-06-30,1.09564144007625,0.7267296328468655,0.36891180722938455,0.09850943312785435,24,ret_XLY,XLY,Consumo discrecional,sector,USD
ret_DX_Y_NYB,-0.00039032000656905,-0.10974346733377646,0.00039032000656905,0.0007912355906611,-8.683293719703776e-05,-0.008683293719703776,Habitat,2026-06-30,1.09564144007625,0.7267296328468655,0.36891180722938455,0.09850943312785435,25,ret_DX_Y_NYB,DX-Y.NYB,Índice dólar DXY,moneda,INDICE
ret_XLP,-0.0002703888765473085,-0.019217324578572774,0.0002703888765473085,0.0043725323548389,-8.402837349325027e-05,-0.008402837349325027,Habitat,2026-06-30,1.09564144007625,0.7267296328468655,0.36891180722938455,0.09850943312785435,26,ret_XLP,XLP,Consumo básico,sector,USD
ret_XLV,-0.00016967376168756197,-0.011029458625125036,0.00016967376168756197,0.0068903128850204,-7.599642087949842e-05,-0.007599642087949842,Habitat,2026-06-30,1.09564144007625,0.7267296328468655,0.36891180722938455,0.09850943312785435,27,ret_XLV,XLV,Salud,sector,USD
ret_EPU,0.001955308277430455,0.09171720886915957,0.001955308277430455,0.0329560206594901,0.0030226342303227914,0.30226342303227915,Integra,2026-06-30,1.3681151070292699,1.2746971500817896,0.09341795694748026,0.07580786216622734,1,ret_EPU,EPU,Perú - ETF,mercado,USD
ret_XLK,0.0010391446482851492,0.05928002676286205,0.0010391446482851492,0.048204697283489,0.0028575757450608917,0.2857575745060892,Integra,2026-06-30,1.3681151070292699,1.2746971500817896,0.09341795694748026,0.07580786216622734,2,ret_XLK,XLK,Tecnología,sector,USD
ret_PEN_X,-0.0016289971290002877,-0.12755599533767822,0.0016289971290002877,0.0200904493159528,-0.002562657259277536,-0.2562657259277536,Integra,2026-06-30,1.3681151070292699,1.2746971500817896,0.09341795694748026,0.07580786216622734,3,ret_PEN_X,PEN=X,Tipo de cambio USD/PEN,moneda,PEN_POR_USD
ret_EEM,0.0012394323620512036,0.0733041050722443,0.0012394323620512036,0.0349160767841585,0.0025594917612965047,0.25594917612965046,Integra,2026-06-30,1.3681151070292699,1.2746971500817896,0.09341795694748026,0.07580786216622734,4,ret_EEM,EEM,Mercados emergentes,mercado,USD
ret_COPX,0.0017823126761568088,0.06667519025609442,0.0017823126761568088,0.0366565268499305,0.0024440809018467496,0.24440809018467496,Integra,2026-06-30,1.3681151070292699,1.2746971500817896,0.09341795694748026,0.07580786216622734,5,ret_COPX,COPX,Mineras de cobre,materia_prima,USD
ret_XLI,0.000855926492545184,0.05646974208889408,0.000855926492545184,0.0338769711520747,0.0019130238237105633,0.19130238237105635,Integra,2026-06-30,1.3681151070292699,1.2746971500817896,0.09341795694748026,0.07580786216622734,6,ret_XLI,XLI,Industria,sector,USD
ret_HYG,-0.0011595601905813335,-0.09172030860725827,0.0011595601905813335,0.01958043736569,-0.0017959237578461782,-0.1795923757846178,Integra,2026-06-30,1.3681151070292699,1.2746971500817896,0.09341795694748026,0.07580786216622734,7,ret_HYG,HYG,Bonos corporativos alto rendimiento,bonos,USD
ret_QQQ,0.0006738086437839638,0.043041645500935005,0.0006738086437839638,0.0374469865912783,0.001611779921940067,0.16117799219400672,Integra,2026-06-30,1.3681151070292699,1.2746971500817896,0.09341795694748026,0.07580786216622734,8,ret_QQQ,QQQ,Estados Unidos - Nasdaq 100,mercado,USD
ret_GLD,0.001407266381802674,0.07391705475406654,0.001407266381802674,0.0195369753920255,0.0014441156797811996,0.14441156797811996,Integra,2026-06-30,1.3681151070292699,1.2746971500817896,0.09341795694748026,0.07580786216622734,9,ret_GLD,GLD,Oro,materia_prima,USD
ret_LQD,-0.0010112286296534861,-0.07993408196089044,0.0010112286296534861,0.0142321469206543,-0.0011376335984350154,-0.11376335984350154,Integra,2026-06-30,1.3681151070292699,1.2746971500817896,0.09341795694748026,0.07580786216622734,10,ret_LQD,LQD,Bonos corporativos grado inversión,bonos,USD
ret_XLB,0.000724381044482849,0.045657527711678685,0.000724381044482849,0.0235136115820582,0.001073573372409471,0.1073573372409471,Integra,2026-06-30,1.3681151070292699,1.2746971500817896,0.09341795694748026,0.07580786216622734,11,ret_XLB,XLB,Materiales,sector,USD
ret_IDX_VIX,-0.0009810853615688207,-0.015513080124140748,0.0009810853615688207,-0.0679886051856325,0.0010547126797732882,0.10547126797732882,Integra,2026-06-30,1.3681151070292699,1.2746971500817896,0.09341795694748026,0.07580786216622734,12,ret_IDX_VIX,^VIX,Volatilidad VIX,riesgo,INDICE
ret_XLF,-0.0006239837756875302,-0.04304657232855694,0.0006239837756875302,0.0180016449695503,-0.00077490911221475,-0.077490911221475,Integra,2026-06-30,1.3681151070292699,1.2746971500817896,0.09341795694748026,0.07580786216622734,13,ret_XLF,XLF,Finanzas,sector,USD
ret_VGK,0.0004213789044504343,0.028623912537024208,0.0004213789044504343,0.0255343434690975,0.0007308928141497821,0.07308928141497821,Integra,2026-06-30,1.3681151070292699,1.2746971500817896,0.09341795694748026,0.07580786216622734,14,ret_VGK,VGK,Europa,region,USD
ret_EWJ,0.0005100464108267976,0.03123878119290243,0.0005100464108267976,0.020747062738385,0.0006481129532798281,0.06481129532798281,Integra,2026-06-30,1.3681151070292699,1.2746971500817896,0.09341795694748026,0.07580786216622734,15,ret_EWJ,EWJ,Japón,region,USD
ret_XLE,-0.0009448400340034795,-0.054186419752081126,0.0009448400340034795,0.0111422645451151,-0.0006037594236303381,-0.06037594236303381,Integra,2026-06-30,1.3681151070292699,1.2746971500817896,0.09341795694748026,0.07580786216622734,16,ret_XLE,XLE,Energía,sector,USD
ret_ACWI,0.0002928810001287527,0.020610787347922557,0.0002928810001287527,0.0276189933759878,0.0005692491992361663,0.056924919923616625,Integra,2026-06-30,1.3681151070292699,1.2746971500817896,0.09341795694748026,0.07580786216622734,17,ret_ACWI,ACWI,Acciones globales,mercado,USD
ret_TLT,-0.0007399539066883648,-0.05579768861783027,0.0007399539066883648,0.0080756954575571,-0.00045060514051319746,-0.04506051405131974,Integra,2026-06-30,1.3681151070292699,1.2746971500817896,0.09341795694748026,0.07580786216622734,18,ret_TLT,TLT,Bonos Tesoro EE. UU. largo plazo,bonos,USD
ret_XLV,-0.0007957677488425182,-0.051728018367561426,0.0007957677488425182,0.0068903128850204,-0.0003564222314745804,-0.03564222314745804,Integra,2026-06-30,1.3681151070292699,1.2746971500817896,0.09341795694748026,0.07580786216622734,19,ret_XLV,XLV,Salud,sector,USD
ret_ILF,0.00037595922533294527,0.020432816045062512,0.00037595922533294527,0.0173774382143596,0.00035506999836844934,0.03550699983684493,Integra,2026-06-30,1.3681151070292699,1.2746971500817896,0.09341795694748026,0.07580786216622734,20,ret_ILF,ILF,América Latina,mercado,USD
ret_SPY,0.00014155477086736179,0.010075961580051003,0.00014155477086736179,0.0280336906333544,0.00028246638976871463,0.028246638976871463,Integra,2026-06-30,1.3681151070292699,1.2746971500817896,0.09341795694748026,0.07580786216622734,21,ret_SPY,SPY,Estados Unidos - S&P 500,mercado,USD
ret_XLY,-0.00020185895541133,-0.01271447271906971,0.00020185895541133,0.021483980916648,-0.00027315748926173524,-0.027315748926173524,Integra,2026-06-30,1.3681151070292699,1.2746971500817896,0.09341795694748026,0.07580786216622734,22,ret_XLY,XLY,Consumo discrecional,sector,USD
ret_USO,-0.000489537410618928,-0.0175880945201003,0.000489537410618928,0.0139935380927118,-0.00024611967064523926,-0.024611967064523926,Integra,2026-06-30,1.3681151070292699,1.2746971500817896,0.09341795694748026,0.07580786216622734,23,ret_USO,USO,Petróleo,materia_prima,USD
ret_XLP,-0.0007345602577039347,-0.05220733587517504,0.0007345602577039347,0.0043725323548389,-0.00022827826527414447,-0.022827826527414448,Integra,2026-06-30,1.3681151070292699,1.2746971500817896,0.09341795694748026,0.07580786216622734,24,ret_XLP,XLP,Consumo básico,sector,USD
ret_DX_Y_NYB,-0.0007006230201057033,-0.196989132573864,0.0007006230201057033,0.0007912355906611,-0.00015586481266589904,-0.015586481266589904,Integra,2026-06-30,1.3681151070292699,1.2746971500817896,0.09341795694748026,0.07580786216622734,25,ret_DX_Y_NYB,DX-Y.NYB,Índice dólar DXY,moneda,INDICE
ret_CPER,5.8705497075569e-05,0.002425590731381865,5.8705497075569e-05,0.0337902943583718,8.196142480633156e-05,0.008196142480633157,Integra,2026-06-30,1.3681151070292699,1.2746971500817896,0.09341795694748026,0.07580786216622734,26,ret_CPER,CPER,Cobre,materia_prima,USD
ret_MCHI,-5.006537840254967e-05,-0.002991377790381344,5.006537840254967e-05,0.024910680154198,-7.45172553565612e-05,-0.00745172553565612,Integra,2026-06-30,1.3681151070292699,1.2746971500817896,0.09341795694748026,0.07580786216622734,27,ret_MCHI,MCHI,China,region,USD
ret_XLK,0.0011123071060425344,0.06345372140782975,0.0011123071060425344,0.048204697283489,0.0030587674319752785,0.30587674319752783,Prima,2026-06-30,1.47770174438699,1.3059764639181004,0.1717252804688898,0.08123751004773165,1,ret_XLK,XLK,Tecnología,sector,USD
ret_EEM,0.0014761179558907362,0.0873024693001931,0.0014761179558907362,0.0349160767841585,0.0030482597215321823,0.3048259721532182,Prima,2026-06-30,1.47770174438699,1.3059764639181004,0.1717252804688898,0.08123751004773165,2,ret_EEM,EEM,Mercados emergentes,mercado,USD
ret_EPU,0.0019125232969993808,0.08971030334333804,0.0019125232969993808,0.0329560206594901,0.002956494610352172,0.2956494610352172,Prima,2026-06-30,1.47770174438699,1.3059764639181004,0.1717252804688898,0.08123751004773165,3,ret_EPU,EPU,Perú - ETF,mercado,USD
ret_COPX,0.0018969693994537618,0.07096442577701832,0.0018969693994537618,0.0366565268499305,0.0026013093788851724,0.2601309378885172,Prima,2026-06-30,1.47770174438699,1.3059764639181004,0.1717252804688898,0.08123751004773165,4,ret_COPX,COPX,Mineras de cobre,materia_prima,USD
ret_PEN_X,-0.0016165205977202392,-0.12657904065957823,0.0016165205977202392,0.0200904493159528,-0.002543029800833185,-0.2543029800833185,Prima,2026-06-30,1.47770174438699,1.3059764639181004,0.1717252804688898,0.08123751004773165,5,ret_PEN_X,PEN=X,Tipo de cambio USD/PEN,moneda,PEN_POR_USD
ret_HYG,-0.0012064874323694694,-0.09543221690995483,0.0012064874323694694,0.01958043736569,-0.0018686045458743128,-0.18686045458743128,Prima,2026-06-30,1.47770174438699,1.3059764639181004,0.1717252804688898,0.08123751004773165,6,ret_HYG,HYG,Bonos corporativos alto rendimiento,bonos,USD
ret_XLI,0.0008320734058611496,0.05489603492501593,0.0008320734058611496,0.0338769711520747,0.0018597113915180498,0.18597113915180497,Prima,2026-06-30,1.47770174438699,1.3059764639181004,0.1717252804688898,0.08123751004773165,7,ret_XLI,XLI,Industria,sector,USD
ret_QQQ,0.0007182590908617423,0.04588105755527671,0.0007182590908617423,0.0374469865912783,0.0017181073470661147,0.17181073470661148,Prima,2026-06-30,1.47770174438699,1.3059764639181004,0.1717252804688898,0.08123751004773165,8,ret_QQQ,QQQ,Estados Unidos - Nasdaq 100,mercado,USD
ret_GLD,0.0015308312202114936,0.08040733196415824,0.0015308312202114936,0.0195369753920255,0.001570916065922185,0.1570916065922185,Prima,2026-06-30,1.47770174438699,1.3059764639181004,0.1717252804688898,0.08123751004773165,9,ret_GLD,GLD,Oro,materia_prima,USD
ret_LQD,-0.0010552767568094222,-0.08341593216079314,0.0010552767568094222,0.0142321469206543,-0.00118718780203574,-0.118718780203574,Prima,2026-06-30,1.47770174438699,1.3059764639181004,0.1717252804688898,0.08123751004773165,10,ret_LQD,LQD,Bonos corporativos grado inversión,bonos,USD
ret_XLB,0.0006940849568730977,0.04374797407256435,0.0006940849568730977,0.0235136115820582,0.001028672869844231,0.1028672869844231,Prima,2026-06-30,1.47770174438699,1.3059764639181004,0.1717252804688898,0.08123751004773165,11,ret_XLB,XLB,Materiales,sector,USD
ret_XLF,-0.0008243262590065832,-0.05686753616559581,0.0008243262590065832,0.0180016449695503,-0.0010237091963461176,-0.10237091963461176,Prima,2026-06-30,1.47770174438699,1.3059764639181004,0.1717252804688898,0.08123751004773165,12,ret_XLF,XLF,Finanzas,sector,USD
ret_IDX_VIX,-0.0008688374625513086,-0.013738198223507093,0.0008688374625513086,-0.0679886051856325,0.0009340409349799816,0.09340409349799816,Prima,2026-06-30,1.47770174438699,1.3059764639181004,0.1717252804688898,0.08123751004773165,13,ret_IDX_VIX,^VIX,Volatilidad VIX,riesgo,INDICE
ret_VGK,0.0003876223786690187,0.026330860295167853,0.0003876223786690187,0.0255343434690975,0.000672341230613638,0.0672341230613638,Prima,2026-06-30,1.47770174438699,1.3059764639181004,0.1717252804688898,0.08123751004773165,14,ret_VGK,VGK,Europa,region,USD
ret_ILF,0.0005979600611034138,0.03249822615737189,0.0005979600611034138,0.0173774382143596,0.0005647359171260151,0.05647359171260151,Prima,2026-06-30,1.47770174438699,1.3059764639181004,0.1717252804688898,0.08123751004773165,15,ret_ILF,ILF,América Latina,mercado,USD
ret_XLE,-0.0008475915947324415,-0.04860923783669689,0.0008475915947324415,0.0111422645451151,-0.0005416169873128951,-0.054161698731289516,Prima,2026-06-30,1.47770174438699,1.3059764639181004,0.1717252804688898,0.08123751004773165,16,ret_XLE,XLE,Energía,sector,USD
ret_ACWI,0.00027864350478027104,0.01960885827479869,0.00027864350478027104,0.0276189933759878,0.0005415769268023486,0.05415769268023486,Prima,2026-06-30,1.47770174438699,1.3059764639181004,0.1717252804688898,0.08123751004773165,17,ret_ACWI,ACWI,Acciones globales,mercado,USD
ret_EWJ,0.0003903901520589562,0.02391020166236391,0.0003903901520589562,0.020747062738385,0.0004960664539765013,0.04960664539765013,Prima,2026-06-30,1.47770174438699,1.3059764639181004,0.1717252804688898,0.08123751004773165,18,ret_EWJ,EWJ,Japón,region,USD
ret_TLT,-0.0007707195888226228,-0.05811763576092367,0.0007707195888226228,0.0080756954575571,-0.0004693403271184494,-0.04693403271184494,Prima,2026-06-30,1.47770174438699,1.3059764639181004,0.1717252804688898,0.08123751004773165,19,ret_TLT,TLT,Bonos Tesoro EE. UU. largo plazo,bonos,USD
ret_XLV,-0.0008644911499729556,-0.056195308429426036,0.0008644911499729556,0.0068903128850204,-0.0003872032577489697,-0.03872032577489697,Prima,2026-06-30,1.47770174438699,1.3059764639181004,0.1717252804688898,0.08123751004773165,20,ret_XLV,XLV,Salud,sector,USD
ret_XLY,-0.0002574431672024157,-0.016215550701905068,0.0002574431672024157,0.021483980916648,-0.00034837458183266656,-0.034837458183266654,Prima,2026-06-30,1.47770174438699,1.3059764639181004,0.1717252804688898,0.08123751004773165,21,ret_XLY,XLY,Consumo discrecional,sector,USD
ret_USO,-0.000470781033323907,-0.016914215610003502,0.000470781033323907,0.0139935380927118,-0.00023668972044692455,-0.023668972044692455,Prima,2026-06-30,1.47770174438699,1.3059764639181004,0.1717252804688898,0.08123751004773165,22,ret_USO,USO,Petróleo,materia_prima,USD
ret_XLP,-0.000705531191858589,-0.050144155659752374,0.000705531191858589,0.0043725323548389,-0.00021925694302834538,-0.021925694302834538,Prima,2026-06-30,1.47770174438699,1.3059764639181004,0.1717252804688898,0.08123751004773165,23,ret_XLP,XLP,Consumo básico,sector,USD
ret_DX_Y_NYB,-0.000867640675400111,-0.24394828478099853,0.000867640675400111,0.0007912355906611,-0.00019302056519945562,-0.01930205651994556,Prima,2026-06-30,1.47770174438699,1.3059764639181004,0.1717252804688898,0.08123751004773165,24,ret_DX_Y_NYB,DX-Y.NYB,Índice dólar DXY,moneda,INDICE
ret_SPY,7.412608619010142e-05,0.00527634350968542,7.412608619010142e-05,0.0280336906333544,0.00014791538162582844,0.014791538162582845,Prima,2026-06-30,1.47770174438699,1.3059764639181004,0.1717252804688898,0.08123751004773165,25,ret_SPY,SPY,Estados Unidos - S&P 500,mercado,USD
ret_CPER,8.094934300462373e-05,0.0033446608219791416,8.094934300462373e-05,0.0337902943583718,0.00011301707370358899,0.0113017073703589,Prima,2026-06-30,1.47770174438699,1.3059764639181004,0.1717252804688898,0.08123751004773165,26,ret_CPER,CPER,Cobre,materia_prima,USD
ret_MCHI,-3.1247986467039755e-05,-0.0018670493601398441,3.1247986467039755e-05,0.024910680154198,-4.650946944254369e-05,-0.004650946944254369,Prima,2026-06-30,1.47770174438699,1.3059764639181004,0.1717252804688898,0.08123751004773165,27,ret_MCHI,MCHI,China,region,USD
ret_EPU,0.002477829912505501,0.11622701455862956,0.002477829912505501,0.0329560206594901,0.0038303798929850523,0.38303798929850524,Profuturo,2026-06-30,0.89959633010854,1.1471523080735877,-0.24755597796504766,0.0499884566506855,1,ret_EPU,EPU,Perú - ETF,mercado,USD
ret_COPX,0.0021911797381507594,0.08197064851804226,0.0021911797381507594,0.0366565268499305,0.0030047592783078317,0.3004759278307832,Profuturo,2026-06-30,0.89959633010854,1.1471523080735877,-0.24755597796504766,0.0499884566506855,2,ret_COPX,COPX,Mineras de cobre,materia_prima,USD
ret_PEN_X,-0.001627090196068276,-0.12740667602713146,0.001627090196068276,0.0200904493159528,-0.002559657367237103,-0.2559657367237103,Profuturo,2026-06-30,0.89959633010854,1.1471523080735877,-0.24755597796504766,0.0499884566506855,3,ret_PEN_X,PEN=X,Tipo de cambio USD/PEN,moneda,PEN_POR_USD
ret_EEM,0.0010906738506505302,0.064506037598793,0.0010906738506505302,0.0349160767841585,0.002252297761841272,0.22522977618412718,Profuturo,2026-06-30,0.89959633010854,1.1471523080735877,-0.24755597796504766,0.0499884566506855,4,ret_EEM,EEM,Mercados emergentes,mercado,USD
ret_XLK,0.0007496101003827947,0.04276296556570434,0.0007496101003827947,0.048204697283489,0.0020613758100390418,0.20613758100390417,Profuturo,2026-06-30,0.89959633010854,1.1471523080735877,-0.24755597796504766,0.0499884566506855,5,ret_XLK,XLK,Tecnología,sector,USD
ret_GLD,0.0019432834962660535,0.10207150149651845,0.0019432834962660535,0.0195369753920255,0.001994168412964575,0.1994168412964575,Profuturo,2026-06-30,0.89959633010854,1.1471523080735877,-0.24755597796504766,0.0499884566506855,6,ret_GLD,GLD,Oro,materia_prima,USD
ret_HYG,-0.0012365323748256506,-0.09780874847472569,0.0012365323748256506,0.01958043736569,-0.0019151380733258938,-0.19151380733258938,Profuturo,2026-06-30,0.89959633010854,1.1471523080735877,-0.24755597796504766,0.0499884566506855,7,ret_HYG,HYG,Bonos corporativos alto rendimiento,bonos,USD
ret_XLI,0.000583616528536528,0.03850409484028637,0.000583616528536528,0.0338769711520747,0.0013044021101411296,0.13044021101411296,Profuturo,2026-06-30,0.89959633010854,1.1471523080735877,-0.24755597796504766,0.0499884566506855,8,ret_XLI,XLI,Industria,sector,USD
ret_LQD,-0.0010608935842292202,-0.08385992269880645,0.0010608935842292202,0.0142321469206543,-0.0011935067406041258,-0.11935067406041258,Profuturo,2026-06-30,0.89959633010854,1.1471523080735877,-0.24755597796504766,0.0499884566506855,9,ret_LQD,LQD,Bonos corporativos grado inversión,bonos,USD
ret_IDX_VIX,-0.0009815810405551782,-0.015520917880295748,0.0009815810405551782,-0.0679886051856325,0.0010552455578820518,0.10552455578820517,Profuturo,2026-06-30,0.89959633010854,1.1471523080735877,-0.24755597796504766,0.0499884566506855,10,ret_IDX_VIX,^VIX,Volatilidad VIX,riesgo,INDICE
ret_XLB,0.000657060575684313,0.04141433803527471,0.000657060575684313,0.0235136115820582,0.0009738006584895088,0.09738006584895088,Profuturo,2026-06-30,0.89959633010854,1.1471523080735877,-0.24755597796504766,0.0499884566506855,11,ret_XLB,XLB,Materiales,sector,USD
ret_QQQ,0.0003879655574380012,0.0247825197017998,0.0003879655574380012,0.0374469865912783,0.0009280306829713874,0.09280306829713873,Profuturo,2026-06-30,0.89959633010854,1.1471523080735877,-0.24755597796504766,0.0499884566506855,12,ret_QQQ,QQQ,Estados Unidos - Nasdaq 100,mercado,USD
ret_XLF,-0.0006151994663905956,-0.0424405719480338,0.0006151994663905956,0.0180016449695503,-0.0007640001085131602,-0.07640001085131602,Profuturo,2026-06-30,0.89959633010854,1.1471523080735877,-0.24755597796504766,0.0499884566506855,13,ret_XLF,XLF,Finanzas,sector,USD
ret_ILF,0.0007955897117390612,0.043239099168034235,0.0007955897117390612,0.0173774382143596,0.0007513847742370826,0.07513847742370826,Profuturo,2026-06-30,0.89959633010854,1.1471523080735877,-0.24755597796504766,0.0499884566506855,14,ret_ILF,ILF,América Latina,mercado,USD
ret_VGK,0.0003560151256835792,0.02418380633628312,0.0003560151256835792,0.0255343434690975,0.0006175176173807897,0.06175176173807897,Profuturo,2026-06-30,0.89959633010854,1.1471523080735877,-0.24755597796504766,0.0499884566506855,15,ret_VGK,VGK,Europa,region,USD
ret_XLE,-0.0009042226165843293,-0.051857017577838095,0.0009042226165843293,0.0111422645451151,-0.0005778046083729559,-0.057780460837295586,Profuturo,2026-06-30,0.89959633010854,1.1471523080735877,-0.24755597796504766,0.0499884566506855,16,ret_XLE,XLE,Energía,sector,USD
ret_TLT,-0.0008019680498928978,-0.06047398780505162,0.0008019680498928978,0.0080756954575571,-0.0004883695086176188,-0.04883695086176188,Profuturo,2026-06-30,0.89959633010854,1.1471523080735877,-0.24755597796504766,0.0499884566506855,17,ret_TLT,TLT,Bonos Tesoro EE. UU. largo plazo,bonos,USD
ret_ACWI,0.00022192997598930914,0.015617781758579008,0.00022192997598930914,0.0276189933759878,0.0004313474109378167,0.043134741093781674,Profuturo,2026-06-30,0.89959633010854,1.1471523080735877,-0.24755597796504766,0.0499884566506855,18,ret_ACWI,ACWI,Acciones globales,mercado,USD
ret_USO,-0.0007152369473742927,-0.02569702490925557,0.0007152369473742927,0.0139935380927118,-0.00035959229693703176,-0.035959229693703174,Profuturo,2026-06-30,0.89959633010854,1.1471523080735877,-0.24755597796504766,0.0499884566506855,19,ret_USO,USO,Petróleo,materia_prima,USD
ret_XLV,-0.0006669771710478083,-0.04335612671522453,0.0006669771710478083,0.0068903128850204,-0.00029873727855048876,-0.029873727855048875,Profuturo,2026-06-30,0.89959633010854,1.1471523080735877,-0.24755597796504766,0.0499884566506855,20,ret_XLV,XLV,Salud,sector,USD
ret_EWJ,0.00023013182876936757,0.014094869980155644,0.00023013182876936757,0.020747062738385,0.00029242715176766847,0.029242715176766847,Profuturo,2026-06-30,0.89959633010854,1.1471523080735877,-0.24755597796504766,0.0499884566506855,21,ret_EWJ,EWJ,Japón,region,USD
ret_CPER,0.00014973869767948098,0.006186895866889649,0.00014973869767948098,0.0337902943583718,0.00020905703250679512,0.020905703250679513,Profuturo,2026-06-30,0.89959633010854,1.1471523080735877,-0.24755597796504766,0.0499884566506855,22,ret_CPER,CPER,Cobre,materia_prima,USD
ret_DX_Y_NYB,-0.0008784682975574792,-0.24699260938268763,0.0008784682975574792,0.0007912355906611,-0.00019542934317383722,-0.01954293431738372,Profuturo,2026-06-30,0.89959633010854,1.1471523080735877,-0.24755597796504766,0.0499884566506855,23,ret_DX_Y_NYB,DX-Y.NYB,Índice dólar DXY,moneda,INDICE
ret_XLP,-0.0005963500054957724,-0.042384330910301984,0.0005963500054957724,0.0043725323548389,-0.0001853268582434939,-0.01853268582434939,Profuturo,2026-06-30,0.89959633010854,1.1471523080735877,-0.24755597796504766,0.0499884566506855,24,ret_XLP,XLP,Consumo básico,sector,USD
ret_MCHI,-9.649638181464654e-05,-0.005765603748992967,9.649638181464654e-05,0.024910680154198,-0.00014362511088700868,-0.014362511088700868,Profuturo,2026-06-30,0.89959633010854,1.1471523080735877,-0.24755597796504766,0.0499884566506855,25,ret_MCHI,MCHI,China,region,USD
ret_XLY,-8.659014210852411e-05,-0.005454045857592923,8.659014210852411e-05,0.021483980916648,-0.00011717461712304944,-0.011717461712304944,Profuturo,2026-06-30,0.89959633010854,1.1471523080735877,-0.24755597796504766,0.0499884566506855,26,ret_XLY,XLY,Consumo discrecional,sector,USD
ret_SPY,3.197577741254502e-05,0.0022760568416514792,3.197577741254502e-05,0.0280336906333544,6.380627336278727e-05,0.006380627336278727,Profuturo,2026-06-30,0.89959633010854,1.1471523080735877,-0.24755597796504766,0.0499884566506855,27,ret_SPY,SPY,Estados Unidos - S&P 500,mercado,USD
