archivo,hoja,anio,mes,fila_python,fila_excel_aprox,numero_afp_detectadas,afp_detectadas,palabras_encabezado,texto_fila
FP-1356-ab2026.XLS,Fondo3xIntru,0,0,3,4,4,habitat | integra | prima | profuturo,total, |  |  | habitat |  | integra |  | prima |  | profuturo |  | total spp | 
FP-1356-ab2026.XLS,Fondo3xIntru,0,0,0,1,0,,instrumento,cartera administrada del fondo de pensiones tipo 3 por instrumento financiero y afp |  |  |  |  |  |  |  |  |  |  |  | 
FP-1356-ab2026.XLS,Fondo3xIntru,0,0,1,2,0,,,2026-04-30 00:00:00 |  |  |  |  |  |  |  |  |  |  |  | 
FP-1356-ab2026.XLS,Fondo3xIntru,0,0,2,3,0,,,(en miles de soles) |  |  |  |  |  |  |  |  |  |  |  | 
FP-1356-ab2026.XLS,Fondo3xIntru,0,0,4,5,0,,monto | %, |  |  | monto | % | monto | % | monto | % | monto | % | monto | %
FP-1356-ab2026.XLS,Fondo3xIntru,0,0,5,6,0,,,i. inversiones locales |  |  | 2335743.937037 | 43.15766293751276 | 1270757.966099 | 38.4052253532352 | 1247216.677071 | 42.076192771349554 | 1339236.292582 | 38.19151971752983 | 6192954.872789 | 40.7652426891799
FP-1356-ab2026.XLS,Fondo3xIntru,0,0,6,7,0,,, | 1. gobierno |  | 277458.250782 | 5.126610617117384 | 0 | 0 | 96287.822494 | 3.2483730014783925 | 23424.997026 | 0.6680197070202823 | 397171.070301 | 2.6143860891158206
FP-1356-ab2026.XLS,Fondo3xIntru,0,0,7,8,0,,, |  | certificados y depósitos a plazo del bcrp 1/ | 0 | 0 | 0 | 0 | 0 | 0 | 0 | 0 | 0 | 0
FP-1356-ab2026.XLS,Fondo3xIntru,0,0,8,9,0,,, |  | bonos del gobierno central | 277458.250782 | 5.126610617117384 | 0 | 0 | 96287.822494 | 3.2483730014783925 | 23424.997026 | 0.6680197070202823 | 397171.070301 | 2.6143860891158206
FP-1356-ab2026.XLS,Fondo3xIntru,0,0,9,10,0,,, |  | bonos brady | 0 | 0 | 0 | 0 | 0 | 0 | 0 | 0 | 0 | 0
FP-1356-ab2026.XLS,Fondo3xIntru,0,0,10,11,0,,, |  | letras del tesoro | 0 | 0 | 0 | 0 | 0 | 0 | 0 | 0 | 0 | 0
FP-1356-ab2026.XLS,Fondo3xIntru,0,0,11,12,0,,, | 2. sistema financiero |  | 389357.353863 | 7.194176199629821 | 220044.004969 | 6.650235390147047 | 274909.649285 | 9.274371976154452 | 206540.115436 | 5.889984414868971 | 1090851.123552 | 7.1805481717219894
FP-1356-ab2026.XLS,Fondo3xIntru,0,0,12,13,0,,, |  | certificados y depósitos a plazo 2/ | 86717.537495 | 1.6022844776075513 | 56053.724334 | 1.694072335067841 | 81805.671838 | 2.759802110832024 | 49248.898171 | 1.4044498913168457 | 273825.831838 | 1.8024637218800792
FP-1356-ab2026.XLS,Fondo3xIntru,0,0,13,14,0,,, |  | papeles comerciales | 0 | 0 | 0 | 0 | 0 | 0 | 0 | 0 | 0 | 0
FP-1356-ab2026.XLS,Fondo3xIntru,0,0,14,15,0,,, |  | títulos de deuda emitidos por organismos internacionales en el mercado local | 0 | 0 | 0 | 0 | 0 | 0 | 0 | 0 | 0 | 0
FP-1356-ma2026.XLS,Fondo3xIntru,0,0,3,4,4,habitat | integra | prima | profuturo,total, |  |  | habitat |  | integra |  | prima |  | profuturo |  | total spp | 
FP-1356-ma2026.XLS,Fondo3xIntru,0,0,0,1,0,,instrumento,cartera administrada del fondo de pensiones tipo 3 por instrumento financiero y afp |  |  |  |  |  |  |  |  |  |  |  | 
FP-1356-ma2026.XLS,Fondo3xIntru,0,0,1,2,0,,,2026-03-31 00:00:00 |  |  |  |  |  |  |  |  |  |  |  | 
FP-1356-ma2026.XLS,Fondo3xIntru,0,0,2,3,0,,,(en miles de soles) |  |  |  |  |  |  |  |  |  |  |  | 
FP-1356-ma2026.XLS,Fondo3xIntru,0,0,4,5,0,,monto | %, |  |  | monto | % | monto | % | monto | % | monto | % | monto | %
FP-1356-ma2026.XLS,Fondo3xIntru,0,0,5,6,0,,,i. inversiones locales |  |  | 2247317.369752 | 45.22319689274023 | 1264185.727688 | 40.76731582329031 | 1279857.400084 | 45.86097142721252 | 1296055.826825 | 38.928991868676185 | 6087416.324348 | 42.89817776982737
FP-1356-ma2026.XLS,Fondo3xIntru,0,0,6,7,0,,, | 1. gobierno |  | 309931.092174 | 6.236802595493466 | 0 | 0 | 113167.202345 | 4.055106321142491 | 36022.502602 | 1.0819902058678625 | 459120.797121 | 3.2354359424942087
FP-1356-ma2026.XLS,Fondo3xIntru,0,0,7,8,0,,, |  | certificados y depósitos a plazo del bcrp 1/ | 0 | 0 | 0 | 0 | 0 | 0 | 0 | 0 | 0 | 0
FP-1356-ma2026.XLS,Fondo3xIntru,0,0,8,9,0,,, |  | bonos del gobierno central | 309931.092174 | 6.236802595493466 | 0 | 0 | 113167.202345 | 4.055106321142491 | 36022.502602 | 1.0819902058678625 | 459120.797121 | 3.2354359424942087
FP-1356-ma2026.XLS,Fondo3xIntru,0,0,9,10,0,,, |  | bonos brady | 0 | 0 | 0 | 0 | 0 | 0 | 0 | 0 | 0 | 0
FP-1356-ma2026.XLS,Fondo3xIntru,0,0,10,11,0,,, |  | letras del tesoro | 0 | 0 | 0 | 0 | 0 | 0 | 0 | 0 | 0 | 0
FP-1356-ma2026.XLS,Fondo3xIntru,0,0,11,12,0,,, | 2. sistema financiero |  | 286874.700092 | 5.7728344115624335 | 176168.660414 | 5.681066681869717 | 236123.551792 | 8.460985935866077 | 140929.990285 | 4.233044852162963 | 840096.902583 | 5.920184253990028
FP-1356-ma2026.XLS,Fondo3xIntru,0,0,12,13,0,,, |  | certificados y depósitos a plazo 2/ | 4255.290978 | 0.08563003353426285 | 11629.866287 | 0.37503858928375566 | 1259.926631 | 0.045146794651406315 | 17739.982072 | 0.5328471224292389 | 34885.065968 | 0.24583594774384093
FP-1356-ma2026.XLS,Fondo3xIntru,0,0,13,14,0,,, |  | papeles comerciales | 0 | 0 | 0 | 0 | 0 | 0 | 0 | 0 | 0 | 0
FP-1356-ma2026.XLS,Fondo3xIntru,0,0,14,15,0,,, |  | títulos de deuda emitidos por organismos internacionales en el mercado local | 0 | 0 | 0 | 0 | 0 | 0 | 0 | 0 | 0 | 0
FP-1356-my2026.XLS,Fondo3xIntru,0,0,3,4,4,habitat | integra | prima | profuturo,total, |  |  | habitat |  | integra |  | prima |  | profuturo |  | total spp | 
FP-1356-my2026.XLS,Fondo3xIntru,0,0,0,1,0,,instrumento,cartera administrada del fondo de pensiones tipo 3 por instrumento financiero y afp |  |  |  |  |  |  |  |  |  |  |  | 
FP-1356-my2026.XLS,Fondo3xIntru,0,0,1,2,0,,,2026-05-31 00:00:00 |  |  |  |  |  |  |  |  |  |  |  | 
FP-1356-my2026.XLS,Fondo3xIntru,0,0,2,3,0,,,(en miles de soles) |  |  |  |  |  |  |  |  |  |  |  | 
FP-1356-my2026.XLS,Fondo3xIntru,0,0,4,5,0,,monto | %, |  |  | monto | % | monto | % | monto | % | monto | % | monto | %
FP-1356-my2026.XLS,Fondo3xIntru,0,0,5,6,0,,,i. inversiones locales |  |  | 2472949.605347 | 42.237150732372065 | 1366015.75445 | 39.0465516326739 | 1452182.710004 | 45.825458666195594 | 1472851.45964 | 40.41797245262432 | 6763999.529442 | 41.84002197959411
FP-1356-my2026.XLS,Fondo3xIntru,0,0,6,7,0,,, | 1. gobierno |  | 380709.845754 | 6.502396614003578 | 110095.687702 | 3.1470039349009826 | 84496.31443 | 2.6663878709499067 | 41471.428199 | 1.1380584454374445 | 616773.276085 | 3.815169902880158
FP-1356-my2026.XLS,Fondo3xIntru,0,0,7,8,0,,, |  | certificados y depósitos a plazo del bcrp 1/ | 0 | 0 | 0 | 0 | 0 | 0 | 0 | 0 | 0 | 0
FP-1356-my2026.XLS,Fondo3xIntru,0,0,8,9,0,,, |  | bonos del gobierno central | 380709.845754 | 6.502396614003578 | 110095.687702 | 3.1470039349009826 | 84496.31443 | 2.6663878709499067 | 41471.428199 | 1.1380584454374445 | 616773.276085 | 3.815169902880158
FP-1356-my2026.XLS,Fondo3xIntru,0,0,9,10,0,,, |  | bonos brady | 0 | 0 | 0 | 0 | 0 | 0 | 0 | 0 | 0 | 0
FP-1356-my2026.XLS,Fondo3xIntru,0,0,10,11,0,,, |  | letras del tesoro | 0 | 0 | 0 | 0 | 0 | 0 | 0 | 0 | 0 | 0
FP-1356-my2026.XLS,Fondo3xIntru,0,0,11,12,0,,, | 2. sistema financiero |  | 426685.969217 | 7.287653399098636 | 195331.858148 | 5.583416926075568 | 443674.947503 | 14.000723068772263 | 315956.151093 | 8.67046498649324 | 1381648.925961 | 8.546455566512991
FP-1356-my2026.XLS,Fondo3xIntru,0,0,12,13,0,,, |  | certificados y depósitos a plazo 2/ | 141541.827056 | 2.417486984519744 | 3289.808743 | 0.0940367536221365 | 214727.14934 | 6.7759862714266 | 74708.894275 | 2.050160599026755 | 434267.679414 | 2.6862463802104988
FP-1356-my2026.XLS,Fondo3xIntru,0,0,13,14,0,,, |  | papeles comerciales | 0 | 0 | 0 | 0 | 0 | 0 | 0 | 0 | 0 | 0
FP-1356-my2026.XLS,Fondo3xIntru,0,0,14,15,0,,, |  | títulos de deuda emitidos por organismos internacionales en el mercado local | 0 | 0 | 0 | 0 | 0 | 0 | 0 | 0 | 0 | 0
