fecha,vc,fuente,senal,ret_estimado
2024-12-31,51.5789013,SBS OFICIAL,,
2025-01-02,51.6789686,SBS OFICIAL,,
2025-01-03,51.8937578,SBS OFICIAL,,
2025-01-06,52.3006609,SBS OFICIAL,,
2025-01-07,52.2017687,SBS OFICIAL,,
2025-01-08,52.2550235,SBS OFICIAL,,
2025-01-09,52.154422100000005,SBS OFICIAL,,
2025-01-10,51.8770935,SBS OFICIAL,,
2025-01-13,51.679751,SBS OFICIAL,,
2025-01-14,51.7166077,SBS OFICIAL,,
2025-01-15,51.9732594,SBS OFICIAL,,
2025-01-16,51.8978888,SBS OFICIAL,,
2025-01-17,51.9320817,SBS OFICIAL,,
2025-01-20,51.9329306,SBS OFICIAL,,
2025-01-21,52.1362523,SBS OFICIAL,,
2025-01-22,52.0709962,SBS OFICIAL,,
2025-01-23,51.9968762,SBS OFICIAL,,
2025-01-24,51.9200746,SBS OFICIAL,,
2025-01-27,51.302161000000005,SBS OFICIAL,,
2025-01-28,51.4058539,SBS OFICIAL,,
2025-01-29,51.3390433,SBS OFICIAL,,
2025-01-30,51.5922827,SBS OFICIAL,,
2025-01-31,51.4974275,SBS OFICIAL,,
2025-02-03,51.1911586,SBS OFICIAL,,
2025-02-04,51.4388543,SBS OFICIAL,,
2025-02-05,51.64599200000001,SBS OFICIAL,,
2025-02-06,51.7735634,SBS OFICIAL,,
2025-02-07,51.5558786,SBS OFICIAL,,
2025-02-10,51.7039861,SBS OFICIAL,,
2025-02-11,51.62440000000001,SBS OFICIAL,,
2025-02-12,51.663730400000006,SBS OFICIAL,,
2025-02-13,51.8912495,SBS OFICIAL,,
2025-02-14,51.9309927,SBS OFICIAL,,
2025-02-17,51.88879549999999,SBS OFICIAL,,
2025-02-18,51.8109976,SBS OFICIAL,,
2025-02-19,51.7765835,SBS OFICIAL,,
2025-02-20,51.5640461,SBS OFICIAL,,
2025-02-21,51.2561498,SBS OFICIAL,,
2025-02-24,51.0146534,SBS OFICIAL,,
2025-02-25,50.6494626,SBS OFICIAL,,
2025-02-26,50.7326124,SBS OFICIAL,,
2025-02-27,50.3709926,SBS OFICIAL,,
2025-02-28,50.5392348,SBS OFICIAL,,
2025-03-03,50.5158816,SBS OFICIAL,,
2025-03-04,50.10203859999999,SBS OFICIAL,,
2025-03-05,50.40861340000001,SBS OFICIAL,,
2025-03-06,50.3435682,SBS OFICIAL,,
2025-03-07,50.276602700000005,SBS OFICIAL,,
2025-03-10,49.8822293,SBS OFICIAL,,
2025-03-11,49.8009582,SBS OFICIAL,,
2025-03-12,50.022437,SBS OFICIAL,,
2025-03-13,50.034829,SBS OFICIAL,,
2025-03-14,50.4938995,SBS OFICIAL,,
2025-03-17,50.75427870000001,SBS OFICIAL,,
2025-03-18,50.7639291,SBS OFICIAL,,
2025-03-19,50.8976528,SBS OFICIAL,,
2025-03-20,50.9462308,SBS OFICIAL,,
2025-03-21,51.008515200000005,SBS OFICIAL,,
2025-03-24,51.3661991,SBS OFICIAL,,
2025-03-25,51.526961,SBS OFICIAL,,
2025-03-26,51.23758660000001,SBS OFICIAL,,
2025-03-27,51.21534690000001,SBS OFICIAL,,
2025-03-28,50.903258400000006,SBS OFICIAL,,
2025-03-31,50.8582189,SBS OFICIAL,,
2025-04-01,51.1183174,SBS OFICIAL,,
2025-04-02,51.0882985,SBS OFICIAL,,
2025-04-03,50.1365938,SBS OFICIAL,,
2025-04-04,48.4767245,SBS OFICIAL,,
2025-04-07,47.8728128,SBS OFICIAL,,
2025-04-08,48.1185541,SBS OFICIAL,,
2025-04-09,48.9147638,SBS OFICIAL,,
2025-04-10,49.1600849,SBS OFICIAL,,
2025-04-11,49.8382965,SBS OFICIAL,,
2025-04-14,50.3985545,SBS OFICIAL,,
2025-04-15,50.4891108,SBS OFICIAL,,
2025-04-16,50.125964,SBS OFICIAL,,
2025-04-17,49.9565551,SBS OFICIAL,,
2025-04-18,49.9679127,SBS OFICIAL,,
2025-04-21,49.7969033,SBS OFICIAL,,
2025-04-22,50.062703,SBS OFICIAL,,
2025-04-23,50.2146764,SBS OFICIAL,,
2025-04-24,50.5329439,SBS OFICIAL,,
2025-04-25,50.6503233,SBS OFICIAL,,
2025-04-28,50.7359603,SBS OFICIAL,,
2025-04-29,50.82251529999999,SBS OFICIAL,,
2025-04-30,50.8254508,SBS OFICIAL,,
2025-05-01,50.7995462,SBS OFICIAL,,
2025-05-02,51.131674,SBS OFICIAL,,
2025-05-05,51.2835231,SBS OFICIAL,,
2025-05-06,51.2403612,SBS OFICIAL,,
2025-05-07,51.0345031,SBS OFICIAL,,
2025-05-08,51.0216101,SBS OFICIAL,,
2025-05-09,51.2507265,SBS OFICIAL,,
2025-05-12,51.6444414,SBS OFICIAL,,
2025-05-13,52.078273,SBS OFICIAL,,
2025-05-14,52.0353521,SBS OFICIAL,,
2025-05-15,52.2252352,SBS OFICIAL,,
2025-05-16,52.2250157,SBS OFICIAL,,
2025-05-19,52.3124065,SBS OFICIAL,,
2025-05-20,52.4681052,SBS OFICIAL,,
2025-05-21,52.3348654,SBS OFICIAL,,
2025-05-22,51.935269,SBS OFICIAL,,
2025-05-23,52.1631087,SBS OFICIAL,,
2025-05-26,52.1575077,SBS OFICIAL,,
2025-05-27,52.2345871,SBS OFICIAL,,
2025-05-28,52.1864369,SBS OFICIAL,,
2025-05-29,52.2066504,SBS OFICIAL,,
2025-05-30,52.1499968,SBS OFICIAL,,
2025-06-02,52.5580136,SBS OFICIAL,,
2025-06-03,52.643775000000005,SBS OFICIAL,,
2025-06-04,52.6363266,SBS OFICIAL,,
2025-06-05,53.091277600000005,SBS OFICIAL,,
2025-06-06,53.3943503,SBS OFICIAL,,
2025-06-09,53.259653500000006,SBS OFICIAL,,
2025-06-10,53.1253708,SBS OFICIAL,,
2025-06-11,53.217405,SBS OFICIAL,,
2025-06-12,53.1905743,SBS OFICIAL,,
2025-06-13,53.0479272,SBS OFICIAL,,
2025-06-16,53.076399300000006,SBS OFICIAL,,
2025-06-17,52.9010915,SBS OFICIAL,,
2025-06-18,52.5779524,SBS OFICIAL,,
2025-06-19,52.6026366,SBS OFICIAL,,
2025-06-20,52.6052386,SBS OFICIAL,,
2025-06-23,52.7280456,SBS OFICIAL,,
2025-06-24,52.9245753,SBS OFICIAL,,
2025-06-25,52.9437621,SBS OFICIAL,,
2025-06-26,53.2956318,SBS OFICIAL,,
2025-06-27,53.2801517,SBS OFICIAL,,
2025-06-30,53.4427166,SBS OFICIAL,,
2025-07-01,53.7332206,SBS OFICIAL,,
2025-07-02,53.8792662,SBS OFICIAL,,
2025-07-03,54.0750871,SBS OFICIAL,,
2025-07-04,54.071185400000005,SBS OFICIAL,,
2025-07-07,54.0602213,SBS OFICIAL,,
2025-07-08,53.8333591,SBS OFICIAL,,
2025-07-09,53.978197300000005,SBS OFICIAL,,
2025-07-10,54.0625391,SBS OFICIAL,,
2025-07-11,54.1454699,SBS OFICIAL,,
2025-07-14,54.224096,SBS OFICIAL,,
2025-07-15,53.8300235,SBS OFICIAL,,
2025-07-16,53.6236608,SBS OFICIAL,,
2025-07-17,53.9699439,SBS OFICIAL,,
2025-07-18,54.00340489999999,SBS OFICIAL,,
2025-07-21,54.3116357,SBS OFICIAL,,
2025-07-22,54.3983759,SBS OFICIAL,,
2025-07-23,54.8912441,SBS OFICIAL,,
2025-07-24,54.80718400000001,SBS OFICIAL,,
2025-07-25,54.6432413,SBS OFICIAL,,
2025-07-28,54.4858928,SBS OFICIAL,,
2025-07-29,54.5478826,SBS OFICIAL,,
2025-07-30,54.3809381,SBS OFICIAL,,
2025-07-31,54.485629200000005,SBS OFICIAL,,
2025-08-01,54.0080553,SBS OFICIAL,,
2025-08-04,54.5378394,SBS OFICIAL,,
2025-08-05,54.4604086,SBS OFICIAL,,
2025-08-06,54.82228310000001,SBS OFICIAL,,
2025-08-07,54.9340089,SBS OFICIAL,,
2025-08-08,55.0580649,SBS OFICIAL,,
2025-08-11,54.9912445,SBS OFICIAL,,
2025-08-12,55.3052297,SBS OFICIAL,,
2025-08-13,55.6961066,SBS OFICIAL,,
2025-08-14,55.8091817,SBS OFICIAL,,
2025-08-15,55.7733316,SBS OFICIAL,,
2025-08-18,55.58924700000001,SBS OFICIAL,,
2025-08-19,55.0625048,SBS OFICIAL,,
2025-08-20,54.8197735,SBS OFICIAL,,
2025-08-21,54.975807,SBS OFICIAL,,
2025-08-22,55.4579795,SBS OFICIAL,,
2025-08-25,55.41713730000001,SBS OFICIAL,,
2025-08-26,55.7440424,SBS OFICIAL,,
2025-08-27,55.5999622,SBS OFICIAL,,
2025-08-28,55.7230487,SBS OFICIAL,,
2025-08-29,55.6670379,SBS OFICIAL,,
2025-09-01,55.8580235,SBS OFICIAL,,
2025-09-02,55.812169,SBS OFICIAL,,
2025-09-03,56.221644000000005,SBS OFICIAL,,
2025-09-04,56.1129067,SBS OFICIAL,,
2025-09-05,56.4166856,SBS OFICIAL,,
2025-09-08,56.7154989,SBS OFICIAL,,
2025-09-09,56.5469992,SBS OFICIAL,,
2025-09-10,56.6225009,SBS OFICIAL,,
2025-09-11,57.0627465,SBS OFICIAL,,
2025-09-12,57.1254973,SBS OFICIAL,,
2025-09-15,57.4642543,SBS OFICIAL,,
2025-09-16,57.29098200000001,SBS OFICIAL,,
2025-09-17,57.218021500000006,SBS OFICIAL,,
2025-09-18,57.1569816,SBS OFICIAL,,
2025-09-19,57.575859300000005,SBS OFICIAL,,
2025-09-22,58.1074488,SBS OFICIAL,,
2025-09-23,58.0579942,SBS OFICIAL,,
2025-09-24,58.1193792,SBS OFICIAL,,
2025-09-25,57.9709657,SBS OFICIAL,,
2025-09-26,58.0712219,SBS OFICIAL,,
2025-09-29,58.5942621,SBS OFICIAL,,
2025-09-30,58.5841769,SBS OFICIAL,,
2025-10-01,58.8807922,SBS OFICIAL,,
2025-10-02,58.9470593,SBS OFICIAL,,
2025-10-03,59.0512404,SBS OFICIAL,,
2025-10-06,59.3145425,SBS OFICIAL,,
2025-10-07,59.1251882,SBS OFICIAL,,
2025-10-08,59.9689083,SBS OFICIAL,,
2025-10-09,59.3653493,SBS OFICIAL,,
2025-10-10,58.3257045,SBS OFICIAL,,
2025-10-13,59.37405149999999,SBS OFICIAL,,
2025-10-14,59.268596900000006,SBS OFICIAL,,
2025-10-15,59.6684515,SBS OFICIAL,,
2025-10-16,59.6306428,SBS OFICIAL,,
2025-10-17,58.8427276,SBS OFICIAL,,
2025-10-20,59.348136100000005,SBS OFICIAL,,
2025-10-21,58.14982800000001,SBS OFICIAL,,
2025-10-22,57.8492938,SBS OFICIAL,,
2025-10-23,58.1788728,SBS OFICIAL,,
2025-10-24,58.38228300000001,SBS OFICIAL,,
2025-10-27,58.506013,SBS OFICIAL,,
2025-10-28,58.8371255,SBS OFICIAL,,
2025-10-29,59.12507539999999,SBS OFICIAL,,
2025-10-30,58.7089664,SBS OFICIAL,,
2025-10-31,58.5799875,SBS OFICIAL,,
2025-11-03,58.4907244,SBS OFICIAL,,
2025-11-04,57.5275104,SBS OFICIAL,,
2025-11-05,57.9572586,SBS OFICIAL,,
2025-11-06,57.7403067,SBS OFICIAL,,
2025-11-07,57.7805929,SBS OFICIAL,,
2025-11-10,58.7279644,SBS OFICIAL,,
2025-11-11,58.580538,SBS OFICIAL,,
2025-11-12,58.9683654,SBS OFICIAL,,
2025-11-13,58.2175818,SBS OFICIAL,,
2025-11-14,58.014718300000006,SBS OFICIAL,,
2025-11-17,57.4037407,SBS OFICIAL,,
2025-11-18,56.9884,SBS OFICIAL,,
2025-11-19,57.4324455,SBS OFICIAL,,
2025-11-20,56.5112197,SBS OFICIAL,,
2025-11-21,56.42156850000001,SBS OFICIAL,,
2025-11-24,57.4079629,SBS OFICIAL,,
2025-11-25,57.500415,SBS OFICIAL,,
2025-11-26,58.4856981,SBS OFICIAL,,
2025-11-27,58.5316483,SBS OFICIAL,,
2025-11-28,59.0869103,SBS OFICIAL,,
2025-12-01,59.2000335,SBS OFICIAL,,
2025-12-02,59.3924849,SBS OFICIAL,,
2025-12-03,59.8790644,SBS OFICIAL,,
2025-12-04,60.1807608,SBS OFICIAL,,
2025-12-05,60.1649474,SBS OFICIAL,,
2025-12-08,60.0360654,SBS OFICIAL,,
2025-12-09,60.4283108,SBS OFICIAL,,
2025-12-10,60.754319,SBS OFICIAL,,
2025-12-11,61.17211280000001,SBS OFICIAL,,
2025-12-12,60.8453542,SBS OFICIAL,,
2025-12-15,60.8267696,SBS OFICIAL,,
2025-12-16,60.7885564,SBS OFICIAL,,
2025-12-17,60.4276991,SBS OFICIAL,,
2025-12-18,60.9398429,SBS OFICIAL,,
2025-12-19,61.565853800000006,SBS OFICIAL,,
2025-12-22,62.098931,SBS OFICIAL,,
2025-12-23,62.446431700000005,SBS OFICIAL,,
2025-12-24,62.563664,SBS OFICIAL,,
2025-12-26,62.9144279,SBS OFICIAL,,
2025-12-29,62.5798657,SBS OFICIAL,,
2025-12-30,62.9312751,SBS OFICIAL,,
2025-12-31,62.581457,SBS OFICIAL,,
2026-01-02,63.0624452,SBS OFICIAL,,
2026-01-05,64.0968477,SBS OFICIAL,,
2026-01-06,65.0222596,SBS OFICIAL,,
2026-01-07,64.7466603,SBS OFICIAL,,
2026-01-08,64.81597359999999,SBS OFICIAL,,
2026-01-09,65.4085085,SBS OFICIAL,,
2026-01-12,66.2644858,SBS OFICIAL,,
2026-01-13,66.4142661,SBS OFICIAL,,
2026-01-14,66.6723727,SBS OFICIAL,,
2026-01-15,66.9858961,SBS OFICIAL,,
2026-01-16,67.01718149999999,SBS OFICIAL,,
2026-01-19,66.883625,SBS OFICIAL,,
2026-01-20,67.20638579999999,SBS OFICIAL,,
2026-01-21,67.5490132,SBS OFICIAL,,
2026-01-22,68.3665282,SBS OFICIAL,,
2026-01-23,69.1839112,SBS OFICIAL,,
2026-01-26,69.7924912,SBS OFICIAL,,
2026-01-27,70.4966383,SBS OFICIAL,,
2026-01-28,70.9825421,SBS OFICIAL,,
2026-01-29,70.4476009,SBS OFICIAL,,
2026-01-30,67.2804365,SBS OFICIAL,,
2026-02-02,67.3680682,SBS OFICIAL,,
2026-02-03,69.0049085,SBS OFICIAL,,
2026-02-04,67.75380750000001,SBS OFICIAL,,
2026-02-05,66.4806454,SBS OFICIAL,,
2026-02-06,68.1494962,SBS OFICIAL,,
2026-02-09,69.5301336,SBS OFICIAL,,
2026-02-10,68.9387323,SBS OFICIAL,,
2026-02-11,69.7711417,SBS OFICIAL,,
2026-02-12,68.28001669999999,SBS OFICIAL,,
2026-02-13,68.8662011,SBS OFICIAL,,
2026-02-16,68.86618440000001,SBS OFICIAL,,
2026-02-17,67.9997361,SBS OFICIAL,,
2026-02-18,68.88723490000001,SBS OFICIAL,,
2026-02-19,69.1669852,SBS OFICIAL,,
2026-02-20,69.9947923,SBS OFICIAL,,
2026-02-23,70.5307253,SBS OFICIAL,,
2026-02-24,71.4637068,SBS OFICIAL,,
2026-02-25,72.0136832,SBS OFICIAL,,
2026-02-26,71.9823344,SBS OFICIAL,,
2026-02-27,72.1394286,SBS OFICIAL,,
2026-03-02,72.0701188,SBS OFICIAL,,
2026-03-03,69.2514343,SBS OFICIAL,,
2026-03-04,69.74213900000001,SBS OFICIAL,,
2026-03-05,67.8341914,SBS OFICIAL,,
2026-03-06,67.3626335,SBS OFICIAL,,
2026-03-09,67.96706710000001,SBS OFICIAL,,
2026-03-10,68.4964052,SBS OFICIAL,,
2026-03-11,67.9244297,SBS OFICIAL,,
2026-03-12,66.5923372,SBS OFICIAL,,
2026-03-13,65.5049918,SBS OFICIAL,,
2026-03-16,66.1903339,SBS OFICIAL,,
2026-03-17,66.2901412,SBS OFICIAL,,
2026-03-18,64.8530784,SBS OFICIAL,,
2026-03-19,63.7072561,SBS OFICIAL,,
2026-03-20,62.2845025,SBS OFICIAL,,
2026-03-23,63.7514175,SBS OFICIAL,,
2026-03-24,63.8695262,SBS OFICIAL,,
2026-03-25,64.86870640000001,SBS OFICIAL,,
2026-03-26,63.382884700000005,SBS OFICIAL,,
2026-03-27,63.6131059,SBS OFICIAL,,
2026-03-30,63.1341003,SBS OFICIAL,,
2026-03-31,65.1797399,SBS OFICIAL,,
2026-04-01,66.4258527,SBS OFICIAL,,
2026-04-02,65.9194978,SBS OFICIAL,,
2026-04-03,65.9178842,SBS OFICIAL,,
2026-04-06,65.90005049999999,SBS OFICIAL,,
2026-04-07,65.8954016,SBS OFICIAL,,
2026-04-08,68.1833191,SBS OFICIAL,,
2026-04-09,68.1696927,SBS OFICIAL,,
2026-04-10,68.6648503,SBS OFICIAL,,
2026-04-13,69.1042024,SBS OFICIAL,,
2026-04-14,69.83278390000001,SBS OFICIAL,,
2026-04-15,68.8050343,SBS OFICIAL,,
2026-04-16,69.4941034,SBS OFICIAL,,
2026-04-17,70.09192780000001,SBS OFICIAL,,
2026-04-20,69.7637761,SBS OFICIAL,,
2026-04-21,68.2148193,SBS OFICIAL,,
2026-04-22,69.3758296,SBS OFICIAL,,
2026-04-23,68.5443047,SBS OFICIAL,,
2026-04-24,69.29837309999999,SBS OFICIAL,,
2026-04-27,68.8970772,SBS OFICIAL,,
2026-04-28,67.7320239,SBS OFICIAL,,
2026-04-29,67.05704010000001,SBS OFICIAL,,
2026-04-30,68.2211164,SBS OFICIAL,,
2026-05-01,68.0293085,SBS OFICIAL,,
2026-05-04,67.6056176,SBS OFICIAL,,
2026-05-05,67.9996896,SBS OFICIAL,,
2026-05-06,69.8290569,SBS OFICIAL,,
2026-05-07,69.5037787,SBS OFICIAL,,
2026-05-08,70.3897559,SBS OFICIAL,,
2026-05-11,71.3705229,SBS OFICIAL,,
2026-05-12,70.812851,SBS OFICIAL,,
2026-05-13,71.0845734,SBS OFICIAL,,
2026-05-14,70.8470989,SBS OFICIAL,,
2026-05-15,68.478899,SBS OFICIAL,,
2026-05-18,67.9831173,SBS OFICIAL,,
2026-05-19,67.128032,SBS OFICIAL,,
2026-05-20,68.4622573,SBS OFICIAL,,
2026-05-21,68.9077609,SBS OFICIAL,,
2026-05-22,68.6568631,SBS OFICIAL,,
2026-05-25,68.6882542,SBS OFICIAL,,
2026-05-26,70.8321633,SBS OFICIAL,,
2026-05-27,70.1458301,SBS OFICIAL,,
2026-05-28,70.6707533,SBS OFICIAL,,
2026-05-29,71.15447420000001,SBS OFICIAL,,
2026-06-01,71.1479104,SBS OFICIAL,,
2026-06-02,72.00246680000001,SBS OFICIAL,,
2026-06-03,71.1049439,SBS OFICIAL,,
2026-06-04,70.506511,SBS OFICIAL,,
2026-06-05,67.0292273,SBS OFICIAL,,
2026-06-08,67.10059100000001,SBS OFICIAL,,
2026-06-09,68.1275219,SBS OFICIAL,,
2026-06-10,67.22211700000001,SBS OFICIAL,,
2026-06-11,70.0832019,SBS OFICIAL,,
2026-06-12,71.0335702,SBS OFICIAL,,
2026-06-15,73.1777194,SBS OFICIAL,,
2026-06-16,72.5840362,SBS OFICIAL,,
2026-06-17,72.6023076,SBS OFICIAL,,
2026-06-18,72.61369810000001,SBS OFICIAL,,
2026-06-19,72.6232677,SBS OFICIAL,,
2026-06-22,72.766161,SBS OFICIAL,,
2026-06-23,70.9600594,SBS OFICIAL,,
2026-06-24,70.7652183,SBS OFICIAL,,
2026-06-25,71.4791849,SBS OFICIAL,,
2026-06-26,71.1445756,SBS OFICIAL,,
2026-06-29,71.2934767,SBS OFICIAL,,
2026-06-30,71.9348302,SBS OFICIAL,,
2026-07-01,70.9226332,SBS OFICIAL,,
2026-07-02,70.3358541,SBS OFICIAL,,
2026-07-03,70.3944744,SBS OFICIAL,,
2026-07-06,71.3369613,SBS OFICIAL,,
2026-07-07,69.9352638,SBS OFICIAL,,
2026-07-08,69.8131004,SBS OFICIAL,,
2026-07-09,70.9792394,SBS OFICIAL,,
2026-07-10,71.0624925,SBS OFICIAL,,
2026-07-13,69.4242724,SBS OFICIAL,,
2026-07-14,70.5044231,SBS OFICIAL,,
2026-07-15,69.9080824,SBS OFICIAL,,
2026-07-16,68.4036329,SBS OFICIAL,,
2026-07-17,68.2147702,SBS OFICIAL,,
2026-07-20,68.06385,SBS OFICIAL,,
2026-07-21,70.0218928,SBS OFICIAL,,
2026-07-22,70.0996577,SBS OFICIAL,,
2026-07-23,69.6767473,SBS OFICIAL,,
2026-07-24,68.3626543,SBS OFICIAL,,
2026-07-27,68.2402784,SBS OFICIAL,,
2026-07-28,66.6628135,SBS OFICIAL,,
2026-07-29,65.3231046,SBS OFICIAL,,
2026-07-30,68.2721906,SBS OFICIAL,,
2026-07-31,67.7685784,SBS OFICIAL,,
2026-08-03,68.15598434450929,MODELO OLS,SUBE,0.005716601316655121
2026-08-04,70.28717040522032,MODELO OLS,SUBE,0.03126924335709794
