fecha,error_base_pct,error_gdx_pct,ret_GDX_pct,ret_SPY_pct,ret_EEM_pct,ret_MCHI_pct,ret_QQQ_pct,ret_SPBLSCUP_pct,core2of3_mag0.0,core2of3_mag0.0_hybrid_error_pct,core2of3_mag0.2,core2of3_mag0.2_hybrid_error_pct,core2of3_mag0.4,core2of3_mag0.4_hybrid_error_pct,core2of3_mag0.6,core2of3_mag0.6_hybrid_error_pct,all3core_mag0.0,all3core_mag0.0_hybrid_error_pct,all3core_mag0.2,all3core_mag0.2_hybrid_error_pct,all3core_mag0.4,all3core_mag0.4_hybrid_error_pct,all5_3of5_mag0.0,all5_3of5_mag0.0_hybrid_error_pct,all5_3of5_mag0.2,all5_3of5_mag0.2_hybrid_error_pct,all5_3of5_mag0.4,all5_3of5_mag0.4_hybrid_error_pct,all5_3of5_mag0.6,all5_3of5_mag0.6_hybrid_error_pct,combo3of5_core2_mag0.0,combo3of5_core2_mag0.0_hybrid_error_pct,combo3of5_core2_mag0.2,combo3of5_core2_mag0.2_hybrid_error_pct,combo3of5_core2_mag0.4,combo3of5_core2_mag0.4_hybrid_error_pct,core2of3_gdx0.5,core2of3_gdx0.5_hybrid_error_pct,core2of3_gdx1.0,core2of3_gdx1.0_hybrid_error_pct,core2of3_gdx1.5,core2of3_gdx1.5_hybrid_error_pct,core2of3_gdx2.0,core2of3_gdx2.0_hybrid_error_pct
2026-04-07,0.5224307944505346,0.9891145934491252,1.2257530693025045,0.607408053242664,0.1397900256763895,-0.6964274815150717,0.7324929086885534,-0.7082188049426619,False,0.5224307944505346,False,0.5224307944505346,False,0.5224307944505346,False,0.5224307944505346,False,0.5224307944505346,False,0.5224307944505346,False,0.5224307944505346,True,0.9891145934491252,False,0.5224307944505346,False,0.5224307944505346,False,0.5224307944505346,False,0.5224307944505346,False,0.5224307944505346,False,0.5224307944505346,False,0.5224307944505346,False,0.5224307944505346,False,0.5224307944505346,False,0.5224307944505346
2026-04-08,-0.1898700639710759,-0.4856033783296687,3.3800137340346703,2.5469554638327674,5.461520115887963,3.039019255817798,2.9732070204270045,4.638751028755261,True,-0.4856033783296687,True,-0.4856033783296687,True,-0.4856033783296687,True,-0.4856033783296687,True,-0.4856033783296687,True,-0.4856033783296687,True,-0.4856033783296687,True,-0.4856033783296687,True,-0.4856033783296687,True,-0.4856033783296687,True,-0.4856033783296687,True,-0.4856033783296687,True,-0.4856033783296687,True,-0.4856033783296687,True,-0.4856033783296687,True,-0.4856033783296687,True,-0.4856033783296687,True,-0.4856033783296687
2026-04-09,0.0691268967119684,0.0823921358788171,0.1731494891188623,0.576909117108837,-0.2647251010051921,-0.15706833121506,0.6764631332426108,0.3122244202397706,False,0.0691268967119684,False,0.0691268967119684,False,0.0691268967119684,False,0.0691268967119684,False,0.0691268967119684,False,0.0691268967119684,False,0.0691268967119684,True,0.0823921358788171,True,0.0823921358788171,False,0.0691268967119684,False,0.0691268967119684,False,0.0691268967119684,False,0.0691268967119684,False,0.0691268967119684,False,0.0691268967119684,False,0.0691268967119684,False,0.0691268967119684,False,0.0691268967119684
2026-04-10,-0.9175924729598162,-0.6512358381514649,1.0574488374811786,-0.066178051454957,0.4645033172931967,-0.0524362520135324,0.1442181745508142,-0.6605208135335383,False,-0.9175924729598162,False,-0.9175924729598162,False,-0.9175924729598162,False,-0.9175924729598162,False,-0.9175924729598162,False,-0.9175924729598162,False,-0.9175924729598162,False,-0.9175924729598162,False,-0.9175924729598162,False,-0.9175924729598162,False,-0.9175924729598162,False,-0.9175924729598162,False,-0.9175924729598162,False,-0.9175924729598162,False,-0.9175924729598162,False,-0.9175924729598162,False,-0.9175924729598162,False,-0.9175924729598162
2026-04-13,0.142636558963316,-0.1755032220976504,-0.613744455274734,0.9772397784351794,0.8421372357467094,0.2973035467611185,1.0342525812865766,1.4541975603922452,False,0.142636558963316,False,0.142636558963316,False,0.142636558963316,False,0.142636558963316,False,0.142636558963316,False,0.142636558963316,False,0.142636558963316,False,0.142636558963316,False,0.142636558963316,False,0.142636558963316,False,0.142636558963316,False,0.142636558963316,False,0.142636558963316,False,0.142636558963316,False,0.142636558963316,False,0.142636558963316,False,0.142636558963316,False,0.142636558963316
2026-04-14,-1.135707712974532,-0.5010201299992523,1.9943320966268496,1.218488075237012,1.915837546240784,1.168268529152483,1.8157016912369928,-1.4027063982271604,True,-0.5010201299992523,True,-0.5010201299992523,True,-0.5010201299992523,True,-0.5010201299992523,False,-1.135707712974532,False,-1.135707712974532,False,-1.135707712974532,True,-0.5010201299992523,True,-0.5010201299992523,True,-0.5010201299992523,True,-0.5010201299992523,True,-0.5010201299992523,True,-0.5010201299992523,True,-0.5010201299992523,True,-0.5010201299992523,True,-0.5010201299992523,True,-0.5010201299992523,False,-1.135707712974532
2026-04-15,-0.6798375358351483,-0.1532510688302291,-2.957819709115228,0.7890994867038925,-0.0642688214148701,0.0172325430098707,1.3999441886586528,-6.01821963991106,True,-0.1532510688302291,False,-0.6798375358351483,False,-0.6798375358351483,False,-0.6798375358351483,False,-0.6798375358351483,False,-0.6798375358351483,False,-0.6798375358351483,False,-0.6798375358351483,False,-0.6798375358351483,False,-0.6798375358351483,False,-0.6798375358351483,False,-0.6798375358351483,False,-0.6798375358351483,False,-0.6798375358351483,True,-0.1532510688302291,True,-0.1532510688302291,True,-0.1532510688302291,True,-0.1532510688302291
2026-04-16,0.5515034989729717,-0.0913950308687461,-0.112501774300544,0.2457311622604319,0.4019292555201392,1.1373425147263028,0.4816357344643363,3.322647941790069,False,0.5515034989729717,False,0.5515034989729717,False,0.5515034989729717,False,0.5515034989729717,False,0.5515034989729717,False,0.5515034989729717,False,0.5515034989729717,False,0.5515034989729717,False,0.5515034989729717,False,0.5515034989729717,False,0.5515034989729717,False,0.5515034989729717,False,0.5515034989729717,False,0.5515034989729717,False,0.5515034989729717,False,0.5515034989729717,False,0.5515034989729717,False,0.5515034989729717
2026-04-17,-0.5982300237762472,-0.064421726415409,2.744207019542677,1.208568513022401,1.9055221972313907,1.0223245916814785,1.3084149556009228,-0.9184477494336708,True,-0.064421726415409,True,-0.064421726415409,True,-0.064421726415409,True,-0.064421726415409,False,-0.5982300237762472,False,-0.5982300237762472,False,-0.5982300237762472,True,-0.064421726415409,True,-0.064421726415409,True,-0.064421726415409,True,-0.064421726415409,True,-0.064421726415409,True,-0.064421726415409,True,-0.064421726415409,True,-0.064421726415409,True,-0.064421726415409,True,-0.064421726415409,True,-0.064421726415409
2026-04-20,-0.0330471953102207,-0.125006907865155,-1.2058990717899176,-0.1999667552905704,-0.7228144074235776,0.016863419427926,-0.3174844164451906,-0.5517035711622986,True,-0.125006907865155,True,-0.125006907865155,True,-0.125006907865155,False,-0.0330471953102207,False,-0.0330471953102207,False,-0.0330471953102207,False,-0.0330471953102207,True,-0.125006907865155,True,-0.125006907865155,False,-0.0330471953102207,False,-0.0330471953102207,True,-0.125006907865155,True,-0.125006907865155,False,-0.0330471953102207,True,-0.125006907865155,True,-0.125006907865155,False,-0.0330471953102207,False,-0.0330471953102207
2026-04-21,0.8319466427349376,0.192702453355209,-6.193886371198031,-0.6546949154936255,-1.4719852812340006,-1.9224273259956013,-0.3803338055735961,-3.053702176574957,True,0.192702453355209,True,0.192702453355209,True,0.192702453355209,True,0.192702453355209,True,0.192702453355209,True,0.192702453355209,True,0.192702453355209,True,0.192702453355209,True,0.192702453355209,True,0.192702453355209,True,0.192702453355209,True,0.192702453355209,True,0.192702453355209,True,0.192702453355209,True,0.192702453355209,True,0.192702453355209,True,0.192702453355209,True,0.192702453355209
2026-04-22,-0.6304799932513094,-0.5320232034872419,1.6023287744848955,1.012669683807066,1.815262760024483,0.2407142194218225,1.6730507621555812,0.5541951282381774,True,-0.5320232034872419,True,-0.5320232034872419,True,-0.5320232034872419,False,-0.6304799932513094,True,-0.5320232034872419,True,-0.5320232034872419,False,-0.6304799932513094,True,-0.5320232034872419,True,-0.5320232034872419,True,-0.5320232034872419,True,-0.5320232034872419,True,-0.5320232034872419,True,-0.5320232034872419,True,-0.5320232034872419,True,-0.5320232034872419,True,-0.5320232034872419,True,-0.5320232034872419,False,-0.6304799932513094
2026-04-23,0.1327097947270816,0.0072473844118459,-2.423794278325764,-0.3880723949825193,-1.6251223992363006,-1.7667217714852357,-0.5632645699066852,-1.0330684439887272,True,0.0072473844118459,True,0.0072473844118459,True,0.0072473844118459,True,0.0072473844118459,True,0.0072473844118459,True,0.0072473844118459,True,0.0072473844118459,True,0.0072473844118459,True,0.0072473844118459,True,0.0072473844118459,True,0.0072473844118459,True,0.0072473844118459,True,0.0072473844118459,True,0.0072473844118459,True,0.0072473844118459,True,0.0072473844118459,True,0.0072473844118459,True,0.0072473844118459
2026-04-24,0.5390685003707985,0.6982037633932237,2.33213346300849,0.7749297960024215,2.22935563490454,0.9429036340336427,1.9127478891562968,0.0880669308674697,True,0.6982037633932237,True,0.6982037633932237,True,0.6982037633932237,True,0.6982037633932237,True,0.6982037633932237,False,0.5390685003707985,False,0.5390685003707985,True,0.6982037633932237,True,0.6982037633932237,True,0.6982037633932237,True,0.6982037633932237,True,0.6982037633932237,True,0.6982037633932237,True,0.6982037633932237,True,0.6982037633932237,True,0.6982037633932237,True,0.6982037633932237,True,0.6982037633932237
2026-04-27,-0.1069082178050906,-0.1241131063147604,-1.8549926520371685,0.1722806488702044,-0.1568909416143626,-1.193569321942689,0.0527166932824396,-1.029994047773097,True,-0.1241131063147604,True,-0.1241131063147604,True,-0.1241131063147604,True,-0.1241131063147604,True,-0.1241131063147604,False,-0.1069082178050906,False,-0.1069082178050906,True,-0.1241131063147604,False,-0.1069082178050906,False,-0.1069082178050906,False,-0.1069082178050906,True,-0.1241131063147604,False,-0.1069082178050906,False,-0.1069082178050906,True,-0.1241131063147604,True,-0.1241131063147604,True,-0.1241131063147604,False,-0.1069082178050906
2026-04-28,0.3511679805767054,0.0655721041362689,-4.374117704447844,-0.4865948728146163,-1.021366620703279,-0.6302531811684053,-1.0056746717555742,-1.9010014904688344,True,0.0655721041362689,True,0.0655721041362689,True,0.0655721041362689,True,0.0655721041362689,True,0.0655721041362689,True,0.0655721041362689,True,0.0655721041362689,True,0.0655721041362689,True,0.0655721041362689,True,0.0655721041362689,True,0.0655721041362689,True,0.0655721041362689,True,0.0655721041362689,True,0.0655721041362689,True,0.0655721041362689,True,0.0655721041362689,True,0.0655721041362689,True,0.0655721041362689
2026-04-29,0.8744795525542415,0.4937475141935765,-2.620284245352156,-0.0154541093994819,-0.4762709061180703,0.123332472853388,0.6113633344809299,-1.2874506877065928,True,0.4937475141935765,True,0.4937475141935765,True,0.4937475141935765,False,0.8744795525542415,False,0.8744795525542415,False,0.8744795525542415,False,0.8744795525542415,True,0.4937475141935765,False,0.8744795525542415,False,0.8744795525542415,False,0.8744795525542415,True,0.4937475141935765,False,0.8744795525542415,False,0.8744795525542415,True,0.4937475141935765,True,0.4937475141935765,True,0.4937475141935765,True,0.4937475141935765
2026-04-30,-0.1235982753721054,-0.1832738068370032,2.4008346851277507,0.9949627427204176,2.073700877708995,1.30212535619727,0.932627362463312,2.624686090783901,True,-0.1832738068370032,True,-0.1832738068370032,True,-0.1832738068370032,True,-0.1832738068370032,True,-0.1832738068370032,True,-0.1832738068370032,True,-0.1832738068370032,True,-0.1832738068370032,True,-0.1832738068370032,True,-0.1832738068370032,True,-0.1832738068370032,True,-0.1832738068370032,True,-0.1832738068370032,True,-0.1832738068370032,True,-0.1832738068370032,True,-0.1832738068370032,True,-0.1832738068370032,True,-0.1832738068370032
2026-05-05,1.5436014969750778,1.35973620430343,0.1868021364442196,0.7110520381926166,2.203468995823754,-0.6079528851422933,2.077155078329085,-0.6314958558084505,False,1.5436014969750778,False,1.5436014969750778,False,1.5436014969750778,False,1.5436014969750778,False,1.5436014969750778,False,1.5436014969750778,False,1.5436014969750778,True,1.35973620430343,True,1.35973620430343,True,1.35973620430343,True,1.35973620430343,False,1.5436014969750778,False,1.5436014969750778,False,1.5436014969750778,False,1.5436014969750778,False,1.5436014969750778,False,1.5436014969750778,False,1.5436014969750778
2026-05-06,0.1209408299899017,0.5231465986312411,7.726378127776234,1.3899439445017592,3.1957129803179107,2.603980831846653,2.077439369140688,3.638289421421947,True,0.5231465986312411,True,0.5231465986312411,True,0.5231465986312411,True,0.5231465986312411,True,0.5231465986312411,True,0.5231465986312411,True,0.5231465986312411,True,0.5231465986312411,True,0.5231465986312411,True,0.5231465986312411,True,0.5231465986312411,True,0.5231465986312411,True,0.5231465986312411,True,0.5231465986312411,True,0.5231465986312411,True,0.5231465986312411,True,0.5231465986312411,True,0.5231465986312411
2026-05-07,-0.2035680799004846,-0.1678308822035012,-0.7788849001377995,-0.3066105157326304,-1.3335331965717123,-0.6472445228132728,-0.1192947477677952,-0.5391042182988914,True,-0.1678308822035012,True,-0.1678308822035012,True,-0.1678308822035012,True,-0.1678308822035012,True,-0.1678308822035012,True,-0.1678308822035012,True,-0.1678308822035012,True,-0.1678308822035012,True,-0.1678308822035012,True,-0.1678308822035012,False,-0.2035680799004846,True,-0.1678308822035012,True,-0.1678308822035012,True,-0.1678308822035012,True,-0.1678308822035012,False,-0.2035680799004846,False,-0.2035680799004846,False,-0.2035680799004846
2026-05-08,0.0606541480650202,0.1063795619593133,3.1290831650574447,0.8256073001242203,2.027340708453318,-0.0171474985710462,2.344084089290454,1.7057131113851431,True,0.1063795619593133,True,0.1063795619593133,True,0.1063795619593133,True,0.1063795619593133,False,0.0606541480650202,False,0.0606541480650202,False,0.0606541480650202,True,0.1063795619593133,True,0.1063795619593133,True,0.1063795619593133,True,0.1063795619593133,True,0.1063795619593133,True,0.1063795619593133,True,0.1063795619593133,True,0.1063795619593133,True,0.1063795619593133,True,0.1063795619593133,True,0.1063795619593133
2026-05-11,-0.8442098082839022,-0.5118566501412514,3.1821569434026253,0.2277585595431563,-0.0735988371518447,0.6515793383122359,0.2896387406554623,1.320973934128089,True,-0.5118566501412514,True,-0.5118566501412514,True,-0.5118566501412514,True,-0.5118566501412514,False,-0.8442098082839022,False,-0.8442098082839022,False,-0.8442098082839022,True,-0.5118566501412514,True,-0.5118566501412514,False,-0.8442098082839022,False,-0.8442098082839022,True,-0.5118566501412514,True,-0.5118566501412514,False,-0.8442098082839022,True,-0.5118566501412514,True,-0.5118566501412514,True,-0.5118566501412514,True,-0.5118566501412514
2026-05-12,0.0407265978691562,0.3108526834337821,-0.4713105447380017,-0.1514939991451913,-3.049049511613111,-0.8347558298093971,-0.848180680976407,1.131746229589936,True,0.3108526834337821,True,0.3108526834337821,True,0.3108526834337821,True,0.3108526834337821,False,0.0407265978691562,False,0.0407265978691562,False,0.0407265978691562,True,0.3108526834337821,True,0.3108526834337821,True,0.3108526834337821,True,0.3108526834337821,True,0.3108526834337821,True,0.3108526834337821,True,0.3108526834337821,False,0.0407265978691562,False,0.0407265978691562,False,0.0407265978691562,False,0.0407265978691562
2026-05-13,1.1308100637142715,0.3792371428297247,-0.9367881803917456,0.5594848036780231,2.111819197953801,2.7143134442620958,1.0562230418850849,0.2859326086420699,False,1.1308100637142715,False,1.1308100637142715,False,1.1308100637142715,False,1.1308100637142715,False,1.1308100637142715,False,1.1308100637142715,False,1.1308100637142715,False,1.1308100637142715,False,1.1308100637142715,False,1.1308100637142715,False,1.1308100637142715,False,1.1308100637142715,False,1.1308100637142715,False,1.1308100637142715,False,1.1308100637142715,False,1.1308100637142715,False,1.1308100637142715,False,1.1308100637142715
2026-05-14,0.0320621662800446,-0.2446908811001957,-2.3693300729030087,0.7894256268722755,0.2529358298779982,-2.8265636653759696,0.7107716274449949,-0.4596288558436745,True,-0.2446908811001957,True,-0.2446908811001957,True,-0.2446908811001957,False,0.0320621662800446,False,0.0320621662800446,False,0.0320621662800446,False,0.0320621662800446,False,0.0320621662800446,False,0.0320621662800446,False,0.0320621662800446,False,0.0320621662800446,False,0.0320621662800446,False,0.0320621662800446,False,0.0320621662800446,True,-0.2446908811001957,True,-0.2446908811001957,True,-0.2446908811001957,True,-0.2446908811001957
2026-05-15,0.6747068389385547,0.273255364672309,-7.025011909002066,-1.2029351892724582,-3.428313524421478,-2.5129072681868703,-1.508771403198106,-3.69647883846117,True,0.273255364672309,True,0.273255364672309,True,0.273255364672309,True,0.273255364672309,True,0.273255364672309,True,0.273255364672309,True,0.273255364672309,True,0.273255364672309,True,0.273255364672309,True,0.273255364672309,True,0.273255364672309,True,0.273255364672309,True,0.273255364672309,True,0.273255364672309,True,0.273255364672309,True,0.273255364672309,True,0.273255364672309,True,0.273255364672309
2026-05-18,-0.0001135467116997,0.4127354319947374,-0.2404110911746304,-0.0703435621190462,-0.1536783073460612,-0.494348132616762,-0.4302241158477327,-1.1435604215276451,True,0.4127354319947374,True,0.4127354319947374,True,0.4127354319947374,False,-0.0001135467116997,True,0.4127354319947374,False,-0.0001135467116997,False,-0.0001135467116997,True,0.4127354319947374,True,0.4127354319947374,True,0.4127354319947374,False,-0.0001135467116997,True,0.4127354319947374,True,0.4127354319947374,True,0.4127354319947374,False,-0.0001135467116997,False,-0.0001135467116997,False,-0.0001135467116997,False,-0.0001135467116997
2026-05-19,0.5922461919790623,0.173032501605852,-3.855864854126567,-0.6660859382243145,-1.092810637421393,0.3903499260479393,-0.6162485912403315,-0.3812735053819294,True,0.173032501605852,True,0.173032501605852,False,0.5922461919790623,False,0.5922461919790623,False,0.5922461919790623,False,0.5922461919790623,False,0.5922461919790623,True,0.173032501605852,True,0.173032501605852,True,0.173032501605852,True,0.173032501605852,True,0.173032501605852,True,0.173032501605852,False,0.5922461919790623,True,0.173032501605852,True,0.173032501605852,True,0.173032501605852,True,0.173032501605852
2026-05-20,-0.2863852654120813,-0.2828437184599353,3.079496143048699,1.0249028568310337,1.867408820961769,0.0706912328308329,1.6563788621898112,2.827535930014591,True,-0.2828437184599353,True,-0.2828437184599353,True,-0.2828437184599353,True,-0.2828437184599353,True,-0.2828437184599353,False,-0.2863852654120813,False,-0.2863852654120813,True,-0.2828437184599353,True,-0.2828437184599353,True,-0.2828437184599353,True,-0.2828437184599353,True,-0.2828437184599353,True,-0.2828437184599353,True,-0.2828437184599353,True,-0.2828437184599353,True,-0.2828437184599353,True,-0.2828437184599353,True,-0.2828437184599353
2026-05-21,-0.3819838948492693,-0.3402451125061101,-0.4284422695310597,0.198309706998323,0.8707603159124222,-1.1656655949536576,0.1907011575411399,1.3217197548994752,False,-0.3819838948492693,False,-0.3819838948492693,False,-0.3819838948492693,False,-0.3819838948492693,False,-0.3819838948492693,False,-0.3819838948492693,False,-0.3819838948492693,False,-0.3819838948492693,False,-0.3819838948492693,False,-0.3819838948492693,False,-0.3819838948492693,False,-0.3819838948492693,False,-0.3819838948492693,False,-0.3819838948492693,False,-0.3819838948492693,False,-0.3819838948492693,False,-0.3819838948492693,False,-0.3819838948492693
2026-05-22,-0.0030093249259843,0.0057827765209683,-1.1280395915811758,0.393155436839554,-0.2271717835105269,-0.7505328374135867,0.4240623952507905,-0.9271291483406774,True,0.0057827765209683,True,0.0057827765209683,True,0.0057827765209683,True,0.0057827765209683,True,0.0057827765209683,True,0.0057827765209683,False,-0.0030093249259843,True,0.0057827765209683,True,0.0057827765209683,False,-0.0030093249259843,False,-0.0030093249259843,True,0.0057827765209683,True,0.0057827765209683,False,-0.0030093249259843,True,0.0057827765209683,True,0.0057827765209683,False,-0.0030093249259843,False,-0.0030093249259843
2026-05-27,-0.2325339321581743,-1.3744014835931018,-3.457624359992939,0.6464255176127143,3.8099608999304415,-0.1440436257398758,1.6598425933605163,2.880565014503733,False,-0.2325339321581743,False,-0.2325339321581743,False,-0.2325339321581743,False,-0.2325339321581743,False,-0.2325339321581743,False,-0.2325339321581743,False,-0.2325339321581743,False,-0.2325339321581743,False,-0.2325339321581743,False,-0.2325339321581743,False,-0.2325339321581743,False,-0.2325339321581743,False,-0.2325339321581743,False,-0.2325339321581743,False,-0.2325339321581743,False,-0.2325339321581743,False,-0.2325339321581743,False,-0.2325339321581743
2026-05-28,-0.4924273292483017,-0.227048792436102,2.0365142954704485,0.5516554502662308,0.3216862445774904,-0.8474529638740069,0.8430959320020914,0.2574349670238174,True,-0.227048792436102,True,-0.227048792436102,False,-0.4924273292483017,False,-0.4924273292483017,False,-0.4924273292483017,False,-0.4924273292483017,False,-0.4924273292483017,True,-0.227048792436102,True,-0.227048792436102,False,-0.4924273292483017,False,-0.4924273292483017,True,-0.227048792436102,True,-0.227048792436102,False,-0.4924273292483017,True,-0.227048792436102,True,-0.227048792436102,True,-0.227048792436102,True,-0.227048792436102
2026-05-29,-0.4625478781662417,-0.2057794887554198,2.6496874862440345,0.2491392716190699,-0.0145782482750211,0.2000305370009947,0.3684097420609156,0.6749486452117814,True,-0.2057794887554198,True,-0.2057794887554198,False,-0.4625478781662417,False,-0.4625478781662417,False,-0.4625478781662417,False,-0.4625478781662417,False,-0.4625478781662417,True,-0.2057794887554198,True,-0.2057794887554198,False,-0.4625478781662417,False,-0.4625478781662417,True,-0.2057794887554198,True,-0.2057794887554198,False,-0.4625478781662417,True,-0.2057794887554198,True,-0.2057794887554198,True,-0.2057794887554198,True,-0.2057794887554198
2026-06-01,0.1981113621062791,0.1283011320490246,-3.1400129910287955,0.272313559086812,2.157439343809764,0.5444701634587545,0.6000179721837862,-0.4663816556548794,False,0.1981113621062791,False,0.1981113621062791,False,0.1981113621062791,False,0.1981113621062791,False,0.1981113621062791,False,0.1981113621062791,False,0.1981113621062791,False,0.1981113621062791,False,0.1981113621062791,False,0.1981113621062791,False,0.1981113621062791,False,0.1981113621062791,False,0.1981113621062791,False,0.1981113621062791,False,0.1981113621062791,False,0.1981113621062791,False,0.1981113621062791,False,0.1981113621062791
2026-06-02,-0.601980539510838,-0.5588003472597358,1.5805292359929002,0.1357910362949743,1.0273989753009305,3.231041609256846,0.4604549310825545,0.9127294025771172,True,-0.5588003472597358,True,-0.5588003472597358,True,-0.5588003472597358,True,-0.5588003472597358,True,-0.5588003472597358,True,-0.5588003472597358,True,-0.5588003472597358,True,-0.5588003472597358,True,-0.5588003472597358,True,-0.5588003472597358,True,-0.5588003472597358,True,-0.5588003472597358,True,-0.5588003472597358,True,-0.5588003472597358,True,-0.5588003472597358,True,-0.5588003472597358,True,-0.5588003472597358,False,-0.601980539510838
2026-06-03,-0.977090153919169,-0.6508514109850982,-3.4639442885254117,-0.7017150543661033,-1.242944696159376,-2.115752952488359,-0.2613315163043861,-2.8198307134220117,True,-0.6508514109850982,True,-0.6508514109850982,True,-0.6508514109850982,True,-0.6508514109850982,True,-0.6508514109850982,True,-0.6508514109850982,True,-0.6508514109850982,True,-0.6508514109850982,True,-0.6508514109850982,True,-0.6508514109850982,True,-0.6508514109850982,True,-0.6508514109850982,True,-0.6508514109850982,True,-0.6508514109850982,True,-0.6508514109850982,True,-0.6508514109850982,True,-0.6508514109850982,True,-0.6508514109850982
2026-06-04,0.5566426598221375,0.6850728417280072,1.6470606186810732,0.3778686701839007,-1.172768472966601,-0.4465880708187209,-0.483739336316813,-0.3483973720883826,False,0.5566426598221375,False,0.5566426598221375,False,0.5566426598221375,False,0.5566426598221375,False,0.5566426598221375,False,0.5566426598221375,False,0.5566426598221375,False,0.5566426598221375,False,0.5566426598221375,False,0.5566426598221375,False,0.5566426598221375,False,0.5566426598221375,False,0.5566426598221375,False,0.5566426598221375,False,0.5566426598221375,False,0.5566426598221375,False,0.5566426598221375,False,0.5566426598221375
2026-06-05,-0.6233903366302918,-0.1997776168857101,-8.750005850085408,-2.58093996346227,-6.526776028684756,-2.3147334041330736,-4.800095663859216,-5.903506143242431,True,-0.1997776168857101,True,-0.1997776168857101,True,-0.1997776168857101,True,-0.1997776168857101,True,-0.1997776168857101,True,-0.1997776168857101,True,-0.1997776168857101,True,-0.1997776168857101,True,-0.1997776168857101,True,-0.1997776168857101,True,-0.1997776168857101,True,-0.1997776168857101,True,-0.1997776168857101,True,-0.1997776168857101,True,-0.1997776168857101,True,-0.1997776168857101,True,-0.1997776168857101,True,-0.1997776168857101
2026-06-08,0.204040650457693,0.4925972943877976,-0.2156242730107949,0.2264230137341005,1.795949416130993,-0.936808108740439,1.5615706186351996,-0.122080679405534,True,0.4925972943877976,False,0.204040650457693,False,0.204040650457693,False,0.204040650457693,False,0.204040650457693,False,0.204040650457693,False,0.204040650457693,False,0.204040650457693,False,0.204040650457693,False,0.204040650457693,False,0.204040650457693,False,0.204040650457693,False,0.204040650457693,False,0.204040650457693,False,0.204040650457693,False,0.204040650457693,False,0.204040650457693,False,0.204040650457693
2026-06-09,1.4978948661751978,1.189228313397228,-1.3728255449242055,-0.2935503633772485,0.1064634141813236,0.6860725566308901,-1.1507241121808565,7.328479566349588,False,1.4978948661751978,False,1.4978948661751978,False,1.4978948661751978,False,1.4978948661751978,False,1.4978948661751978,False,1.4978948661751978,False,1.4978948661751978,False,1.4978948661751978,False,1.4978948661751978,False,1.4978948661751978,False,1.4978948661751978,False,1.4978948661751978,False,1.4978948661751978,False,1.4978948661751978,False,1.4978948661751978,False,1.4978948661751978,False,1.4978948661751978,False,1.4978948661751978
2026-06-10,-0.5029529173294689,-0.1717039867172975,-4.871760481642062,-1.5765545498457323,-1.7623762353284556,-0.3499053948039621,-1.9976568253734728,-1.059615765498123,True,-0.1717039867172975,True,-0.1717039867172975,True,-0.1717039867172975,True,-0.1717039867172975,True,-0.1717039867172975,True,-0.1717039867172975,False,-0.5029529173294689,True,-0.1717039867172975,True,-0.1717039867172975,True,-0.1717039867172975,True,-0.1717039867172975,True,-0.1717039867172975,True,-0.1717039867172975,True,-0.1717039867172975,True,-0.1717039867172975,True,-0.1717039867172975,True,-0.1717039867172975,True,-0.1717039867172975
2026-06-11,-0.8239247815828854,-0.7200686528966105,5.297390314916939,1.6996839411566045,4.392199469600189,0.4250592120531804,3.377588345416616,5.022019817836054,True,-0.7200686528966105,True,-0.7200686528966105,True,-0.7200686528966105,True,-0.7200686528966105,True,-0.7200686528966105,True,-0.7200686528966105,True,-0.7200686528966105,True,-0.7200686528966105,True,-0.7200686528966105,True,-0.7200686528966105,True,-0.7200686528966105,True,-0.7200686528966105,True,-0.7200686528966105,True,-0.7200686528966105,True,-0.7200686528966105,True,-0.7200686528966105,True,-0.7200686528966105,True,-0.7200686528966105
2026-06-12,-0.4293215961372221,-0.2949182053337051,2.9722047379206806,0.5408249541260179,0.5629588939525476,0.9017329353898872,0.5884694007997515,1.7583569607586114,True,-0.2949182053337051,True,-0.2949182053337051,True,-0.2949182053337051,True,-0.2949182053337051,True,-0.2949182053337051,True,-0.2949182053337051,True,-0.2949182053337051,True,-0.2949182053337051,True,-0.2949182053337051,True,-0.2949182053337051,False,-0.4293215961372221,True,-0.2949182053337051,True,-0.2949182053337051,True,-0.2949182053337051,True,-0.2949182053337051,True,-0.2949182053337051,True,-0.2949182053337051,True,-0.2949182053337051
2026-06-15,-1.218779577225615,-0.9996600627976138,6.547542101331483,1.7633996750716197,2.754865678029872,0.1823791186971179,3.141371932916659,0.8007679880118967,True,-0.9996600627976138,True,-0.9996600627976138,True,-0.9996600627976138,True,-0.9996600627976138,True,-0.9996600627976138,False,-1.218779577225615,False,-1.218779577225615,True,-0.9996600627976138,True,-0.9996600627976138,True,-0.9996600627976138,True,-0.9996600627976138,True,-0.9996600627976138,True,-0.9996600627976138,True,-0.9996600627976138,True,-0.9996600627976138,True,-0.9996600627976138,True,-0.9996600627976138,True,-0.9996600627976138
2026-06-16,-0.0038198340546746,1.047078345794339,2.310309954566314,-0.5961607114339795,-1.591398724518367,-1.4563976563189085,-1.900539603284612,1.0708229773989109,False,-0.0038198340546746,False,-0.0038198340546746,False,-0.0038198340546746,False,-0.0038198340546746,False,-0.0038198340546746,False,-0.0038198340546746,False,-0.0038198340546746,False,-0.0038198340546746,False,-0.0038198340546746,False,-0.0038198340546746,False,-0.0038198340546746,False,-0.0038198340546746,False,-0.0038198340546746,False,-0.0038198340546746,False,-0.0038198340546746,False,-0.0038198340546746,False,-0.0038198340546746,False,-0.0038198340546746
2026-06-17,-0.906352487172335,-0.4911521130458895,-3.301234896767491,-1.2487831892330603,-0.1165527852069803,-2.087568900457404,-1.0070391216744357,0.7997793712079426,True,-0.4911521130458895,False,-0.906352487172335,False,-0.906352487172335,False,-0.906352487172335,False,-0.906352487172335,False,-0.906352487172335,False,-0.906352487172335,True,-0.4911521130458895,True,-0.4911521130458895,True,-0.4911521130458895,True,-0.4911521130458895,True,-0.4911521130458895,False,-0.906352487172335,False,-0.906352487172335,True,-0.4911521130458895,True,-0.4911521130458895,True,-0.4911521130458895,True,-0.4911521130458895
2026-06-18,0.7844455748299284,0.5681733151695401,-2.192980631503316,0.7800647930141791,3.2526304497425773,-0.4339614004459036,2.5065376405563056,-1.3269493844049407,True,0.5681733151695401,True,0.5681733151695401,True,0.5681733151695401,False,0.7844455748299284,False,0.7844455748299284,False,0.7844455748299284,False,0.7844455748299284,False,0.7844455748299284,False,0.7844455748299284,False,0.7844455748299284,False,0.7844455748299284,False,0.7844455748299284,False,0.7844455748299284,False,0.7844455748299284,True,0.5681733151695401,True,0.5681733151695401,True,0.5681733151695401,True,0.5681733151695401
2026-06-23,-1.1079990781242888,-1.035863684958982,-4.641452193001195,-1.7623233410066663,-5.113720440407576,-1.819213712611245,-3.64153963988747,-2.597162530616004,True,-1.035863684958982,True,-1.035863684958982,True,-1.035863684958982,True,-1.035863684958982,True,-1.035863684958982,True,-1.035863684958982,True,-1.035863684958982,True,-1.035863684958982,True,-1.035863684958982,True,-1.035863684958982,True,-1.035863684958982,True,-1.035863684958982,True,-1.035863684958982,True,-1.035863684958982,True,-1.035863684958982,True,-1.035863684958982,True,-1.035863684958982,True,-1.035863684958982
2026-06-24,-0.4930573356950019,-0.7651331172976894,-3.953138268671774,-0.0463517063643115,0.1191035182902089,-0.7334511832519097,-0.424581964999271,-1.406746690705507,True,-0.7651331172976894,True,-0.7651331172976894,True,-0.7651331172976894,True,-0.7651331172976894,False,-0.4930573356950019,False,-0.4930573356950019,False,-0.4930573356950019,True,-0.7651331172976894,True,-0.7651331172976894,True,-0.7651331172976894,False,-0.4930573356950019,True,-0.7651331172976894,True,-0.7651331172976894,True,-0.7651331172976894,True,-0.7651331172976894,True,-0.7651331172976894,True,-0.7651331172976894,True,-0.7651331172976894
2026-06-25,-0.2461996679851696,0.0554727859193748,1.44791779605713,0.1445635225453267,1.0557607204054298,-1.2638567412442403,0.8105611726665796,1.4123818002454325,True,0.0554727859193748,True,0.0554727859193748,True,0.0554727859193748,True,0.0554727859193748,False,-0.2461996679851696,False,-0.2461996679851696,False,-0.2461996679851696,True,0.0554727859193748,True,0.0554727859193748,True,0.0554727859193748,True,0.0554727859193748,True,0.0554727859193748,True,0.0554727859193748,True,0.0554727859193748,True,0.0554727859193748,True,0.0554727859193748,False,-0.2461996679851696,False,-0.2461996679851696
2026-06-26,-0.4211870410001817,0.2800919368689536,1.757634284707188,-0.7231373616869652,-1.133014498880902,-0.5907822849000599,-1.3763624451209266,-0.2775932428584982,False,-0.4211870410001817,False,-0.4211870410001817,False,-0.4211870410001817,False,-0.4211870410001817,False,-0.4211870410001817,False,-0.4211870410001817,False,-0.4211870410001817,False,-0.4211870410001817,False,-0.4211870410001817,False,-0.4211870410001817,False,-0.4211870410001817,False,-0.4211870410001817,False,-0.4211870410001817,False,-0.4211870410001817,False,-0.4211870410001817,False,-0.4211870410001817,False,-0.4211870410001817,False,-0.4211870410001817
2026-07-01,1.7582192874955327,0.479001515962496,-0.5036411779826055,2.3004457888178065,-1.0567034658047758,2.080030203213501,2.639693549133937,0.3735338202755178,False,1.7582192874955327,False,1.7582192874955327,False,1.7582192874955327,False,1.7582192874955327,False,1.7582192874955327,False,1.7582192874955327,False,1.7582192874955327,False,1.7582192874955327,False,1.7582192874955327,False,1.7582192874955327,False,1.7582192874955327,False,1.7582192874955327,False,1.7582192874955327,False,1.7582192874955327,False,1.7582192874955327,False,1.7582192874955327,False,1.7582192874955327,False,1.7582192874955327
2026-07-02,0.4569069132908776,1.1217434202198673,4.47582339684387,-0.1314069480687241,-1.1732947793391737,-1.2031805677703011,-1.7333877050142776,0.90073006542144,False,0.4569069132908776,False,0.4569069132908776,False,0.4569069132908776,False,0.4569069132908776,False,0.4569069132908776,False,0.4569069132908776,False,0.4569069132908776,False,0.4569069132908776,False,0.4569069132908776,False,0.4569069132908776,False,0.4569069132908776,False,0.4569069132908776,False,0.4569069132908776,False,0.4569069132908776,False,0.4569069132908776,False,0.4569069132908776,False,0.4569069132908776,False,0.4569069132908776
2026-07-06,-0.0129638646746088,-0.1457634035151422,0.3952538026106511,0.8727409093039817,2.846275241162033,2.180319414021725,1.4341891788415717,0.7658334899454999,True,-0.1457634035151422,True,-0.1457634035151422,True,-0.1457634035151422,True,-0.1457634035151422,True,-0.1457634035151422,True,-0.1457634035151422,True,-0.1457634035151422,True,-0.1457634035151422,True,-0.1457634035151422,True,-0.1457634035151422,True,-0.1457634035151422,True,-0.1457634035151422,True,-0.1457634035151422,True,-0.1457634035151422,False,-0.0129638646746088,False,-0.0129638646746088,False,-0.0129638646746088,False,-0.0129638646746088
2026-07-07,0.4213922509787693,0.0781627957462616,-3.7846022458558393,-0.4751899671231685,-2.7378991896943927,-0.4613642375140947,-1.85246873533641,-0.9791579241852032,True,0.0781627957462616,True,0.0781627957462616,True,0.0781627957462616,True,0.0781627957462616,True,0.0781627957462616,True,0.0781627957462616,True,0.0781627957462616,True,0.0781627957462616,True,0.0781627957462616,True,0.0781627957462616,True,0.0781627957462616,True,0.0781627957462616,True,0.0781627957462616,True,0.0781627957462616,True,0.0781627957462616,True,0.0781627957462616,True,0.0781627957462616,True,0.0781627957462616
2026-07-08,-0.0292277716537281,0.047270353444162,-2.943510155825546,-0.3089429713004743,0.7760227126560215,2.0664343763021176,0.2833274299615995,-1.2878466826764634,False,-0.0292277716537281,False,-0.0292277716537281,False,-0.0292277716537281,False,-0.0292277716537281,False,-0.0292277716537281,False,-0.0292277716537281,False,-0.0292277716537281,False,-0.0292277716537281,False,-0.0292277716537281,False,-0.0292277716537281,False,-0.0292277716537281,False,-0.0292277716537281,False,-0.0292277716537281,False,-0.0292277716537281,False,-0.0292277716537281,False,-0.0292277716537281,False,-0.0292277716537281,False,-0.0292277716537281
2026-07-09,-0.2220743001146496,-0.0178281797829304,3.0599755709957988,0.846525000257925,0.8304324241072303,0.6433304870469891,1.664234062582648,2.4256445727097065,True,-0.0178281797829304,True,-0.0178281797829304,True,-0.0178281797829304,True,-0.0178281797829304,True,-0.0178281797829304,True,-0.0178281797829304,True,-0.0178281797829304,True,-0.0178281797829304,True,-0.0178281797829304,True,-0.0178281797829304,True,-0.0178281797829304,True,-0.0178281797829304,True,-0.0178281797829304,True,-0.0178281797829304,True,-0.0178281797829304,True,-0.0178281797829304,True,-0.0178281797829304,True,-0.0178281797829304
2026-07-10,0.5378738601549804,0.3669204957427396,-0.3299023542189583,0.4310159688801995,0.1796986354831053,-0.1127985714284518,0.3083149511148297,1.644001490312963,False,0.5378738601549804,False,0.5378738601549804,False,0.5378738601549804,False,0.5378738601549804,False,0.5378738601549804,False,0.5378738601549804,False,0.5378738601549804,False,0.5378738601549804,False,0.5378738601549804,False,0.5378738601549804,False,0.5378738601549804,False,0.5378738601549804,False,0.5378738601549804,False,0.5378738601549804,False,0.5378738601549804,False,0.5378738601549804,False,0.5378738601549804,False,0.5378738601549804
2026-07-13,0.5116656522301977,0.4192238943660609,-2.8597856052222093,-0.7656174850540931,-3.587446145200035,-1.1293097623866433,-1.897977883957569,-1.2027491408934663,True,0.4192238943660609,True,0.4192238943660609,True,0.4192238943660609,True,0.4192238943660609,True,0.4192238943660609,True,0.4192238943660609,True,0.4192238943660609,True,0.4192238943660609,True,0.4192238943660609,True,0.4192238943660609,True,0.4192238943660609,True,0.4192238943660609,True,0.4192238943660609,True,0.4192238943660609,True,0.4192238943660609,True,0.4192238943660609,True,0.4192238943660609,True,0.4192238943660609
2026-07-14,-0.1795265946851532,0.071319393489766,2.058054314174451,0.355064169730146,1.813950649527607,1.3325733470516132,1.1169826504217273,1.7437681159420348,True,0.071319393489766,True,0.071319393489766,True,0.071319393489766,True,0.071319393489766,True,0.071319393489766,True,0.071319393489766,True,0.071319393489766,True,0.071319393489766,True,0.071319393489766,True,0.071319393489766,True,0.071319393489766,True,0.071319393489766,True,0.071319393489766,True,0.071319393489766,True,0.071319393489766,True,0.071319393489766,True,0.071319393489766,True,0.071319393489766
2026-07-15,0.7537956264169088,0.5891335987217028,-1.1752100503419791,0.3963635929681075,-0.15227421487638,1.7283524169722897,-0.2709516875899598,0.2871663969733484,False,0.7537956264169088,False,0.7537956264169088,False,0.7537956264169088,False,0.7537956264169088,False,0.7537956264169088,False,0.7537956264169088,False,0.7537956264169088,False,0.7537956264169088,False,0.7537956264169088,False,0.7537956264169088,False,0.7537956264169088,False,0.7537956264169088,False,0.7537956264169088,False,0.7537956264169088,False,0.7537956264169088,False,0.7537956264169088,False,0.7537956264169088,False,0.7537956264169088
2026-07-16,0.5037449026891183,0.3220432949687213,-3.5135114515149946,-0.5418617756386079,-2.10461683672526,-0.0184711651867397,-1.6440476988213382,-1.6044360611776387,True,0.3220432949687213,True,0.3220432949687213,True,0.3220432949687213,True,0.3220432949687213,True,0.3220432949687213,False,0.5037449026891183,False,0.5037449026891183,True,0.3220432949687213,True,0.3220432949687213,True,0.3220432949687213,True,0.3220432949687213,True,0.3220432949687213,True,0.3220432949687213,True,0.3220432949687213,True,0.3220432949687213,True,0.3220432949687213,True,0.3220432949687213,True,0.3220432949687213
2026-07-17,-0.6730301291667962,-0.420090613853219,-0.1120473800349852,-0.9897156017872222,-1.4020898763798084,-2.198002660000975,-1.5029585113280453,-0.4780931704275293,True,-0.420090613853219,True,-0.420090613853219,True,-0.420090613853219,True,-0.420090613853219,True,-0.420090613853219,True,-0.420090613853219,True,-0.420090613853219,True,-0.420090613853219,True,-0.420090613853219,True,-0.420090613853219,True,-0.420090613853219,True,-0.420090613853219,True,-0.420090613853219,True,-0.420090613853219,False,-0.6730301291667962,False,-0.6730301291667962,False,-0.6730301291667962,False,-0.6730301291667962
2026-07-20,0.2748775374779022,0.5084805424023564,-0.8132386897595323,-0.1614378247181025,0.4266083960466904,2.1340907494493244,0.1049833101992581,-0.1253190995590514,False,0.2748775374779022,False,0.2748775374779022,False,0.2748775374779022,False,0.2748775374779022,False,0.2748775374779022,False,0.2748775374779022,False,0.2748775374779022,False,0.2748775374779022,False,0.2748775374779022,False,0.2748775374779022,False,0.2748775374779022,False,0.2748775374779022,False,0.2748775374779022,False,0.2748775374779022,False,0.2748775374779022,False,0.2748775374779022,False,0.2748775374779022,False,0.2748775374779022
2026-07-21,-0.8651995447087169,-0.5704450502029612,4.877021037349638,0.8341309298597777,2.800495478509535,-0.1479323749000838,1.8547213156642428,2.244632400780744,True,-0.5704450502029612,True,-0.5704450502029612,True,-0.5704450502029612,True,-0.5704450502029612,False,-0.8651995447087169,False,-0.8651995447087169,False,-0.8651995447087169,True,-0.5704450502029612,True,-0.5704450502029612,True,-0.5704450502029612,True,-0.5704450502029612,True,-0.5704450502029612,True,-0.5704450502029612,True,-0.5704450502029612,True,-0.5704450502029612,True,-0.5704450502029612,True,-0.5704450502029612,True,-0.5704450502029612
2026-07-22,0.0236585656955723,0.4483554773816234,3.3562444828547866,-0.1162741377932152,-0.5356573213000426,-0.7962968614366295,-0.5105992167196205,1.236307440570883,False,0.0236585656955723,False,0.0236585656955723,False,0.0236585656955723,False,0.0236585656955723,False,0.0236585656955723,False,0.0236585656955723,False,0.0236585656955723,False,0.0236585656955723,False,0.0236585656955723,False,0.0236585656955723,False,0.0236585656955723,False,0.0236585656955723,False,0.0236585656955723,False,0.0236585656955723,False,0.0236585656955723,False,0.0236585656955723,False,0.0236585656955723,False,0.0236585656955723
2026-07-23,-0.0681301766109698,-0.0596308469142159,-2.1648456644532965,-1.2349287272575782,-0.600091402473879,-0.4106798991159732,-1.898341826999872,0.0,True,-0.0596308469142159,True,-0.0596308469142159,True,-0.0596308469142159,False,-0.0681301766109698,False,-0.0681301766109698,False,-0.0681301766109698,False,-0.0681301766109698,True,-0.0596308469142159,True,-0.0596308469142159,True,-0.0596308469142159,True,-0.0596308469142159,True,-0.0596308469142159,True,-0.0596308469142159,True,-0.0596308469142159,True,-0.0596308469142159,True,-0.0596308469142159,True,-0.0596308469142159,True,-0.0596308469142159
2026-07-24,-0.0225015690610508,0.1719859133672452,0.279934315201813,0.1016012364791096,-1.965939122390492,-0.0374819936988402,-1.1171225588826994,-2.489561352309966,False,-0.0225015690610508,False,-0.0225015690610508,False,-0.0225015690610508,False,-0.0225015690610508,False,-0.0225015690610508,False,-0.0225015690610508,False,-0.0225015690610508,False,-0.0225015690610508,False,-0.0225015690610508,False,-0.0225015690610508,False,-0.0225015690610508,False,-0.0225015690610508,False,-0.0225015690610508,False,-0.0225015690610508,False,-0.0225015690610508,False,-0.0225015690610508,False,-0.0225015690610508,False,-0.0225015690610508
2026-07-27,0.1695385640476443,0.3742229286270992,0.664628443026527,0.0216575563684928,0.4579142467162844,1.7438523505487025,-0.3083737064717651,0.6446117365379811,True,0.3742229286270992,True,0.3742229286270992,True,0.3742229286270992,True,0.3742229286270992,True,0.3742229286270992,True,0.3742229286270992,True,0.3742229286270992,True,0.3742229286270992,True,0.3742229286270992,True,0.3742229286270992,False,0.1695385640476443,True,0.3742229286270992,True,0.3742229286270992,True,0.3742229286270992,True,0.3742229286270992,False,0.1695385640476443,False,0.1695385640476443,False,0.1695385640476443
2026-07-28,1.1988889876150657,0.912250648372015,-2.0071361482671413,0.2394780651586048,-1.980506668794868,0.276449558641767,-0.9719704641810822,0.0,False,1.1988889876150657,False,1.1988889876150657,False,1.1988889876150657,False,1.1988889876150657,False,1.1988889876150657,False,1.1988889876150657,False,1.1988889876150657,False,1.1988889876150657,False,1.1988889876150657,False,1.1988889876150657,False,1.1988889876150657,False,1.1988889876150657,False,1.1988889876150657,False,1.1988889876150657,False,1.1988889876150657,False,1.1988889876150657,False,1.1988889876150657,False,1.1988889876150657
2026-07-29,0.8793399926141809,1.4269062606369287,-0.8624166521278731,-1.5387473482586067,-2.0686351874621534,1.2130120368737618,-2.03704125369063,0.0,False,0.8793399926141809,False,0.8793399926141809,False,0.8793399926141809,False,0.8793399926141809,False,0.8793399926141809,False,0.8793399926141809,False,0.8793399926141809,True,1.4269062606369287,True,1.4269062606369287,True,1.4269062606369287,True,1.4269062606369287,False,0.8793399926141809,False,0.8793399926141809,False,0.8793399926141809,False,0.8793399926141809,False,0.8793399926141809,False,0.8793399926141809,False,0.8793399926141809
2026-07-30,-1.8778878858464965,-1.6752247824382338,4.363190291950603,1.676579949601198,4.126413083930713,0.7808249637891285,3.297418579820444,1.1848937484273847,True,-1.6752247824382338,True,-1.6752247824382338,True,-1.6752247824382338,True,-1.6752247824382338,True,-1.6752247824382338,True,-1.6752247824382338,True,-1.6752247824382338,True,-1.6752247824382338,True,-1.6752247824382338,True,-1.6752247824382338,True,-1.6752247824382338,True,-1.6752247824382338,True,-1.6752247824382338,True,-1.6752247824382338,True,-1.6752247824382338,True,-1.6752247824382338,True,-1.6752247824382338,True,-1.6752247824382338
2026-07-31,0.6761381500083541,0.2105312290969996,-3.490492768669362,0.7199809675054292,0.7862811512863166,0.5405391658748648,0.649550511403274,-1.2614445574771205,False,0.6761381500083541,False,0.6761381500083541,False,0.6761381500083541,False,0.6761381500083541,False,0.6761381500083541,False,0.6761381500083541,False,0.6761381500083541,False,0.6761381500083541,False,0.6761381500083541,False,0.6761381500083541,False,0.6761381500083541,False,0.6761381500083541,False,0.6761381500083541,False,0.6761381500083541,False,0.6761381500083541,False,0.6761381500083541,False,0.6761381500083541,False,0.6761381500083541
2026-08-03,0.1875519898569155,0.3395056330592227,2.631585179205831,1.424300656734756,0.3588755969355706,0.1792155738094436,1.7558419833591632,0.5586464271813529,True,0.3395056330592227,True,0.3395056330592227,False,0.1875519898569155,False,0.1875519898569155,True,0.3395056330592227,False,0.1875519898569155,False,0.1875519898569155,True,0.3395056330592227,True,0.3395056330592227,True,0.3395056330592227,False,0.1875519898569155,True,0.3395056330592227,True,0.3395056330592227,False,0.1875519898569155,True,0.3395056330592227,True,0.3395056330592227,True,0.3395056330592227,True,0.3395056330592227
2026-08-04,-0.106177806733998,-0.0934501989970582,2.4589020935539274,1.802900271595864,2.611940785365041,0.3398901995038894,3.396798607700635,1.4958675804285004,True,-0.0934501989970582,True,-0.0934501989970582,True,-0.0934501989970582,True,-0.0934501989970582,True,-0.0934501989970582,True,-0.0934501989970582,False,-0.106177806733998,True,-0.0934501989970582,True,-0.0934501989970582,True,-0.0934501989970582,True,-0.0934501989970582,True,-0.0934501989970582,True,-0.0934501989970582,True,-0.0934501989970582,True,-0.0934501989970582,True,-0.0934501989970582,True,-0.0934501989970582,True,-0.0934501989970582
2026-08-05,-0.2334117317015271,0.7153156406620953,7.392200040536045,-0.199660201000662,-0.4242405746922362,-0.1426311835212135,-0.9048819525989128,0.8412221275068354,False,-0.2334117317015271,False,-0.2334117317015271,False,-0.2334117317015271,False,-0.2334117317015271,False,-0.2334117317015271,False,-0.2334117317015271,False,-0.2334117317015271,False,-0.2334117317015271,False,-0.2334117317015271,False,-0.2334117317015271,False,-0.2334117317015271,False,-0.2334117317015271,False,-0.2334117317015271,False,-0.2334117317015271,False,-0.2334117317015271,False,-0.2334117317015271,False,-0.2334117317015271,False,-0.2334117317015271
2026-08-06,0.3889103693444529,0.4670707375037164,0.2868043294625755,-0.1597813044932006,-1.0651317173381305,-0.1785368275625365,-0.369435860031142,0.0,False,0.3889103693444529,False,0.3889103693444529,False,0.3889103693444529,False,0.3889103693444529,False,0.3889103693444529,False,0.3889103693444529,False,0.3889103693444529,False,0.3889103693444529,False,0.3889103693444529,False,0.3889103693444529,False,0.3889103693444529,False,0.3889103693444529,False,0.3889103693444529,False,0.3889103693444529,False,0.3889103693444529,False,0.3889103693444529,False,0.3889103693444529,False,0.3889103693444529
2026-08-07,0.0425809154661394,0.7067895206775976,7.113919626981513,0.6115348472417681,0.953557026441576,1.1804683405711949,1.1726026161803071,0.6517918715102544,True,0.7067895206775976,True,0.7067895206775976,True,0.7067895206775976,True,0.7067895206775976,True,0.7067895206775976,True,0.7067895206775976,True,0.7067895206775976,True,0.7067895206775976,True,0.7067895206775976,True,0.7067895206775976,True,0.7067895206775976,True,0.7067895206775976,True,0.7067895206775976,True,0.7067895206775976,True,0.7067895206775976,True,0.7067895206775976,True,0.7067895206775976,True,0.7067895206775976
2026-08-10,0.0455373147810522,0.0902835697115023,0.6674807856213993,-0.0297416736732225,-0.716028679270897,0.6363807889228301,-0.2987475059352706,0.1502895283560956,True,0.0902835697115023,False,0.0455373147810522,False,0.0455373147810522,False,0.0455373147810522,False,0.0455373147810522,False,0.0455373147810522,False,0.0455373147810522,False,0.0455373147810522,False,0.0455373147810522,False,0.0455373147810522,False,0.0455373147810522,False,0.0455373147810522,False,0.0455373147810522,False,0.0455373147810522,True,0.0902835697115023,False,0.0455373147810522,False,0.0455373147810522,False,0.0455373147810522
2026-08-11,0.3947327642845666,0.3037362881609162,-0.4088795733474537,-0.3195259750165102,0.398959864256021,-2.3010738912149886,-0.3357030985542519,-0.7260449309264172,True,0.3037362881609162,True,0.3037362881609162,True,0.3037362881609162,True,0.3037362881609162,False,0.3947327642845666,False,0.3947327642845666,False,0.3947327642845666,True,0.3037362881609162,True,0.3037362881609162,False,0.3947327642845666,False,0.3947327642845666,True,0.3037362881609162,True,0.3037362881609162,False,0.3947327642845666,False,0.3947327642845666,False,0.3947327642845666,False,0.3947327642845666,False,0.3947327642845666
2026-08-12,-0.0955622470496075,-0.078679802056758,0.932086453939318,0.2504662429786419,1.574199563644818,-0.9708685925927218,0.7307397746256994,-0.6157608091586164,False,-0.0955622470496075,False,-0.0955622470496075,False,-0.0955622470496075,False,-0.0955622470496075,False,-0.0955622470496075,False,-0.0955622470496075,False,-0.0955622470496075,True,-0.078679802056758,True,-0.078679802056758,False,-0.0955622470496075,False,-0.0955622470496075,False,-0.0955622470496075,False,-0.0955622470496075,False,-0.0955622470496075,False,-0.0955622470496075,False,-0.0955622470496075,False,-0.0955622470496075,False,-0.0955622470496075
2026-08-13,0.5637057928619127,0.3948710980284486,-2.957346601233035,0.6977455651952402,0.3310280224703144,-1.1982636894853127,1.1565558900105577,-0.9819271718708,True,0.3948710980284486,True,0.3948710980284486,True,0.3948710980284486,True,0.3948710980284486,False,0.5637057928619127,False,0.5637057928619127,False,0.5637057928619127,False,0.5637057928619127,False,0.5637057928619127,False,0.5637057928619127,False,0.5637057928619127,False,0.5637057928619127,False,0.5637057928619127,False,0.5637057928619127,True,0.3948710980284486,True,0.3948710980284486,True,0.3948710980284486,True,0.3948710980284486
2026-08-14,-0.2812623071869247,-0.1871672265475132,1.925914401595552,-0.1979711546353124,-0.1049785460465635,0.3858928817269902,-0.1365989577492898,0.4450066638053807,True,-0.1871672265475132,True,-0.1871672265475132,False,-0.2812623071869247,False,-0.2812623071869247,False,-0.2812623071869247,False,-0.2812623071869247,False,-0.2812623071869247,False,-0.2812623071869247,False,-0.2812623071869247,False,-0.2812623071869247,False,-0.2812623071869247,False,-0.2812623071869247,False,-0.2812623071869247,False,-0.2812623071869247,True,-0.1871672265475132,True,-0.1871672265475132,True,-0.1871672265475132,False,-0.2812623071869247
2026-08-17,-0.2197808606392959,-0.1141562614757063,2.134042617422472,-0.4727366641364416,1.0659046358908464,0.7871138509399467,-0.1641446366297261,0.3508298475239479,True,-0.1141562614757063,True,-0.1141562614757063,True,-0.1141562614757063,True,-0.1141562614757063,True,-0.1141562614757063,True,-0.1141562614757063,False,-0.2197808606392959,True,-0.1141562614757063,True,-0.1141562614757063,False,-0.2197808606392959,False,-0.2197808606392959,True,-0.1141562614757063,True,-0.1141562614757063,False,-0.2197808606392959,True,-0.1141562614757063,True,-0.1141562614757063,True,-0.1141562614757063,True,-0.1141562614757063
2026-08-18,0.1403522651398647,0.1127310491724431,-3.1994803144350104,-0.6755757074274671,-2.941181470453602,-0.2905917969877158,-1.6934502629578518,-1.3603155394200317,True,0.1127310491724431,True,0.1127310491724431,True,0.1127310491724431,True,0.1127310491724431,True,0.1127310491724431,True,0.1127310491724431,False,0.1403522651398647,True,0.1127310491724431,True,0.1127310491724431,True,0.1127310491724431,True,0.1127310491724431,True,0.1127310491724431,True,0.1127310491724431,True,0.1127310491724431,True,0.1127310491724431,True,0.1127310491724431,True,0.1127310491724431,True,0.1127310491724431
2026-08-19,-0.394733209745346,0.1684819347355981,9.421028859268676,0.209783741736147,1.1784577833139798,0.8925279602015168,-0.1992993346877969,0.9905713961149588,True,0.1684819347355981,True,0.1684819347355981,True,0.1684819347355981,True,0.1684819347355981,True,0.1684819347355981,True,0.1684819347355981,True,0.1684819347355981,True,0.1684819347355981,True,0.1684819347355981,True,0.1684819347355981,True,0.1684819347355981,True,0.1684819347355981,True,0.1684819347355981,True,0.1684819347355981,True,0.1684819347355981,True,0.1684819347355981,True,0.1684819347355981,True,0.1684819347355981
2026-08-20,-0.2450242927763635,-0.1876112660809115,2.589126266986641,-0.8399893367440514,0.7714447610375874,0.2166436779329261,-0.7191967784539344,0.4926773300938158,True,-0.1876112660809115,True,-0.1876112660809115,True,-0.1876112660809115,False,-0.2450242927763635,True,-0.1876112660809115,True,-0.1876112660809115,False,-0.2450242927763635,True,-0.1876112660809115,True,-0.1876112660809115,False,-0.2450242927763635,False,-0.2450242927763635,True,-0.1876112660809115,True,-0.1876112660809115,False,-0.2450242927763635,True,-0.1876112660809115,True,-0.1876112660809115,True,-0.1876112660809115,True,-0.1876112660809115
2026-08-21,0.1180621553182881,-0.1565250607939994,2.9844801226571294,0.4091260447248501,0.7505253368150777,0.2702243387038949,0.3530600469081157,3.0736512200582045,True,-0.1565250607939994,True,-0.1565250607939994,True,-0.1565250607939994,True,-0.1565250607939994,True,-0.1565250607939994,True,-0.1565250607939994,False,0.1180621553182881,True,-0.1565250607939994,True,-0.1565250607939994,True,-0.1565250607939994,False,0.1180621553182881,True,-0.1565250607939994,True,-0.1565250607939994,True,-0.1565250607939994,True,-0.1565250607939994,True,-0.1565250607939994,True,-0.1565250607939994,True,-0.1565250607939994
2026-08-24,0.2157768859472941,0.2707443286831701,0.6904590798696653,-0.2938411019806519,-1.5047707015803158,-1.311533496653916,-0.9979809224073156,-0.260625936624459,False,0.2157768859472941,False,0.2157768859472941,False,0.2157768859472941,False,0.2157768859472941,False,0.2157768859472941,False,0.2157768859472941,False,0.2157768859472941,False,0.2157768859472941,False,0.2157768859472941,False,0.2157768859472941,False,0.2157768859472941,False,0.2157768859472941,False,0.2157768859472941,False,0.2157768859472941,False,0.2157768859472941,False,0.2157768859472941,False,0.2157768859472941,False,0.2157768859472941
2026-08-25,0.5361784587581964,0.4085461854496763,1.9123002801153528,0.3195937672779925,1.724397790233767,0.3458922731720548,0.6229419148941817,1.071358578490078,True,0.4085461854496763,True,0.4085461854496763,True,0.4085461854496763,True,0.4085461854496763,True,0.4085461854496763,True,0.4085461854496763,False,0.5361784587581964,True,0.4085461854496763,True,0.4085461854496763,True,0.4085461854496763,True,0.4085461854496763,True,0.4085461854496763,True,0.4085461854496763,True,0.4085461854496763,True,0.4085461854496763,True,0.4085461854496763,True,0.4085461854496763,False,0.5361784587581964
2026-08-26,-0.3966068500709685,-0.6074156152150234,-2.937830338080083,0.022201557790713,-0.11896183056459,-0.0362853014355013,0.0914599899900725,-0.4093504255089919,True,-0.6074156152150234,False,-0.3966068500709685,False,-0.3966068500709685,False,-0.3966068500709685,True,-0.6074156152150234,False,-0.3966068500709685,False,-0.3966068500709685,True,-0.6074156152150234,False,-0.3966068500709685,False,-0.3966068500709685,False,-0.3966068500709685,True,-0.6074156152150234,False,-0.3966068500709685,False,-0.3966068500709685,True,-0.6074156152150234,True,-0.6074156152150234,True,-0.6074156152150234,True,-0.6074156152150234
2026-08-27,0.234319361972779,0.3576372045138498,1.2399963827045113,0.6552786111251541,0.6550579922595112,-0.3629708780048535,1.369187666225713,-0.1968631692806921,False,0.234319361972779,False,0.234319361972779,False,0.234319361972779,False,0.234319361972779,False,0.234319361972779,False,0.234319361972779,False,0.234319361972779,True,0.3576372045138498,True,0.3576372045138498,True,0.3576372045138498,True,0.3576372045138498,False,0.234319361972779,False,0.234319361972779,False,0.234319361972779,False,0.234319361972779,False,0.234319361972779,False,0.234319361972779,False,0.234319361972779
