fecha,actual,ret_NEM,actual_ols,sin_nem,actual_qqq_inc,sin_nem_qqq_inc,nem_coef,qqq_resid_actual,qqq_resid_sin_nem,qqq_coef_actual,qqq_coef_sin_nem
2025-05-19,0.0016733513399402877,0.0165669033200355,0.0032994195840714657,0.003235574332708797,0.003374446779040915,0.0033214883845532764,-0.015486977247210015,0.000558211820833052,0.0006218470673664844,0.13440631704550507,0.1381594548774071
2025-05-20,0.0029763245550555872,0.0268996450751157,-0.00043145718333981214,-0.0001517218709444607,-0.00012192288700668387,0.0001279413972807568,-0.015364208273123972,0.0022934826449310256,0.002017301077895982,0.13496256316446908,0.13863238923011903
2025-05-21,-0.0025394437152267413,0.0065009590353293,-0.0030457896534044626,-0.0030890390514551167,-0.002540295874751416,-0.0025707333654484406,-0.007669676861410443,0.003839582946588708,0.0039010062238476334,0.1316533034146681,0.1328646139650232
2025-05-22,-0.007635376473137945,0.0001900101889522,-0.0033859612263379686,-0.0033769781328222637,-0.0032164594762090952,-0.00320759995073002,-0.0076755842120601585,0.0012782238095358626,0.0012661534477817617,0.1326072545858836,0.13377381895455273
2025-05-23,0.0043869937402269965,0.0189933517762288,0.004584939841449849,0.004400351754438173,0.0042551369745435705,0.004095887004898838,-0.00843421572350356,-0.0025458738480433713,-0.0023274478031609577,0.129544072719767,0.13081485613805713
2025-05-27,0.0014778198460583258,-0.01752101425296,-0.0017593235030282123,-0.0018463906627885036,-0.0017571790430608823,-0.001833519139795813,-0.008426886073941098,1.6259816880404704e-05,9.682710151357604e-05,0.13188709215439154,0.13293306100751293
2025-05-28,-0.0009218068462534257,0.0026560309633865,-0.0023735719172561583,-0.0023346916912736914,-0.002205937358629285,-0.002169760159897081,-0.008693098575434002,0.0013133201071424795,0.0012821934528856275,0.12764181231611657,0.12863233001652036
2025-05-29,0.00038733244116162524,-0.0062440496856213,-0.002532316753772471,-0.0025445328329496445,-0.002938554155235124,-0.0029519652430853114,-0.007608403898490823,-0.0032513982755849333,-0.0032421437688271776,0.12494236849208602,0.12566759501940775
2025-05-30,-0.0010851797532677177,0.0038080876084587,-0.002850293619096938,-0.002807921463287751,-0.0027376594640908815,-0.002698078492281448,-0.009151026092134598,0.0009676913985553889,0.000935399381036533,0.11639470514483835,0.11742895412715554
2025-06-02,0.007823908437900595,0.0542488722331144,0.005920705166376231,0.006109986425834012,0.00615644733496697,0.006334494954144516,-0.009000307713571937,0.0019457783121013738,0.00184163041024061,0.12115571806129412,0.12190748320732574
2025-06-03,0.001631747361167335,-0.0043181300928403,0.0018100500797971174,0.0017396315795590624,0.002073910640843086,0.0020127078459966506,-0.010552087244727166,0.0023400689504973543,0.002392376399722336,0.11275760100567904,0.11414435724632843
2025-06-04,-0.00014148681396819462,-0.0010842315346146,0.000979108682566873,0.0009126279766073328,0.0011057700958828154,0.001046333610817256,-0.01055006527357776,0.0010932767100641642,0.0011406826681655228,0.11585485371630712,0.11721545171274163
2025-06-05,0.008643289328629011,-0.0139290968662619,0.006184909608192282,0.005690217688585625,0.005834492701242425,0.005378904859484574,-0.010617417026025755,-0.0032268696963787483,-0.0028252831616839766,0.10859344811571273,0.1101881869127413
2025-06-06,0.005708521506741615,-0.0394422633899131,0.005171235789238824,0.004669158557776613,0.0050220662388638666,0.004526135385743316,-0.013934826037041076,-0.0015008010327482064,-0.0014310183939800665,0.09939328873049809,0.09994502700661459
2025-06-09,-0.0025226788834996627,0.0175706294541835,-0.0023986303844671284,-0.002127409039072054,-0.0025695958078297615,-0.0022978528186335277,-0.013904420439139267,-0.0017867360114704302,-0.0017825009996659423,0.0956858888302951,0.09562058006890703
2025-06-10,-0.0025212837706503066,-0.0135134651370455,-5.062370088657216e-05,-9.771130675890948e-05,-7.350068534755678e-05,-0.00012057180249056012,-0.01007432451157636,-0.0006744102049771371,-0.0006896997219964533,0.03392146840625859,0.03314557770949904
2025-06-11,0.0017323963788691277,0.014269406019862,-0.0006962275317679823,-0.0006044510283165553,-0.0007150136763813672,-0.0006220586202669164,-0.00984155090013053,-0.0006133156718282477,-0.0005874145251960955,0.030630465641621744,0.029974730271582373
2025-06-12,-0.0005041715205766906,0.0489588581583104,-0.002448030992023012,-0.0020340757141728122,-0.0025249368527764625,-0.0021046028604963197,-0.008791648395837154,-0.002760591172622089,-0.0025993782396096267,0.02785847521218069,0.02713231389291895
2025-06-13,-0.0026818116156344107,0.0354077865122888,-0.0026076893460392292,-0.0024257385851368333,-0.002592175519824725,-0.0024097322749198668,-0.004823838476840592,0.0008037246495708472,0.0008334184974471536,0.019302414356441606,0.01920560950589969
2025-06-16,0.0005367240814644347,0.0037996096754424,-0.0048026070717086325,-0.004679863078659595,-0.004778019924045892,-0.004655375058401679,-0.0053641226640445076,0.0024515859996431452,0.0024692383460313237,0.01002907818298678,0.009917236340214425
2025-06-17,-0.0033029331739165,0.0068823388374059,-0.0015540952089774776,-0.0015385891304765045,-0.0015343231606444521,-0.0015185929265510033,-0.0020980381490737915,0.0009853454318628184,0.0010038280474069673,0.020066108487095197,0.01991994941479145
2025-06-18,-0.0061083635675078796,-0.0044429619650827,-0.008040876576661363,-0.008049290281000376,-0.00808742250550714,-0.008094932562630362,-0.005892018427926813,-0.0012684912255087376,-0.0012765866766928664,0.03669393048195199,0.035753374575580574
2025-06-20,4.94652011417962e-05,-0.0005149121208571,-0.0007433753950726041,-0.0007006428609172234,-0.000664857712002477,-0.0006235553071332532,-0.007240821136755371,0.0022580689375911577,0.002291639130127877,0.03477204870188393,0.0336386094872044
2025-06-23,0.0023345013399482806,0.0211231247107286,-0.00039519495301338454,-0.00017068109461220067,-0.0005151144606079015,-0.00027836703549099443,-0.008163889627761493,-0.0030670545966249227,-0.0028711749442005934,0.039099241248095905,0.0375058792903952
2025-06-24,0.003727232780271983,-0.0230406820211762,0.0041753373931488124,0.003968706609719099,0.004188744105700919,0.003978283099685184,-0.0061179240327006446,0.0005634954187943558,0.0004154466862551706,0.023792052437256486,0.023051068363082513
2025-06-25,0.0003625310149630856,-0.0005164189915316,-0.0007458886759242396,-0.0007478842865613019,-0.0006925869881560479,-0.0006946879197810129,-0.004883670245327959,0.0019076140009308747,0.0019074557733712574,0.02794154778806377,0.02788865017104204
2025-06-26,0.0066461030732078985,0.0194625771045502,0.004885693088379428,0.004649786236972559,0.0048953517873162695,0.004656174740825083,-0.006524570642245778,0.00021844582801867386,0.00014571621244270291,0.04421553400426446,0.043842093789202854
2025-06-27,-0.00029045720028419986,-0.0410542382421895,-0.003048928051511497,-0.0031906189231745777,-0.003184503339944693,-0.0033255382874821317,-0.006304145653771812,-0.0022249635422391945,-0.002209650978644651,0.06093371233254307,0.06105912907128749
2025-06-30,0.00305113433076043,0.0264270620922646,-0.00023119411757628453,-1.4003407630742374e-05,-0.0001769586158305851,4.099275280216383e-05,-0.008157016997084585,0.0009875741502845944,0.0010042057273008612,0.05491790335952398,0.05476583028532025
2025-07-01,0.005435801517619909,0.0097837886361697,0.0055501995882741035,0.005544080087701444,0.0051169820549562695,0.005116014593526641,-0.005129728292101843,-0.008024422887596363,-0.008029314284518595,0.05398737571364533,0.05331283332627336
2025-07-02,0.002717975925679017,0.020907691721115,0.002690927438094775,0.002655832225252022,0.0027475920696541176,0.0027093008179932725,-0.005473964471162968,0.0010741366350256751,0.00103384259385993,0.052753653224005256,0.05171831094868851
2025-07-03,0.003634438881797486,-0.0026640000624985,0.0017087617344809223,0.001657598276086685,0.0017368440690360898,0.001681836225293335,-0.005391564544343266,0.0005365126562348298,0.00047294614712656453,0.05234235246603942,0.05124885645840582
2025-07-07,-0.00020277158562165276,0.0043405394809694,-0.000910601565570351,-0.0008211132707750292,-0.0007415725259625019,-0.0006505154684035196,-0.0057151143336493515,0.003241998869194178,0.0033447804802186638,0.05213729135253782,0.05100418499222925
2025-07-08,-0.004196471907524368,-0.0423869555107759,-0.0033470384560599056,-0.0036277912668225254,-0.0033818793789862677,-0.0036743503473726574,-0.007927375915322027,-0.0006763122827758519,-0.0009342826288362572,0.05151602863602279,0.04983404284003375
2025-07-09,0.002690491591486044,0.0197882204056702,-0.0018457651119788865,-0.0015868394367565312,-0.001855869068242572,-0.0015963728475503506,-0.007638430133799487,-0.00019786049975076443,-0.00018695073955634581,0.051066060564972815,0.050994239533061016
2025-07-10,0.001562516056830221,0.0175318941156914,0.0018561993198706519,0.001929138328632811,0.0018113361357736681,0.0018775734323854623,-0.008260826239843408,-0.004921672101204921,-0.004965825826790903,0.009115435399688383,0.010383951843246569
2025-07-11,0.001533979006176578,0.0058548393436832,0.00031396294411772637,0.0004034920165460949,0.0003375564164460342,0.000429915418489838,-0.00832260203464405,0.0022713665495760673,0.00220213158092389,0.010387346917964455,0.011999011399971055
2025-07-14,0.001452127022726346,0.0114751141601903,0.002954213810865452,0.0030982235367502282,0.0029383982990402956,0.0030904940527041735,-0.009152178535683897,0.002390771437318139,0.002225157097425964,-0.0066152337184075365,-0.003473680152739652
2025-07-15,-0.007267479387761511,-0.0570536211462431,-0.001684441091352504,-0.0020618145988932045,-0.0017275592600228707,-0.0020932932752949283,-0.009573020719966532,0.004653802421680198,0.0050331043248327935,-0.009265148101151676,-0.006254326230913237
2025-07-16,-0.003833598549329964,0.0191805112133478,-0.0019293152977214315,-0.0018631958705572127,-0.0018590173388761404,-0.0017931704602675868,-0.0028254375513838415,-0.003906784092086215,-0.004260246214619164,-0.017993817213419153,-0.016436939735861657
2025-07-17,0.006457654976065985,-0.0078699585708871,0.0049618099628606655,0.004915796459687805,0.004984871305671507,0.0049487903490180426,-0.0032749613110971687,0.0007800743924727118,0.0010497968062034698,0.02956300454593596,0.031428833785038836
2025-07-18,0.0006199932329371549,0.0034488177695026,0.002375456892183946,0.002375069725271123,0.0023786399795896877,0.002378549861695619,-0.003569876315265827,0.00011046843761807422,0.00011256623580906599,0.028814451207773695,0.030916343604116346
2025-07-21,0.005707617891330452,0.0286991239569482,0.0031425921200542058,0.003186989642675982,0.003221414607319626,0.0032665941567545016,-0.003649978752550409,0.0031238069853221193,0.002875693969598636,0.025232828928221894,0.027681844772106945
2025-07-22,0.0015970831826743748,0.0307383918113375,0.002812344381202742,0.0028643859434060435,0.0026228096586516096,0.002653381363139866,-0.003209364597109951,-0.004888973595130883,-0.005200409610901289,0.0387677942748354,0.04057460778163712
2025-07-24,-0.0015313936016253527,0.0014653232704489,-0.003839205241694296,-0.003794044294092233,-0.0037778576073142197,-0.0037376942402974184,-0.0044124564904029495,0.0016769503810924007,0.001397900933082247,0.036582856041403336,0.04031047727435397
2025-07-25,-0.0029912629701975835,0.0689319101636598,-0.0010570669276575605,-0.0008404666587473885,-0.0011177451329168321,-0.0010629485464354433,-0.002812194943367624,-0.0008316493517402167,-0.0030129349657441176,0.0729612848639274,0.07384224691790225
2025-07-30,-0.003060512929973891,-0.026254106283937,-0.0027756698959270423,-0.002714739988090787,-0.0025842645352316964,-0.002530648532086029,-0.006373810417602446,0.0025028437409852834,0.0022378197982246243,0.07647515406614581,0.08226375338658147
2025-07-31,0.0019251433251756822,-0.0033702920003455,0.0076369746304156445,0.0074780836449177615,0.00753900874830946,0.007436266941824563,-0.004849076947082809,-0.001439148595257624,-0.0005808661627524081,0.06807211043322145,0.0719902548550149
2025-08-01,-0.008765135082628439,0.0078905264171784,-0.005649364244750628,-0.005646136523661742,-0.005820784371012136,-0.005823634893467179,-0.0006229111114463143,-0.0022442575582874782,-0.002372930724192788,0.07638166378386758,0.07480132816174735
2025-08-04,0.009809353383623876,0.045214858754724,0.003983435397715831,0.004013260142409117,0.004191162797607946,0.004159917093426684,-0.0010598134844591461,0.0024356709337401694,0.001745433759211202,0.08528549444612908,0.08402321213485117
2025-08-05,-0.0014197628811822849,0.0278202345729836,0.0009529266242691494,0.0009094410329425647,0.0008229356545599982,0.0007455178751050695,0.0030863593051767974,-0.0009829059197576408,-0.0013161608128330806,0.1322516907225446,0.1245464507370032
2025-08-07,0.0020379632821236893,0.0169317072567989,9.69588480864785e-05,9.783623089234389e-05,0.0005296325827780757,0.0005090508807302039,0.002361449272979821,0.0032201076625981836,0.00322899710729114,0.13436623244531018,0.1273505785772719
2025-08-08,0.0022582731987723648,-0.0013029729012343,0.001996423442322837,0.002094330244514438,0.0020217541200878903,0.0022150198191301755,0.003358543208095574,0.00017603118744569102,0.0008928817763107534,0.1438988064138089,0.13516859434000084
2025-08-11,-0.001213635098170629,-0.0015946738909589,-0.0008661843179102718,-0.0008872148862064922,-0.0010608020813776015,-0.0010923882771469255,0.0031870933253442396,-0.0012984149458462662,-0.0014427502430951172,0.14988872708985454,0.1422099160422124
2025-08-12,0.0057097307554114796,0.0008711711369393,0.004691957632685877,0.004735332039361111,0.004707910866760749,0.004785846799729249,0.003869199270598936,0.00010530687072436533,0.00035365253040299353,0.15149281300570722,0.1428372654666854
2025-08-13,0.007067629989429447,-0.0053678042208603,0.008227888588767388,0.008270676540572092,0.007762193401848849,0.00786218480590442,0.004348045194210115,-0.003340518501169166,-0.0031266598403143758,0.13940805499372522,0.13064796157249992
2025-08-14,0.0020302155195890403,-0.0011667766118542,0.003342736457611054,0.0033861336481386816,0.00330243216636034,0.0033684854116934632,0.005203484998891991,-0.0003047642933168835,-0.00014262477539837815,0.13224741918443347,0.12373892541407516
2025-08-15,-0.0006423692107280221,0.0124123602869981,-0.0012986243832061688,-0.001339915977418078,-0.001564677921121474,-0.0015969029955408287,0.006804047972791716,-0.0022379938468188583,-0.0023520615044075504,0.11888037060221679,0.10926033083794229
2025-08-18,-0.0033005846113017823,-0.0047598705082807,-0.0004382076023549796,-0.00036861339129200255,-0.0005572182969876095,-0.0004575276969837408,0.0067108002014317075,-0.0011437122414097822,-0.0009425683261756956,0.10405650156016198,0.09433194732151505
2025-08-19,-0.009475613152306384,-0.0234783006751019,-0.007380754674290401,-0.007285333774440587,-0.008050096618052723,-0.007850833019163951,0.008284133685658501,-0.008773539743058997,-0.008575906024268961,0.07629097985130398,0.06594046659595555
2025-08-20,-0.004408286562365027,0.0240427843962229,-0.00044555879727329294,-0.0006478659592188613,-0.0006855934502646413,-0.0008886699074660068,0.009413138126268192,-0.0027214377139113755,-0.0029864577942326,0.08820141345302417,0.08063196095125799
2025-08-21,0.0028462996112161854,0.0157970483752265,0.0042937957244959,0.0042639355204549005,0.004301473312857857,0.004265714360007975,0.007209692100583157,7.563592077851431e-05,1.8800230689479044e-05,0.10150717123465562,0.09461796413311703
2025-08-22,0.008770630688513581,0.0097018168170195,0.006133583650603217,0.006256108612319216,0.005915672201519121,0.0060747866826421845,0.010206173844445054,-0.0019230051033127075,-0.0017514334442849354,0.11331818553612223,0.10352773053906837
2025-08-25,-0.0007364530833654515,0.0046630188880618,0.0012321771533626773,0.0012010970661499212,0.0014746185358756763,0.0014245301414442196,0.005266344057719766,0.002001522444548671,0.001925178086439906,0.12112848555523328,0.11605839317831088
2025-08-26,0.005898989300553215,0.0187060739746538,0.0051420408395404064,0.005107611745684131,0.005149831446025788,0.005103536241521943,0.006559332710168536,4.706677727730254e-05,-2.5747414514025978e-05,0.16552241168930307,0.15828789954688272
2025-08-27,-0.0025846744117716813,-0.0005522699897667,-0.0011697816305177252,-0.0011567508029024416,-0.0013850095484314495,-0.0013585034077860745,0.005940259656297853,-0.0012748782050957847,-0.0012446090068455166,0.16882233695222115,0.1621011930445312
2025-08-28,0.0022137874762799825,0.0080121817370484,0.0008349640495158195,0.0008462777178315836,0.0013710782833210554,0.001329430767374077,0.01899920252910567,0.0023073570405670535,0.0023182984300745635,0.2323499243417293,0.2084084789406729
2025-08-29,-0.0010051639547138391,0.0195970985508229,-0.0010907044025810254,-0.001190607779612172,-0.0016107447352377863,-0.00168498897419033,0.008092685743754241,-0.003794350180830257,-0.004110963212697911,0.1370564939641443,0.12025921152764356
2025-09-02,-0.0008209116099499036,0.0196236432060397,0.003675831164693088,0.003735419763223594,0.003799291535798756,0.0038644030491507813,0.008931602976212177,0.0009255882060519825,0.001092959966716914,0.13338585161131963,0.11801281826873015
2025-09-03,0.007336661651691223,-0.0058001903225164,0.0049674042363003195,0.005293551572255835,0.0050932720704711274,0.005504386535806822,0.01056821627785276,0.0008977065097444852,0.0017595969043866042,0.1402104505253258,0.1198200355009568
2025-09-04,-0.0019340825394575933,-0.0071599168474879,-0.00016287867734812516,-9.021710146212209e-05,-0.00029245656476799275,-0.00017594198211451023,0.00901829250040398,-0.0009534176261909669,-0.0007307717092105721,0.13590884399480946,0.11730733356524893
2025-09-05,0.005413708144261786,0.0172275769610616,0.0035841962028079466,0.0035105017180055375,0.004177264025406922,0.003992950270090337,0.00940214401142872,0.004211123179109252,0.003994439756790655,0.14083364398863235,0.12078002960605463
2025-09-08,0.005296541206242011,-0.0055139579761279,9.029833221386313e-05,0.00014811787744345786,0.00026980272972012875,0.00031613810462846885,0.011827855611221127,0.0012545705924889147,0.0013822022580787766,0.14308034843230516,0.12155979792605136
2025-09-09,-0.0029709639034841695,0.002244200250103,-0.0022690244869488767,-0.002480625442241542,-0.002376251711849159,-0.002632283477676178,0.011044548981845453,-0.0007620327825240913,-0.0012668221782165196,0.14071208924259782,0.11971533025113913
2025-09-10,0.0013352025937389822,0.0330611459005167,0.0005308661741736495,0.0003223922778875089,3.5813772739586285e-05,-0.00017937899131408995,0.010087187545470777,-0.0032449384181152193,-0.0037487611205898634,0.15256141647262075,0.1338498914869959
2025-09-11,0.007775099880832137,0.0155552877209743,0.010075686270048416,0.009987434177954124,0.009460684233097698,0.009454076519807727,0.010917276566344558,-0.003883057590234232,-0.004160884246629172,0.1583808693688792,0.12818372887409413
2025-09-12,0.0010996806822116678,-0.0050219901847577,0.0014807789651014622,0.0016696338936443035,0.0021021025879498865,0.002243408571419364,0.012217441945865382,0.003811458945736599,0.004325542535603411,0.16301464391828444,0.13264802577996268
2025-09-15,0.005930049032588425,0.0013880203198934,0.004301696199352123,0.004398030941186504,0.004652446229749208,0.004711533841021033,0.012500066984930974,0.0022121430056763402,0.0024839503816421835,0.15855667083775926,0.12621141797013474
2025-09-16,-0.0030153058124691157,-0.0042843241515904,-0.00316374293609007,-0.003196800488439723,-0.003185731376266578,-0.0032283316233783217,0.01151392610090779,-0.0001356356830165494,-0.00024303828992259721,0.16211397832402147,0.12973731402015903
2025-09-17,-0.0012735075827465803,-0.0041760847339786,-6.528471342542363e-05,-2.4072878664639484e-05,-0.00025004261018916397,-0.000154636740230122,0.011446169566830727,-0.0010992182303474405,-0.0009647503824739031,0.1680811795719185,0.1353343454818754
2025-09-18,-0.0010667950131760806,-0.004702029928866,-0.0005562705694346435,-0.0005967799581034969,7.319075016338648e-05,-0.00011121830690069177,0.011807824404262035,0.0038582613483458834,0.0037321478505936588,0.16314636639840008,0.13010246931282682
2025-09-19,0.007328548294089909,0.0434116641870159,0.00587655444399723,0.0055284739657466015,0.00672820875332044,0.006079491163874707,0.012376476468494019,0.0054662893393554075,0.0044466185923075436,0.15580117634673654,0.12391825084376124
2025-09-22,0.009232853950648545,0.0244738126544876,0.005975666623346451,0.005837933492241899,0.005798425860237882,0.005649780162514936,0.013711738813626168,-0.0010889003991962987,-0.0014069215790586953,0.1627704087898166,0.133734056345082
2025-09-23,-0.0008510888194422916,0.0113473116864606,0.00010658262121775966,0.00014668869301803433,-8.878926831901382e-05,1.225514494736029e-06,0.014999305176638639,-0.0012326334759011678,-0.0011461159024350942,0.15849958106479886,0.12691838427007823
2025-09-24,0.0010573048698261367,-0.014172634630838,0.005313520082742341,0.006030637745733154,0.004434405448980447,0.005502428495602537,0.014415173689735772,-0.005328507969550192,-0.0038469087834834045,0.16498326337984026,0.13730745381810922
2025-09-25,-0.0025535974754526958,0.0023960338482968,-0.0017963535236903078,-0.0018178472025112255,-0.0016555811995074379,-0.001705157090082394,0.017437419898343215,0.0008082705522151424,0.0007752460224049922,0.1741648558110317,0.1453604522590539
2025-09-26,0.001729420905610235,0.0188837321098582,-0.0019042008801513604,-0.0021872720935567865,-0.0021874022766251162,-0.0024926220127174364,0.016924102192831747,-0.001600147214113291,-0.0020085081445206368,0.17698458865280578,0.15202822054452425
2025-09-29,0.009006874367146755,-0.0083284350084769,0.004471454898298969,0.005166383758329635,0.0046494950363932365,0.005377836282569328,0.021993919003521212,0.00133192302953414,0.0019426543306035721,0.13367149163006672,0.10884722048002662
2025-09-30,-0.00017211924237203746,-0.0027206453092355,0.0029885242868308484,0.003309259494534855,0.002826995848347785,0.0032181718010003296,0.01592640552434857,-0.0009956660290572693,-0.0006333898786068772,0.16223154528635514,0.14380983437070438
2025-10-01,0.005063061660937951,0.0194520156225679,0.0031186489028795566,0.002602680955035194,0.0031866293420497707,0.0026058486637370554,0.01861583186510682,0.00041123505951072385,2.1352491165080485e-05,0.16530798529449692,0.14835312083017405
2025-10-02,0.0011254451158690948,0.0055846814889666,0.0006427295363236165,0.0006207382427888466,0.0011057099013166663,0.001034977320560617,0.020095600864462354,0.0026938404339195065,0.0026796427949726557,0.17186629139699355,0.1545874243197317
2025-10-03,0.0017673672145337438,0.0049751278914438,0.001978093248198171,0.002234935407524507,0.00110424515655877,0.0014729210263682746,0.02030974990885842,-0.005061144032293618,-0.004898166902822966,0.17265821443999044,0.15557133847707008
2025-10-06,0.0044588750078145,0.0189961030887013,0.003326889620975828,0.0031132088876944697,0.0038774942475234674,0.0035986868553732764,0.01925990994897772,0.0033781470213624775,0.0032507067480134775,0.1629901312955691,0.1493453594285201
2025-10-07,-0.0031923756303102735,-0.0176251852936032,-0.00801652186938968,-0.007593987528719627,-0.008092319942487753,-0.007634999461228895,0.019880554010661133,-0.0005158089832576918,-0.0003044047914925541,0.14694988951026303,0.13472827516349817
2025-10-09,-0.01006453205685598,-0.0360859998455134,-0.008160892435861919,-0.007547003900662612,-0.007687005353239006,-0.007045058296716518,0.01556958630753938,0.002943050327278445,0.003306360020893374,0.1610190210580278,0.1518121441023356
2025-10-10,-0.01751265363143406,-0.0008214962513357,-0.015354162728429715,-0.01532769394173047,-0.015908281359216295,-0.015824697923545506,0.017704215696868753,-0.0036522833761838194,-0.0036334309851716214,0.1517184111178176,0.13678641037724296
2025-10-13,0.01797401349862815,0.0500352615312376,0.015614449803115327,0.015186610861190764,0.015989277597424086,0.015482608510749146,0.016072082383240538,0.002347063166726046,0.0020172739054386303,0.15970076972046335,0.1467315116506092
2025-10-14,-0.0017761058465074475,0.0127516708075048,-0.001438984486873632,-0.0015492726985793105,-0.00216226274906731,-0.0022265867557726845,0.017566555451797305,-0.004521929956436174,-0.00459016347972443,0.15994901937043804,0.14755771993421146
2025-10-15,0.006746483313493146,0.0335763296309619,0.003516018756413922,0.0030278115688294528,0.0035372993387008146,0.002996345936772435,0.01789228526643355,0.00012955804930850617,-0.00020971609541240496,0.16425519217353887,0.1500391850953999
2025-10-16,-0.0006336464086051929,0.0501174900645848,-0.0013692184391901254,-0.0022578238959930002,-0.0007831516243078874,-0.0018067072988673083,0.02058097247067525,0.003581112341586183,0.003056371943854514,0.16365496498849377,0.14759872339252125
2025-10-17,-0.013213260213253863,-0.0763203445222583,-0.005956307472087658,-0.004565728369961245,-0.00607548198190093,-0.0045790113938252155,0.022583640660568116,-0.0006997363354912349,-8.51688404168412e-05,0.17031345060806172,0.15596107448446048
2025-10-20,0.008589141268835476,0.0453894777894843,0.008716170936244574,0.007682311389035615,0.008743215385771016,0.007663134920316887,0.03323485857302691,0.00014761982003711795,-0.00011707620618105902,0.18320337688771302,0.16379475680231217
2025-10-21,-0.020191166542802286,-0.0903150990615258,-0.010170038695202674,-0.00831895436727782,-0.01012493510793619,-0.008199916060519069,0.03305109554578603,0.00023839170575883008,0.0007008864517186263,0.18919948209962636,0.16983964587530787
2025-10-22,-0.005168273240636401,0.00799354082305,-0.001025583951641527,-0.001616270205590168,-0.001986296400104405,-0.002416502015150872,0.049077856844114864,-0.004477386068122367,-0.004612958637824004,0.21456993742464586,0.1734747420016335
2025-10-23,0.005697200058127683,0.0218365875098369,0.004498891329676364,0.0040482643711975035,0.004934168097958171,0.0043612551886409705,0.05017905867772632,0.0017150373572828743,0.0015774666340024977,0.25380016734519617,0.19841358967401768
2025-10-24,0.003496289807801256,-0.0623102090579298,-0.0011489190460511054,0.0020692323212700087,-0.0011706606248971687,0.0022426507548067368,0.05140673578495403,-8.458821915060914e-05,0.0008585593558415143,0.25702844987831,0.20198770458534046
2025-10-27,0.0021193073247922634,-0.0568550478230419,0.0021994987461662584,0.004365482959913018,0.002863778783359296,0.005040706280756403,0.04401086762083656,0.0026270190743224574,0.0033690262759033546,0.25286456565384025,0.2004209126158534
2025-10-28,0.005659461019844159,0.009029621127728,0.005375846721269551,0.006141052930046827,0.006459377165401462,0.0070057396119968165,0.043911102922306294,0.004273587653036362,0.00458282536417488,0.2535411771329715,0.18867982374135966
2025-10-29,0.004894017128691974,0.0041593376138975,0.0028695781257132777,0.0033341068313682406,0.0037236293742697562,0.003994801839286662,0.04653735332847639,0.0035256770963608924,0.0037029932761767637,0.24223751217543146,0.1784218762072774
2025-10-30,-0.007037775380156042,0.0331366819420548,-0.004425908389272579,-0.0053832894148706035,-0.0048055918461387395,-0.005731820165288312,0.04520577408462706,-0.0015400770474932497,-0.0019706014249277863,0.24653536489249753,0.1768651671560225
2025-10-31,-0.0021969199580389454,-0.0162798733767027,-0.003675122848457925,-0.0031222570908479913,-0.003478034513963057,-0.002938677710844105,0.04248891326078302,0.0008109421003083287,0.0011208894204112639,0.24303625920987795,0.16378009878663585
2025-11-03,-0.0015237814791272397,0.008027683291089,0.0007469967328073396,8.739971425601148e-05,0.001051852126714332,0.00023021498703126517,0.042034062458620985,0.0012448031338772921,0.0008667852956793804,0.24490249551132795,0.16476430032570027
2025-11-04,-0.01646780767174083,-0.0333251792351481,-0.013107888225155438,-0.012905206792459153,-0.014259777842844665,-0.01366652346594893,0.04121504207573362,-0.004808320219820536,-0.004691998759186277,0.2395617523435975,0.16225849847024434
2025-11-05,0.007470307632155171,0.034600705636788,0.005365914688548509,0.004738914633134965,0.005915417715353168,0.005063002062439448,0.04163059195185714,0.002224084834305742,0.0018762418900381567,0.24706927466462522,0.1727322212691088
2025-11-06,-0.0037433085214972905,0.0110253773877375,-0.00177585809081759,-0.001808232643249747,-0.0029779852365370693,-0.0026948692017328565,0.04283627627103892,-0.004761314016762044,-0.0047770713874961766,0.2524780221358214,0.18560253480906555
2025-11-07,0.0006977136475792012,0.0104204607181854,1.790144829996932e-05,-0.0003084399723455194,-0.0007503457257971743,-0.0009107686557849221,0.04155467641048466,-0.003026682021674394,-0.0031983650131055725,0.25382487112811425,0.18832393456385788
2025-11-10,0.016396015555596666,0.0584003211683266,0.013453265003102201,0.011747327015314876,0.014165550354270329,0.012103553707098582,0.04175301294619743,0.0029016426364916643,0.0019893329428563207,0.24547659391619767,0.17906841238559454
2025-11-11,-0.0025103270904448527,0.0191479126570062,0.0007104807404471746,-5.700081630192848e-05,-0.0006063707661830339,-0.001138301655861664,0.042388617708008725,-0.005158912665903617,-0.005513348328609488,0.25525756916447595,0.19612416540938313
2025-11-12,0.006620413762673305,0.0346859683428038,0.0070048351662151944,0.006890668647074489,0.006802398903236238,0.006724779789248298,0.04331542465991822,-0.0007045199722378177,-0.000765893676588546,0.2873392820024064,0.21659515269161012
2025-11-13,-0.012731972387350687,-0.0359943965306297,-0.015239911463506664,-0.015023398622728898,-0.014945765017790281,-0.0147757770797095,0.04301420877805501,0.001024072293256715,0.0011429927080533926,0.2872321101284049,0.21664315202945406
2025-11-14,-0.0034845744829613556,-0.0213998901339991,-0.0029598649018501484,-0.0016905013516901755,-0.003322443625493312,-0.0017756671542217173,0.042856164726537804,-0.001044907077220558,-0.00032299869928450195,0.3469961411381441,0.2636722770718259
2025-11-17,-0.01053142405760854,-0.0080866365511245,-0.01010047537137337,-0.010539980729454867,-0.008610646842059687,-0.009456318006802078,0.04260596109467113,0.004197925124948957,0.003956934085290069,0.35489640357307967,0.27386423410015986
2025-11-18,-0.00723542917125608,-0.005626339239566,-0.005778854486822652,-0.005864090972646145,-0.006289720457444839,-0.006274544740387604,0.0424806786844214,-0.0014935579893169734,-0.0015389387883851385,0.34204629098868766,0.26671221158325764
2025-11-19,0.0077918576412041585,0.0105081256136663,0.005337232517690351,0.005970209358180665,0.006088531462262564,0.006622335405254558,0.040610609307598244,0.0023693435401310036,0.002749395647314885,0.3170916044241004,0.23718887011069736
2025-11-20,-0.016040163220979342,-0.0629642555333597,-0.016611439136692576,-0.01499844524966688,-0.018427848680931346,-0.01613101169680399,0.040681763101663715,-0.005628059061025422,-0.0046465479097555044,0.32274173468038764,0.24374362841697286
2025-11-21,-0.001586431870979288,0.018170705655726,0.00472917721562683,0.003963260227879629,0.003702755014955307,0.0030283844694523276,0.03800175431318886,-0.0033962401967737674,-0.0037945665737838617,0.3022230882394087,0.2463722114895103
2025-11-24,0.017482576720638132,0.0364115581903321,0.0115192664198563,0.01098613957911065,0.014291452606056397,0.013207728849159906,0.03518754970070681,0.008351392906434944,0.008040823101580719,0.33194297253860633,0.2762887880983902
2025-11-25,0.0016104403523433675,-0.0030047629712052,0.003622315954795082,0.0040167607737637894,0.0017425109880821869,0.0024418489708123475,0.03628585729763206,-0.005244261517747449,-0.005046362672976071,0.35844989048538745,0.3120885090929601
2025-11-26,0.01713523458917643,0.0492639407137565,0.010724583651947048,0.010408943506599521,0.0104236186372974,0.010096007426173299,0.036610416965087766,-0.0008353246243760475,-0.0009889087160564,0.3602970699862979,0.3164458714391756
2025-11-28,0.00948652594155619,0.0023200035534167,0.006971232244021837,0.007873478260504944,0.007611710027611142,0.008562885470703928,0.037703933496817776,0.001735609285130741,0.0020434966392467594,0.36902186977010604,0.3373664516781474
2025-12-01,0.0019145221746348362,0.0121238667852097,-0.0001994147842940407,-0.0005034087675428876,0.0009104532351747719,0.0004795340593098422,0.03826144908068807,0.003110935214784013,0.003014437422647687,0.35676346270228426,0.3260783652258655
2025-12-02,0.003250866403648134,-0.0147010611695812,-0.00027239441173473894,0.0005472553872317187,0.0015116025594842544,0.0022660856037175587,0.03942158912746746,0.004937640891376766,0.005177149508615276,0.36130553243242225,0.33200320246217435
2025-12-03,0.008192610577234749,-0.0091733178631793,0.0055472979653264,0.007041708737345043,0.004657600953537004,0.006427681127315231,0.03748961003945689,-0.002382982176425545,-0.0018137799595061774,0.3733544550148478,0.33853478577252105
2025-12-04,0.005038428756745983,0.0119353003526201,0.004176243107205269,0.004399156006918036,0.0035835390246759706,0.003881440015823498,0.034857644626953566,-0.0016333097837224063,-0.0015525896184289897,0.36288528265501685,0.333453209366753
2025-12-05,-0.00026276503968691856,-0.0105820003478304,0.0012137340796393983,0.0016830410062445796,0.0016396757185492493,0.00212637984663689,0.03546707760118856,0.0011880640143882202,0.0013279195391603525,0.3585174146775204,0.3338597161335066
2025-12-10,0.005394958020239704,0.00329477309017,0.00797976433004827,0.008546867342036928,0.005978980019216273,0.006778856800931539,0.03487886385463007,-0.00576948584810328,-0.0055681924984432515,0.3467872811387092,0.3175196514128771
2025-12-11,0.006876775295596715,0.0531779296813912,0.0067712624520039014,0.005154031660698759,0.005409124963490906,0.00377371853980539,0.04598576068420923,-0.003936575217275918,-0.004221709565016557,0.3460209479894369,0.32695596407947247
2025-12-12,-0.005341626846669945,-0.0128746610628754,-0.0074132531732288886,-0.00710443082341215,-0.008616362869771393,-0.008172824662907203,0.04431470911070229,-0.00368531706428794,-0.0035980476059495996,0.32646029515372293,0.29693710492561914
2025-12-15,-0.00030543991804066195,0.0157937952047848,-0.0002150592263721532,-0.0006889888334655766,-0.0011357805910790406,-0.0015726891429849008,0.04192141430944579,-0.0029699253394561273,-0.003104423043674534,0.3100149867321243,0.2846584686066105
2025-12-16,-0.0006282299759019505,-0.0166516563492418,-0.0042952762602740035,-0.00379360825434726,-0.0014362857177111481,-0.0011449649918526712,0.0418421752437666,0.009305124974480954,0.009459177796812223,0.3072490214160004,0.2800077680522133
2025-12-17,-0.00593627026813226,0.0144853431258555,-0.004307654012695796,-0.0046357327267174545,-0.005397457692757093,-0.005658611448100169,0.04157472200830847,-0.0034526123305771515,-0.003578984757216991,0.3156461182769356,0.28580136289215
2025-12-18,0.00847531525488776,-0.001106089630237,0.006234973858583555,0.0068626855869779995,0.007387585928847133,0.007973314270385622,0.04211075817398924,0.003636303007823312,0.00388553568548557,0.3169736041752655,0.28583669622601826
2025-12-19,0.01027260442773481,0.0196296018675505,0.008385015953869503,0.008473015890491195,0.010034893746361833,0.009973987979699487,0.04083183407886487,0.005007126918381484,0.005044783240002829,0.32950588618696164,0.2975295503890319
2025-12-22,0.008658650324768091,0.0354427515593032,0.007309517783337298,0.006471519380761779,0.006030442908766054,0.005191782824581456,0.03872340492046261,-0.0038524521600098354,-0.0042354688048780505,0.33201577111043534,0.3021475579531042
2025-12-23,0.005595920805786525,0.003527867622727,0.004798008313030872,0.005339536070074195,0.004187687350798054,0.004875423440223678,0.03888910676768037,-0.0019044853904136537,-0.001622601452697956,0.32046502709073343,0.28602996076391435
2025-12-24,0.001877325842462696,-0.0049405856823411,0.0006013204222190553,0.0006770666607312917,0.00011237543824615514,0.0002500402443093391,0.03832964039334952,-0.0015477625854789121,-0.0015089501650535214,0.3159043825972863,0.2829957054326942
2025-12-29,-0.005317734121841999,-0.0564379021516076,-0.010702822305483034,-0.009492320652100716,-0.011198996397012993,-0.009746140967880304,0.03898411883614106,-0.00150654862417851,-0.0008650834221369278,0.3293448904116892,0.2934055945179699
2025-12-30,0.005615374786590577,0.0205390552239455,0.004178958818381635,0.004227787137284314,0.003774137236958146,0.0038695789649191323,0.03432169702988108,-0.0012619842887308856,-0.0012344517610101554,0.3207817918482944,0.290175917503809
2025-12-31,-0.005558732116012655,-0.0197329876711801,-0.005447436104332,-0.004817450255417145,-0.005191855154144147,-0.004484551049648172,0.03427154013403255,0.000803410070613934,0.0011558289871261666,0.31812017242023843,0.2880176993973352
2026-01-05,0.01640282892170508,0.0228215523684589,0.012880151230748526,0.013603967340696486,0.012389958157881485,0.013283174377557857,0.033507095713015356,-0.0015566075142104258,-0.001129101378364871,0.31491115672513237,0.2841135165412
2026-01-06,0.014437713135774022,0.0547667172394399,0.011985317198902714,0.011374470098062918,0.012363253315127363,0.01160837435929635,0.03128268427826025,0.0012026371336161306,0.0008223978508096162,0.31425615063811,0.2844174033321731
2026-01-07,-0.004238537720703817,-0.0108973886929295,-0.007076552216281469,-0.007473667299603217,-0.005240030192500804,-0.005867410851936537,0.0354107082657546,0.005896874700015286,0.005698267726564036,0.3114398926902579,0.2818850437964607
2026-01-08,0.0010705308919229939,-0.0103694354636656,0.003786575754769346,0.004771572137787416,0.0018463102576245487,0.0031154335089635414,0.03622199740817017,-0.006115370135529645,-0.005683140610206048,0.31727687027021634,0.2914125731553994
2026-01-09,0.009141803587750186,0.0196463512593532,0.009735949622077173,0.010107963054491489,0.010249153417105838,0.010623323191056779,0.0375356423223579,0.0016458744204332718,0.0017679440635968418,0.3118122431804751,0.2915025125379995
2026-01-12,0.013086635357233423,0.0364253720388669,0.011116042467394185,0.011122349112450516,0.010889948215470461,0.010914480961668055,0.0370765473730898,-0.0007372786015880624,-0.0007348667437271936,0.3066605370571275,0.2828650943276762
2026-01-13,0.0022603404854308895,0.0147839782443381,0.0008876659083693086,0.0006628699451142944,0.0015473933127271439,0.0012468815292877118,0.03664255258823179,0.0021656717209701587,0.0020780112951756186,0.304629458827815,0.28104350805457506
2026-01-14,0.0038863126125847636,-0.0041873483297562,0.003773623452732082,0.00511909827903638,0.002200160798862218,0.0038009988481053163,0.03711817282249208,-0.005163695459213565,-0.004671373267418214,0.3047163928039872,0.2821652981843153
2026-01-15,0.004702448515080393,0.0005256027839837,0.0043103515664652545,0.00474775535122524,0.004076622746140504,0.00455415800613912,0.037077022268223125,-0.0007825624718959066,-0.0006802258281440893,0.29867113325598704,0.28460745987044506
2026-01-16,0.0004670445843297788,-0.0007879900062345,-0.0016610312652360765,-0.0017222390511971103,-0.0017580396341190776,-0.001818923679308834,0.03701915587976168,-0.0003241718189187228,-0.0003363300528214343,0.2992498521511586,0.28746948808436906
2026-01-20,0.004825707338679708,0.042236238861014,0.0034576973345789843,0.003993074141843403,0.005475243492297515,0.005975958144077273,0.03522807953937951,0.006435225461284319,0.006536305605454037,0.31351600186450496,0.30336464081163356
2026-01-21,0.005098137564183869,-0.0002522177457634,0.005774334731550684,0.005739035087428585,0.0050927175250859,0.00508093912518116,0.03399793119025141,-0.002197324376504318,-0.0022061352071547358,0.31020326982816976,0.29830264260928946
2026-01-22,0.012102545415126897,0.0233790151684498,0.00710466378648575,0.006805758168057876,0.006963981854011493,0.006648819957737714,0.034173696019103805,-0.0004587732774417432,-0.0005322700636346796,0.30664805338870665,0.29484696029814295
2026-01-23,0.01195589452207968,0.0215300769547526,0.009990791873151295,0.010687495868210961,0.010636911639755862,0.011355429947840135,0.03545956509465081,0.002089532324155486,0.0022465831209083817,0.3092174067542659,0.29731109141374235
2026-01-26,0.008796553843865462,0.0129514974014273,0.009648881023228566,0.010179408902510742,0.008911574944923282,0.009514045124310954,0.034846223537318255,-0.00242348042724869,-0.0022871754843193743,0.3042343853968444,0.2909106812143114
2026-01-27,0.010089152685238911,0.0085768888719777,0.007907874480037765,0.008488658923221806,0.008649703861050193,0.009241776930626004,0.03440438557243736,0.002429025314086,0.0025534260954617844,0.3054020790604976,0.2949441179215906
2026-01-28,0.006892581145957921,0.0389763539231668,0.0033536264535417135,0.0021432084301919356,0.00445680894411641,0.0031589611422445417,0.035610891905044684,0.003733046828475908,0.0035381841264252134,0.29551798872694474,0.28708305609821494
2026-01-29,-0.00753623615291743,-0.0380446893457339,-0.0016070296612616815,-1.1111168506154135e-05,-0.0021598025706144105,-0.00052564616695914,0.03877155718964076,-0.001851383412815954,-0.0017473131216125771,0.2985728971785245,0.2944721195582715
2026-01-30,-0.04495773254927127,-0.1148664759788877,-0.02612943651593554,-0.02513084790628198,-0.028116274120020504,-0.027128415105111967,0.04499049675766986,-0.006244868603920351,-0.00625719737761193,0.31815522953319647,0.31924311768995883
2026-02-02,0.0013024841180988567,0.0044503783425966,0.005690646473072882,0.006311620583286174,0.005514380371831435,0.006113158617452598,0.053503023523061743,-0.00043119639488387734,-0.00047562379791549723,0.4087838009149369,0.417266685779407
2026-02-03,0.02429697546233034,0.0380150728713668,0.01718437994030148,0.019741687570968478,0.01449635037307035,0.016916337042884342,0.054842238326798104,-0.006543550696216817,-0.006729444663106543,0.41079066886197396,0.41984898747652755
2026-02-04,-0.01813060878125783,-0.0024756779668634,-0.015390104895908271,-0.017654721771491876,-0.019097949868106753,-0.021383671713465665,0.04773695226497304,-0.010462320345888879,-0.009963236160375446,0.3543998701641223,0.37427095794483073
2026-02-05,-0.018791004476021667,-0.0712023945525927,-0.019499022547197906,-0.018277098580642505,-0.018682464208183265,-0.017449224835272635,0.04387162894475183,0.002400120785891944,0.0024642411141487137,0.34021551907489345,0.33595484655134883
2026-02-06,0.02510280683887589,0.0625633556795228,0.021840446057959522,0.020713665093928992,0.02002936274953279,0.018913558188423534,0.042502676355405056,-0.005260001103705319,-0.005477214225946173,0.34431234380368514,0.3286537336769938
2026-02-09,0.02025895240587272,0.0469129697921095,0.016034070074477193,0.01583961361420529,0.016572674782605233,0.016326471276157294,0.04405976103823653,0.0016773917182874845,0.001628192856836663,0.32109655857721153,0.29901719560257867
2026-02-10,-0.008505683354533389,0.0066263182317498,-0.006738402024251407,-0.008147437873054216,-0.006933749973965092,-0.008435711779529415,0.0444139729774885,-0.0005987793207592228,-0.0009470799158744054,0.3262436476029281,0.3043818178839135
2026-02-11,0.012074625863115918,0.0252612501082918,0.007838374005286785,0.007381945569453876,0.008129137498537121,0.007616697775841346,0.042602945246676294,0.0008883519794877222,0.0007677742246867379,0.32730663066456833,0.3057568212617175
2026-02-12,-0.021371658305542884,-0.0520063868932143,-0.018158982984970783,-0.017402274199964585,-0.01837798783918002,-0.01754627370491191,0.04344259715941448,-0.000666829413590371,-0.0004703149469859058,0.328427105562217,0.30617675638583375
2026-02-13,0.008585006687615637,0.0650186261987537,0.0024152145208162974,-0.0005221526483327634,0.002896454037062134,-0.00026894576115056763,0.04082290700705268,0.0014062266818074998,0.000775511614840931,0.3422204417478864,0.32650302372763607
2026-02-17,-0.012581621989790404,-0.027742491323535,-0.011293634834117492,-0.011661146970519546,-0.011760511992302698,-0.01212359243419436,0.05058918427185491,-0.0013358608177223208,-0.0013810986270619452,0.34949536058797975,0.3348388410603626
2026-02-18,0.013051503592526492,0.0194587926606109,0.009682111418072894,0.009831843164255233,0.010327644549537204,0.010453408782974915,0.04853087019034977,0.0019029064052981156,0.0019251239503087665,0.3392353558046801,0.3228704409497743
2026-02-19,0.004060988953992428,0.0056941139672066,0.005851590114506162,0.006646243765316094,0.006065852937275405,0.006897098195826145,0.04466323126551783,0.0006323667767515976,0.0007795833401967435,0.33882681798984843,0.32178013250794
2026-02-20,0.011968240304335298,-0.0260765887772824,0.01200345979818104,0.014426860454315729,0.010915280961759583,0.013544291955019928,0.045383564343496996,-0.0031920898627165704,-0.002735127663764162,0.3408985596337183,0.32267908770362913
2026-02-23,0.007656755344068733,0.0173585752416178,0.0008445315555914563,0.0009421878893014082,0.001487369575273355,0.0015567083110827684,0.04280691913299847,0.002037239095261859,0.002054786230530084,0.31554372836108635,0.29906781184836484
2026-02-24,0.013228015110174907,-0.0012877558318662,0.012386859181277157,0.013334110535495885,0.012119855030921488,0.013143499968736046,0.04255928536724532,-0.0008032114472975357,-0.0006080001622060464,0.33242074830237867,0.31350413800685284
2026-02-25,0.007695884031585276,0.0061246043892291,0.008391428350387484,0.008620480868577442,0.009503453437638311,0.009685643084660064,0.042655302566858955,0.0033005855394073295,0.0033464002641765585,0.3369175178082201,0.3183009000700088
2026-02-26,-0.00043531727037127155,0.0209852044741922,-7.836488275805265e-05,-0.0008452731202670016,-0.001560412347472075,-0.0023008755663999096,0.04200508403201178,-0.004426660280842481,-0.00456714721448473,0.3348003620535293,0.3187115233590906
2026-02-27,0.0021823993526945973,0.0198477975607485,0.0009263545908076522,0.0003941074924569769,0.002115335359374847,0.0014489848192481593,0.04062733421857012,0.003630502411800826,0.0034758372250402693,0.32749758399896645,0.30348870171226683
2026-03-02,-0.0009607755612303093,-0.0097692636343148,-0.006702223985247742,-0.006958170407630285,-0.0052500120052952765,-0.005624012939097268,0.040401073960448036,0.00453959407244011,0.004471106150466156,0.31989908277677354,0.29839539112564606
2026-03-03,-0.03911030739136234,-0.0793132869054267,-0.038690003316716765,-0.04022227067488995,-0.035087470857498367,-0.03690579216085621,0.040701843736298676,0.010438447536140451,0.010109811376575444,0.3451214796784257,0.328045538190521
2026-03-04,0.007085841686314431,0.007171837053586,0.008069953202449045,0.008268877008732595,0.010032344263512178,0.010188167236869598,0.04144140379718361,0.006001229173028873,0.006022939866191143,0.32699818728513746,0.3186633555666419
2026-03-05,-0.027357170676970743,-0.0274776437398157,-0.024976779413523026,-0.026916827802683122,-0.02257092791385166,-0.02477425446439016,0.046581596146079374,0.00688796559133315,0.006495061135546444,0.34928332143507496,0.32987731656081326
2026-03-06,-0.006951625578011877,0.0017228407610125,-0.012228778709493647,-0.013570623045180287,-0.011500372456011014,-0.012896563818267795,0.04354177769938558,0.002247281594467871,0.0021255167202487504,0.32412771736116575,0.3171272286360235
2026-03-09,0.00897283209689248,0.0057614426319594,0.009420687563645499,0.009499383127374372,0.009596024960606834,0.00967365239240096,0.0489371337219352,0.0005351881410328684,0.0005384670672462701,0.327618240237777,0.32363959771461803
2026-03-10,0.007788155684593123,0.0165868883087552,0.013807680508896664,0.015368722550605611,0.015378352943212825,0.016940162501295757,0.05102304923327561,0.004810978142860297,0.0048619400818308775,0.32647673460065546,0.3232125292045732
2026-03-11,-0.008350445520898586,-0.0226240740696774,-0.009859841194659023,-0.010480176393231533,-0.009286467594127807,-0.009924027528180944,0.05449953862451706,0.0018825642806486794,0.0018559232889079481,0.3045705299017117,0.2996615584134728
2026-03-12,-0.019611390274212326,-0.014886806136893,-0.022647063233557668,-0.02367143959198069,-0.021296659149431324,-0.02235123536343232,0.05531861913609662,0.004387275986048555,0.004349823354125072,0.30780012208499724,0.30350754986311235
2026-03-13,-0.01632838620357069,-0.04280224827214,-0.01307906883553214,-0.012166864701988285,-0.012508389349137472,-0.011596217061858035,0.06497625602618796,0.0018260872947529986,0.0018246494401864405,0.3125148989505679,0.3127437126067062
2026-03-16,0.010462440818136187,0.0055667147304125,0.013052381292426057,0.013939165470820344,0.012310199551504905,0.013165481715890614,0.07274606754949889,-0.002488814046082803,-0.002529600393577809,0.29820698821966546,0.3058521641973539
2026-03-17,0.0015078833134576364,0.0077139346155572,0.004170082023041918,0.0037687254973287902,0.004653227939255906,0.004278838846293442,0.07329541611499758,0.0015444489036240908,0.0015719944436811562,0.3128273878664873,0.32450073282032543
2026-03-18,-0.021678378926125896,-0.0405259362652863,-0.023329886020395107,-0.02393632740570735,-0.0218522907298205,-0.02237316139332974,0.0728160212904302,0.0047212901217033275,0.004773545959895278,0.31296430689192556,0.32746432641685813
2026-03-19,-0.017667970869984173,-0.0688943486409845,-0.012107651666315769,-0.008613982317431096,-0.012041426692624898,-0.008659748160556278,0.08078726433461751,0.0002141092855177276,-0.0001391435362746358,0.3093045382441799,0.328911024910582
2026-03-20,-0.022332677423223646,-0.0342741330754106,-0.021268138118585574,-0.021167141815774036,-0.019946606553584188,-0.01975197499069242,0.08756724218877426,0.004306086376128265,0.004296682281286358,0.30689852677539814,0.32936268786841283
2026-03-23,0.023551845822321615,0.0244258482604264,0.022992781320048318,0.024005166888920227,0.02186763240332016,0.02278667488959563,0.0879519424104962,-0.0037445115877776103,-0.0038221925261489476,0.30047948586959294,0.318793988264328
2026-03-24,0.0018526442961053213,0.008966754217351,-0.0030297472654558333,-0.0028573685452525236,-0.0036800966530263096,-0.0035599205979542007,0.08760466471557173,-0.002093015016851031,-0.0021092317107650038,0.3107237083033215,0.3330843401964937
2026-03-25,0.015644083484683824,0.0252474256186017,0.013532613065490223,0.013727349769887811,0.013314525249975546,0.013489833476585347,0.08868796188011983,-0.0007038537384926984,-0.0007199052843348411,0.3098482022440138,0.329927142460034
2026-03-26,-0.02290506135328152,-0.0212765573693738,-0.019147541951753087,-0.019837932212210068,-0.019530938377301296,-0.02022965153090488,0.08897054742140678,-0.0012583045151132767,-0.0011939247791430858,0.3046928791427638,0.3280938008305309
2026-03-27,0.0036322297587063623,0.0275764678637095,0.0006783567847035769,-0.0017551791215082116,0.0011189960398089653,-0.0011978376561887056,0.08828821411887344,0.001415716993500106,0.0016581006615215936,0.3112481217139112,0.33613246665496616
2026-03-30,-0.007529982905613797,0.0099902476758555,-0.004490539946010052,-0.006082473647623857,-0.0057011820026397625,-0.007331533312116584,0.09109937914726912,-0.0038142202280137486,-0.0036835620189137382,0.3174022432522617,0.33909016817940624
2026-03-31,0.032401500778177716,0.0497478386033887,0.03537995896020698,0.036334121128848436,0.03454651288117368,0.035393328746789014,0.09258303504131914,-0.0026807953735459647,-0.0027779611559472298,0.31089507511754755,0.33866290032384233
2026-04-01,0.019118100224269075,0.0511778375568345,0.015656786348596432,0.012794895318425164,0.016725102297895676,0.014083168962099466,0.09456280183205194,0.003448038096247323,0.003770632082391364,0.3098329889283878,0.34165986379059954
2026-04-06,-0.00027054418108907186,-0.0106970731087965,0.0024637687634156235,0.003143567109252467,0.002768714382325693,0.003456070508149029,0.09846864222502495,0.0009692253557569896,0.0008750921597828277,0.31462818951107796,0.3571091289106125
2026-04-07,-7.054471073575375e-05,0.0161304587901132,0.0014638872127906415,-0.0009296647408032209,0.0013020854061772662,-0.0009932113121649125,0.09867471811906807,-0.0005144720791656171,-0.0001775857340437127,0.31450065643173747,0.35783601483469507
2026-04-08,0.034720442465594026,0.030527692572337,0.032878008988391286,0.03409339199519763,0.032075665133797955,0.033143327473419124,0.09742661158516781,-0.002523629786472699,-0.002671643876643953,0.31793247127377094,0.3556104651836914
2026-04-09,-0.0001998494672871276,0.0072788878480309,0.001840354534075798,0.001578983877017384,0.0019009919393095656,0.0016595632558675797,0.09700852899994845,0.00019575009032528345,0.00023014155149972924,0.30976948788620706,0.35012964119293344
2026-04-10,0.007263603228770288,0.015881012988177,0.0029513041385822816,0.0014041867609468784,0.003362449124626007,0.0019433783445241722,0.09711199363776281,0.0013320718838409865,0.0015405661572929158,0.3086507500317257,0.34999573437648657
2026-04-13,0.006398500806168661,-0.0363937259747434,0.004574264399795352,0.009822051178068811,0.004508938701709895,0.009553768072202942,0.10250716302837226,-0.0001954734491675155,-0.0007270396105569232,0.3341921798775397,0.36900755057949736
2026-04-14,0.01054323000188484,0.0240343609592945,0.00669315246547705,0.0033655495646962835,0.0071906587298293115,0.004094912278045316,0.10269193318812828,0.0015632391418890085,0.0019924157157106166,0.3182534591291245,0.3660695444218037
2026-04-15,-0.014717293835395995,-0.0524727743176552,-0.017943860968260658,-0.016170052939921204,-0.017088728576212592,-0.015260639275792643,0.10406251070799595,0.002740043304670394,0.0025492563130133563,0.3120871814655122,0.35673684889442275
2026-04-16,0.010014806431104306,0.0032732019071597,0.006687067482852875,0.008347340826149139,0.0074465398483303975,0.009145324226861559,0.10285076593933244,0.0023943563973538784,0.0022361953234950127,0.31719269792785715,0.3568487029412218
2026-04-17,0.00860251979306792,0.0272462414082701,0.010845756251236915,0.008461025146957214,0.010028463529593364,0.007631462508342729,0.10089220413692783,-0.0025273569986985246,-0.002320731517662475,0.3233784234140367,0.3574573931973193
2026-04-20,-0.004681733122483878,-0.0142489584730418,-0.005426760616985281,-0.004371424806987819,-0.0054596663372229745,-0.0044378175172174,0.10036015027742477,-0.0001012643435195251,-0.000186267356820838,0.32494873411548475,0.3564377106261394
2026-04-21,-0.022202880729674246,-0.0482409740752048,-0.019760493919020128,-0.01906584058142216,-0.018143842664841602,-0.01731533352417754,0.10003136505764137,0.004985130764052374,0.00493053350375899,0.324294653579828,0.35503400512542194
2026-04-22,0.017019913149575627,0.0233302410902565,0.015457810939016698,0.015143821601503075,0.016321883907509344,0.016120059725771275,0.10159427331950081,0.0030067343031139025,0.0030331932259168026,0.2873792232315803,0.32185161035137944
2026-04-23,-0.01198580117591852,-0.0070630391265505,-0.01603869420578633,-0.02101831809942562,-0.01590181873482759,-0.02074960606517857,0.10257836696959215,0.0004692867131994606,0.0008360454395724059,0.2916670493941138,0.3214084085962005
2026-04-24,0.011001182422089695,0.0867999243792752,0.01692349965371781,0.007836392505643481,0.01907215039738719,0.010447472664403962,0.1059032616893818,0.007338581813924197,0.008010020990211612,0.2927882795545761,0.3259766936879767
2026-04-27,-0.00579084157460541,-0.0382766796520186,-0.0060182976192441175,-0.0031762578193719523,-0.006505867932922561,-0.0040505354783054864,0.09489469436101852,-0.001975109685678984,-0.002618326836705294,0.2468573351716671,0.3339069999502658
2026-04-28,-0.01691005405959367,-0.053239147206168,-0.01637589726918036,-0.013861746708030536,-0.017086786809537475,-0.015016348495521685,0.09335312800732339,-0.003061069601885719,-0.0036215523362946762,0.23223566687906075,0.31881405548662173
2026-04-29,-0.009965504662854063,-0.0208371327000218,-0.008934425369683679,-0.008555419879426904,-0.007561354489633792,-0.006429733478829428,0.09718956307763245,0.006563005363997331,0.006455115916320672,0.2092137372890386,0.3293025916425502
2026-04-30,0.01735949421960825,0.0323389620648724,0.015761724662966048,0.014706805500043987,0.015036973937294248,0.013687319073363628,0.09767326566756734,-0.0034188853186882893,-0.003135941125887826,0.2119845090182373,0.32509743829828147
2026-05-04,-0.006228064187952076,-0.0026698665825293,-0.0043928984501815085,-0.005505676609380951,-0.003927086903008686,-0.004668497033225761,0.09876491323374058,0.0023309441137924457,0.0026354872897391734,0.19983814473138897,0.3176564650547211
2026-05-05,0.005828983063679516,0.006277118929955,0.01005452521451518,0.009879246504399327,0.010460367218620896,0.010645671970697738,0.09925777007897539,0.002593124438329158,0.0026439634525659925,0.15650695281218366,0.2898774813073125
2026-05-06,0.026902583096497068,0.0558663995830392,0.02742248563136532,0.026214582677666094,0.02772649404510134,0.026997657248494653,0.10045287023501795,0.002558345897300321,0.0029277772788646288,0.11883006674617712,0.26746384586064825
2026-05-07,-0.004658206976299595,-0.0139878421520009,-0.005757486439305512,-0.0049519595631176295,-0.005326488772813768,-0.00393357758541701,0.10094384279511825,0.004023162323966553,0.003759351021231841,0.10712907702585636,0.27089302700095136
2026-05-08,0.012747180319852225,0.0266103121799867,0.013679545540421533,0.012191255175025445,0.015180517884049359,0.015925224884411213,0.10072725106367385,0.012900204601309776,0.013381380918277995,0.11635259982430125,0.27904218048866897
2026-05-11,0.013933376916285045,0.0357050549861868,0.005522099427401372,0.0022176590943597026,0.005401334432599112,0.002163876510956887,0.10110102636138753,-0.0015130062451564784,-0.0002163293838125819,0.07981790900657088,0.24861432346803472
2026-05-12,-0.00781375667908979,-0.0081212873324735,-0.005963599591354954,-0.00523374385647117,-0.006250291614620718,-0.00635606598483303,0.10682044000800367,-0.004321338530690853,-0.004583911591119398,0.06634333811841878,0.24483939230768992
2026-05-13,0.0038371905122136507,-0.0060991172365542,0.0050957066528024,0.006766367258434347,0.005322486343538883,0.0073730055080270885,0.10713264538422167,0.0029974684752856855,0.002390452467117025,0.07565707282871781,0.25377549143420786
2026-05-14,-0.0033407318724936186,-0.0221082487698274,-0.003222794241965249,-0.00243222312961157,-0.0034427269034240705,-0.003249984471533438,0.11389314751132011,-0.00292671499886356,-0.003188789852216335,0.07514659320918546,0.2564488034084441
2026-05-15,-0.033426914252942086,-0.0624946630966198,-0.031584655957807815,-0.030955392194337666,-0.03147830698703782,-0.0306379776473736,0.1140719292418564,0.0014488375505575905,0.0012372975561566676,0.07340296414120741,0.25653857100471655
2026-05-18,-0.007239919263304695,0.0072437276106016,-0.0015679580063992834,-0.0032414937846627994,-0.0017648216074576614,-0.0038095387810369724,0.11450153444933925,-0.002801860155197176,-0.002241743709715297,0.07026175117741972,0.25339426354243294
2026-05-19,-0.012577906603291278,-0.0433318361615803,-0.013248328637316818,-0.009726928451296264,-0.012939796422425957,-0.00908966049542046,0.11259955539250718,0.003627027141473666,0.0024627788317056892,0.08506476595195538,0.2587597179542248
2026-05-20,0.019875829221389862,0.0218860322762095,0.019074413618188613,0.020483829772480887,0.019413031299299367,0.021353816541797802,0.11394566782537846,0.003901815936899592,0.0034731828119508503,0.08678463735524956,0.2504868924041016
2026-05-21,0.006507287629267111,0.0087531655344887,0.009950429349668976,0.011055384728104242,0.009873670043335728,0.010732542895996199,0.11245393761310224,-0.0011395979508639683,-0.0014578806385145337,0.06735647977873255,0.22144599741512516
2026-05-22,-0.0036410673735881582,-0.0063694491806834,-0.003886121412004751,-0.0045802304129319805,-0.003966096434812515,-0.004791075475717138,0.11264233838664044,-0.0011736989891971694,-0.0009888850875698066,0.06813929597270157,0.2132149280391271
2026-05-26,0.031212164655656682,0.0368822114754203,0.02943405883891143,0.03215531401830067,0.02986713766568919,0.033285088359743926,0.1125766793132972,0.005905269714064153,0.005182943497602555,0.07333768781912112,0.2179792895612036
2026-05-27,-0.009689569935809161,-0.0392437705354848,-0.010662253076273037,-0.008788151354438776,-0.010681292836648433,-0.008931769344736658,0.11101459283791411,-0.0003024748549669623,-0.0007526696878514775,0.06294658898998838,0.19081144440377684
2026-05-28,0.007483312967451861,0.0093257480993573,0.004741745901929523,0.003676902497384199,0.004836551082994676,0.00401300954868711,0.11050772026293612,0.001524634406314689,0.001779367518587576,0.062182239015778476,0.1888913042369718
2026-05-29,0.006844711247757651,0.0145984861189505,0.003860026110881749,0.0029721398218100705,0.003883801372984392,0.003078143243061436,0.10965773642699031,0.0004456636968432799,0.000633579287818146,0.05334798923727228,0.16730884877315308
2026-06-01,-9.224718577161006e-05,-0.0147527106202063,0.00502720903555889,0.007400999404502703,0.005022574966011147,0.007301868152324901,0.11033349233302604,-8.432313834740891e-05,-0.0005842167499788935,0.05495608487259209,0.16968231770379116
2026-06-02,0.012010983810987641,0.0121083051024351,0.008218765784140495,0.008794257084755466,0.008217203580511893,0.00876908138245725,0.11153131789535753,-2.9611836814776894e-05,-0.0001489067399492918,0.0527560528701115,0.16907026711354353
2026-06-03,-0.01246516876280146,-0.0185388016374143,-0.013992708735514725,-0.01554022145326774,-0.013610372580992522,-0.014418997939781143,0.11251916726953835,0.005892394954398871,0.0062061130990843216,0.06488637599500673,0.18066437004701374
2026-06-04,-0.008416192562385127,0.0080022387697329,-0.004278655797999732,-0.006525287465102513,-0.004818045818645236,-0.0078791816393524,0.11297020365490613,-0.007534759958049179,-0.007048756348554022,0.07158688845413452,0.19207560983826882
2026-06-05,-0.04931861824789485,-0.0795717031374678,-0.045021431942668465,-0.042546913817203914,-0.0463200973120754,-0.045285255596281174,0.10965793624750753,-0.014048745416771723,-0.014521819623642865,0.09243995323998801,0.1885674006457828
2026-06-08,0.0010646654135009204,-0.0072209530369482,-0.0007543135833728179,-0.0017950754800225691,0.0005512660370409123,0.0006998091148879273,0.1111599139335869,0.010512737365539015,0.010765375705672056,0.12419026320332571,0.23175081512445372
2026-06-09,0.015304349554834618,-0.0045458829978103,0.013681474015965615,0.01954580514302369,0.013272976182692256,0.018443279007009834,0.11135968984707173,-0.0031979991308761346,-0.004717126600093524,0.1277354422424307,0.23372833283550215
2026-06-10,-0.013289855182593846,-0.0585549443764185,-0.016483376705519956,-0.011662198962647113,-0.01630884436884397,-0.011666557762075078,0.10951956308300957,0.0013931444449963894,-1.7815578175824076e-05,0.12527942619506677,0.2446622492380044
2026-06-11,0.04256166017502827,0.0519564500295199,0.037727021608332335,0.038708652434963346,0.03881524467815381,0.04067103925317837,0.10767222509910979,0.008386568154651296,0.008113075827597616,0.12975785205035872,0.24187951153367693
2026-06-12,0.013560571923583842,0.0270520249831995,0.01306623108845101,0.01261696821044186,0.012970023633900558,0.012489836807365824,0.1014937089090144,-0.0006687109315737048,-0.0005498278876818743,0.1438700191785728,0.23122036172450708
2026-06-15,0.03018501243796412,0.055572179070858,0.013698678464209206,0.008982328750581138,0.01420936856937489,0.009908232175808723,0.09819729916932597,0.003881572972751008,0.004802153452453949,0.13156782282615245,0.19281004540877938
2026-06-16,-0.008112895630907002,0.0249527345321241,0.0006126926201277535,-0.0026275957993506295,-0.0011252393544619855,-0.005067055454299823,0.1143677961070865,-0.009958203530158654,-0.009305915894767793,0.17452264048695038,0.2621407374120766
2026-06-17,0.00025172752793278796,-0.0255441184996068,-0.0015394533935166716,0.0012649431463609448,-0.0007440410876621795,0.0021375587596209346,0.10919963501967656,0.0034026918165952144,0.0029822992186897598,0.23375972574865309,0.29259827712505415
2026-06-18,0.00015688895265908442,-0.0177912111857163,0.004673192450958171,0.0063282695288505615,0.006384224420487085,0.008542077658513381,0.10942796801712693,0.0068500972947030045,0.006485990279108719,0.2497821411751341,0.3413215306216934
2026-06-22,0.0019675966742542794,-0.0191733100126779,-0.00018153099229276614,0.0021648571266157353,-0.0007573329726202218,0.0012595419214707438,0.1138423001193618,-0.002536934896410706,-0.0029599759900128743,0.22696758247211252,0.30585221238266086
2026-06-23,-0.024820625070491098,-0.0388998683217506,-0.03500672734137621,-0.036591259049189466,-0.03621498870108269,-0.038177109405496644,0.11324348020256124,-0.005456639344641471,-0.005131006488265602,0.22142958025859805,0.3090719842069889
2026-06-24,-0.0027457854692833905,-0.0388388753535925,-0.010316238899067565,-0.007821382478869167,-0.01131628093862452,-0.009392815980148015,0.11624054157358552,-0.005543874254781051,-0.005997805646751177,0.180386854679139,0.2620014041518747
2026-06-25,0.010089230516794778,0.0139302163530439,0.004315846801202602,0.0023997574989117225,0.004461330009392271,0.0027552663325737725,0.1147422741418033,0.0010984336973853407,0.001537190848130648,0.1324460534449829,0.23127176049338974
2026-06-26,-0.004681213145730889,0.0081803753726181,0.0002663761046906957,-0.0007210799790800364,-0.00016782205276885106,-0.0014284728799601539,0.11668063391688116,-0.003107999355026623,-0.002873144158301078,0.13970342585731524,0.24620863482837252
2026-06-30,0.00899596330108543,-0.0117447951038194,0.007676414549565519,0.010553688085850088,0.008615996870315203,0.011925637078850951,0.11598693550416235,0.005974929291322444,0.005331667797945704,0.15725413221447396,0.2573207943543432
2026-07-01,-0.014071027862104901,-0.0010706474570386,-0.011986675962324157,-0.013851240831703906,-0.012673340876607079,-0.014828143560197949,0.11503846351438622,-0.004268748934564498,-0.0038100648601633383,0.1608585852222153,0.2564005507381746
2026-07-02,-0.008273509788409794,0.0400857207013678,0.00607893763846486,0.0020760481692959076,0.003960935633998636,-0.0009497950250027722,0.1142417937755372,-0.01285489860131026,-0.011926341182004823,0.1647622490192196,0.25371093683486695
2026-07-06,0.01338864886815605,0.0119537924749673,0.01432173328097327,0.014666843776666492,0.014123920501516044,0.014418836726468973,0.10250235604182284,-0.0007440119608887463,-0.0007978936108045606,0.2658731174441328,0.3108272166102828
2026-07-07,-0.01964896561973406,-0.0319755548597768,-0.020509181950172005,-0.020219249149737134,-0.02223981030075969,-0.022258854684781972,0.10224999674743462,-0.006445407154627289,-0.0064917084287116015,0.26850566753488736,0.3141862511914519
2026-07-08,-0.001746806880565499,-0.0195665964456298,-0.004713489953966221,-0.004029908766305039,-0.0035404071303630847,-0.002737503968477543,0.10339549675803242,0.004446124231580029,0.004366991226226309,0.2638439149475235,0.29594856753221105
2026-07-09,0.016703727428212023,0.0172746852260698,0.01802965585488397,0.020160869382481142,0.02047432725529982,0.02280045824639596,0.1013704921147838,0.009310122482795662,0.009084509464316335,0.2625820879299299,0.2905593168550755
2026-07-10,0.0011729218388891738,0.00506279263046,0.004238467976672281,0.004426185739914381,0.003816942040797767,0.003981208593052618,0.10289523072716156,-0.0017244016057510166,-0.0017331520549229706,0.24444765910022734,0.2567444360105262
2026-07-13,-0.023053231632706894,-0.0229824999513604,-0.017479366889584985,-0.01713967380457683,-0.017678042256021095,-0.017354339043948303,0.10288735813114304,-0.0007906344530079872,-0.0008087881510397167,0.251285996556619,0.26541590538307097
2026-07-14,0.015558689528303749,0.0177228953052834,0.01318403077562076,0.013082146762935565,0.01406863727724222,0.01405298306983506,0.10295220754975157,0.0033750294462291004,0.0033846335183490154,0.26210334330855345,0.28683646298393484
2026-07-15,-0.008458202674095805,0.0048548716039329,-0.0016288643447779493,-0.002642925698087114,-0.00259143439910983,-0.003659186348772306,0.10283852802587364,-0.0036223601810851463,-0.0035376895560244453,0.26573007823962885,0.28726676962219205
2026-07-16,-0.021520394328538917,-0.0460035426482036,-0.020161313212315117,-0.01837451912416844,-0.021473881706374542,-0.019830961878992644,0.10178696424505382,-0.004972610640348173,-0.005117094363373072,0.26395963589208815,0.2846230011408798
2026-07-17,-0.0027610039407717224,-0.0124408770233686,-0.004788828602629861,-0.0040498857571045115,-0.005709139987346409,-0.005138493123605059,0.10241564665496926,-0.0033703231095168224,-0.0034851570583679294,0.27306325085504457,0.31235532524638504
2026-07-20,-0.0022124270089529663,-0.0055741361985609,-0.00010560166675190757,0.00013531226878527567,0.000754678720248884,0.001115818531694754,0.10202831383057026,0.0031230508242911545,0.003082880784606438,0.2754615391813415,0.3180487120375085
2026-07-21,0.028767735001766548,0.0368834195973835,0.025491418967931494,0.025387590478118425,0.02562165753406388,0.02553985980151908,0.10365270137382013,0.00043921592693146536,0.0004541694295803131,0.29652514434681115,0.33526986512800083
2026-07-22,0.0011105798042638781,0.035247077646517,0.007891786729936706,0.00550381431187876,0.0068557207797394016,0.0044527661433852945,0.10317214948451535,-0.0034718542717504285,-0.00310635804774872,0.2984186169988503,0.33835383826896265
2026-07-24,-0.018859849963174136,-0.016152858525961,-0.009552018086817184,-0.00852619850800038,-0.010687519045274192,-0.009830807212293536,0.09847428835079107,-0.003650904926611814,-0.0037921485081730197,0.31101904357471705,0.34402890643164785
2026-07-30,0.045146139609537395,0.048390693842258,0.03308732226373534,0.032983367363849686,0.03458756977287071,0.03464379544395391,0.10102039588768001,0.004406931657727622,0.004421176452447478,0.3404290389901305,0.3755624997018768
2026-07-31,-0.007376534948916769,-0.021407717272619,-0.003186423784333721,-0.0018987252393396505,-0.004343214815140986,-0.0032410358677090016,0.10104053209463332,-0.003064166950773207,-0.003247145066566816,0.3775221942509975,0.41338178641602163
2026-08-03,0.0053812166140998485,0.0177142639881258,0.005716601316655196,0.005257850923422289,0.007178991830148414,0.006859622289599565,0.101301492796185,0.003800412191808938,0.003855019662637793,0.38479786920089465,0.41550277465543756
2026-08-04,0.0242303788453333,0.0247457328550422,0.020350073640082473,0.021149060227642236,0.023217839677130075,0.024212355065741174,0.10085016441770336,0.007539959946345664,0.00744058213913492,0.38034234365362546,0.41170096382473564
2026-08-05,0.00037423684103488064,0.0671236808888162,0.011315124638830422,0.005934809464699604,0.009228217008002151,0.00393455652060558,0.09961111487313486,-0.005418348886291117,-0.004884836664692719,0.3851556395913113,0.40948205260407844
2026-08-07,0.0069645005785134995,0.0716115245177246,0.01323489744946545,0.008255309638403015,0.015120482447032062,0.01023222033354267,0.08524203534694157,0.004543719722557838,0.004696089056680557,0.4149870838655221,0.42096959220297026
2026-08-10,-0.006778517490334091,0.0378827991868191,-0.0002757982206083233,-0.003149395014533341,-0.00015600134033883043,-0.002891471875934808,0.0763032298732424,0.0003070053367150282,0.0006313291514338979,0.39021106783110654,0.40853988448452055
2026-08-11,0.0041513379027697805,-0.000426428883224,-0.003285152282101105,-0.004472869447209878,-0.005105252514560362,-0.006300816726935733,0.06397162139138499,-0.004826119053230042,-0.0047278283118222806,0.37713537780241374,0.386635714997297
2026-08-12,0.014896297834616545,0.0053749446151256,0.005595845803356724,0.00505023994368288,0.004482142715803129,0.003925340006049325,0.0670230104471764,-0.003120928540478308,-0.0030913415133753622,0.35684991601344834,0.36388730677812337
2026-08-13,0.001858246289759835,-0.030974151475858,-0.006256220360269006,-0.005262638884749802,-0.00557559783414141,-0.004582142211106913,0.06841482266807378,0.001960004065251512,0.001957992829346833,0.34725567063564877,0.3475480928445923
2026-08-14,0.002959889382539549,0.0312636799938426,0.0027599547434063727,0.0009264717138146215,0.0036298658254884505,0.0017865423415932829,0.06510266550240687,0.0024767563804734194,0.002458116354445928,0.35122997519673216,0.3498901206295923
2026-08-17,0.009389881692816182,0.0218240459256371,0.006643704244159762,0.005715201676587317,0.006323231356841334,0.00539791746751975,0.06515080328655823,-0.0009116561614929067,-0.0008973718769324105,0.35152824151780654,0.3535704842369159
