fecha,actual,base_pred,challenger_pred,base_class,challenger_class,actual_class,qqq_resid_coef_std,qqq_resid_train_sd,base_abs_err,challenger_abs_err,mae_improvement,base_dir_correct,challenger_dir_correct,direction_improvement,prev_actual,sign_flip
2025-05-19,0.0016733513399402877,0.0032994195840714427,0.0033744467790408884,SUBE,SUBE,SUBE,0.0005435114026733927,0.004043793585158497,0.001626068244131155,0.0017010954391006006,-7.502719496944562e-05,1,1,0,,False
2025-05-20,0.0029763245550555872,-0.00043145718333984407,-0.00012192288700671125,NEUTRO,NEUTRO,SUBE,0.0005451391065252086,0.00403918756241231,0.003407781738395431,0.0030982474420622984,0.0003095342963331327,0,0,0,0.0016733513399402877,False
2025-05-21,-0.0025394437152267413,-0.00304578965340449,-0.002540295874751447,BAJA,BAJA,BAJA,0.0005315260179814358,0.004037316225232028,0.0005063459381777487,8.521595247059158e-07,0.0005054937786530427,1,1,0,0.0029763245550555872,True
2025-05-22,-0.007635376473137945,-0.003385961226337998,-0.003216459476209121,BAJA,BAJA,BAJA,0.0005337180767787704,0.004024803005276795,0.004249415246799946,0.004418916996928824,-0.00016950175012887814,1,1,0,-0.0025394437152267413,False
2025-05-23,0.0043869937402269965,0.0045849398414498236,0.004255136974543538,SUBE,SUBE,SUBE,0.0005215945897608835,0.004026387150025837,0.00019794610122282705,0.00013185676568345812,6.608933553936894e-05,1,1,0,-0.007635376473137945,True
2025-05-27,0.0014778198460583258,-0.0017593235030282373,-0.001757179043060909,BAJA,BAJA,SUBE,0.0005311482281873044,0.0040272950105346384,0.003237143349086563,0.003234998889119235,2.1444599673280454e-06,0,0,0,0.0043869937402269965,False
2025-05-28,-0.0009218068462534257,-0.002373571917256189,-0.002205937358629313,BAJA,BAJA,NEUTRO,0.0005128486536153689,0.004017873487609618,0.0014517650710027634,0.0012841305123758875,0.00016763455862687593,0,0,0,0.0014778198460583258,True
2025-05-29,0.00038733244116162524,-0.002532316753772495,-0.0029385541552351523,BAJA,BAJA,NEUTRO,0.0005009895974716224,0.004009765490425734,0.0029196491949341204,0.0033258865963967776,-0.0004062374014626572,0,0,0,-0.0009218068462534257,True
2025-05-30,-0.0010851797532677177,-0.0028502936190969615,-0.0027376594640909024,BAJA,BAJA,BAJA,0.0004679614520700683,0.004020470273864692,0.0017651138658292438,0.0016524797108231847,0.00011263415500605911,1,1,0,0.00038733244116162524,True
2025-06-02,0.007823908437900595,0.0059207051663762045,0.006156447334966947,SUBE,SUBE,SUBE,0.0004827007067630441,0.003984134752260211,0.0019032032715243907,0.001667461102933648,0.00023574216859074265,1,1,0,-0.0010851797532677177,True
2025-06-03,0.001631747361167335,0.00181005007979709,0.0020739106408430618,SUBE,SUBE,SUBE,0.00044565972597039865,0.003952369702756906,0.00017830271862975507,0.0004421632796757268,-0.0002638605610459717,1,1,0,0.007823908437900595,False
2025-06-04,-0.00014148681396819462,0.0009791086825668455,0.0011057700958827864,NEUTRO,SUBE,NEUTRO,0.0004533836604884346,0.003913376487433415,0.0011205954965350401,0.001247256909850981,-0.00012666141331594085,1,0,-1,0.001631747361167335,True
2025-06-05,0.008643289328629011,0.006184909608192263,0.0058344927012424315,SUBE,SUBE,SUBE,0.0004203282020718541,0.0038706589519467973,0.0024583797204367486,0.00280879662738658,-0.0003504169069498313,1,1,0,-0.00014148681396819462,True
2025-06-06,0.005708521506741615,0.005171235789238827,0.005022066238863824,SUBE,SUBE,SUBE,0.00038323960693334,0.003855789579238909,0.0005372857175027883,0.000686455267877791,-0.00014916955037500273,1,1,0,0.008643289328629011,False
2025-06-09,-0.0025226788834996627,-0.002398630384467166,-0.0025695958078298005,BAJA,BAJA,BAJA,0.00036882627222922885,0.0038545523978291657,0.00012404849903249662,4.691692433013775e-05,7.713157470235887e-05,1,1,0,0.005708521506741615,True
2025-06-10,-0.0025212837706503066,-5.0623700886602574e-05,-7.350068534758669e-05,NEUTRO,NEUTRO,BAJA,0.00012634116236433376,0.0037245192587546765,0.002470660069763704,0.00244778308530272,2.2876984460983886e-05,0,0,0,-0.0025226788834996627,False
2025-06-11,0.0017323963788691277,-0.0006962275317679951,-0.0007150136763814064,NEUTRO,NEUTRO,SUBE,0.00011290998980043629,0.0036861989341425722,0.0024286239106371225,0.002447410055250534,-1.8786144613411326e-05,0,0,0,-0.0025212837706503066,True
2025-06-12,-0.0005041715205766906,-0.0024480309920230483,-0.0025249368527765,BAJA,BAJA,NEUTRO,0.00010247164795741516,0.0036782934879584154,0.0019438594714463577,0.002020765332199809,-7.690586075345153e-05,0,0,0,0.0017323963788691277,True
2025-06-13,-0.0026818116156344107,-0.002607689346039263,-0.002592175519824755,BAJA,BAJA,BAJA,7.099884387512024e-05,0.0036782364404806408,7.412226959514767e-05,8.963609580965592e-05,-1.5513826214508253e-05,1,1,0,-0.0005041715205766906,False
2025-06-16,0.0005367240814644347,-0.004802607071708665,-0.004778019924045929,BAJA,BAJA,NEUTRO,3.6550951459849324e-05,0.0036444976091477544,0.005339331153173099,0.005314744005510364,2.458714766273573e-05,0,0,0,-0.0026818116156344107,True
2025-06-17,-0.0033029331739165,-0.0015540952089775114,-0.001534323160644489,BAJA,BAJA,BAJA,7.328422720890009e-05,0.0036521394896290903,0.0017488379649389888,0.0017686100132720112,-1.9772048333022412e-05,1,1,0,0.0005367240814644347,True
2025-06-18,-0.0061083635675078796,-0.008040876576661396,-0.008087422505507175,BAJA,BAJA,BAJA,0.0001330470978631035,0.003625861174194487,0.0019325130091535168,0.001979058937999295,-4.6545928845778337e-05,1,1,0,-0.0033029331739165,False
2025-06-20,4.94652011417962e-05,-0.0007433753950726362,-0.0006648577120024997,NEUTRO,NEUTRO,NEUTRO,0.00012615328835602325,0.00362800850296713,0.0007928405962144324,0.0007143229131442959,7.851768307013643e-05,1,1,0,-0.0061083635675078796,True
2025-06-23,0.0023345013399482806,-0.00039519495301341143,-0.0005151144606079276,NEUTRO,NEUTRO,SUBE,0.00014195246758027288,0.0036305683447804614,0.002729696292961692,0.002849615800556208,-0.00011991950759451591,0,0,0,4.94652011417962e-05,False
2025-06-24,0.003727232780271983,0.004175337393148787,0.004188744105700894,SUBE,SUBE,SUBE,8.632109010582643e-05,0.0036281481109487596,0.0004481046128768044,0.00046151132542891077,-1.340671255210639e-05,1,1,0,0.0023345013399482806,False
2025-06-25,0.0003625310149630856,-0.0007458886759242666,-0.0006925869881560728,NEUTRO,NEUTRO,NEUTRO,0.00010055727133780157,0.003598843990337511,0.0011084196908873523,0.0010551180031191584,5.3301687768193915e-05,1,1,0,0.003727232780271983,False
2025-06-26,0.0066461030732078985,0.004885693088379394,0.004895351787316253,SUBE,SUBE,SUBE,0.0001582385546641715,0.0035788000355012517,0.0017604099848285044,0.0017507512858916455,9.658698936858973e-06,1,1,0,0.0003625310149630856,False
2025-06-27,-0.00029045720028419986,-0.0030489280515115322,-0.0031845033399447247,BAJA,BAJA,NEUTRO,0.0002158403035781254,0.0035422148973984356,0.0027584708512273324,0.002894046139660525,-0.00013557528843319245,0,0,0,0.0066461030732078985,True
2025-06-30,0.00305113433076043,-0.00023119411757631142,-0.00017695861583061232,NEUTRO,NEUTRO,SUBE,0.0001948294517820805,0.0035476491246691512,0.003282328448336741,0.003228092946591042,5.423550174569894e-05,0,0,0,-0.00029045720028419986,True
2025-07-01,0.005435801517619909,0.005550199588274083,0.005116982054956251,SUBE,SUBE,SUBE,0.00018929425755939678,0.003506268920412731,0.00011439807065417341,0.00031881946266365795,-0.00020442139200948454,1,1,0,0.00305113433076043,False
2025-07-02,0.002717975925679017,0.002690927438094735,0.0027475920696540877,SUBE,SUBE,SUBE,0.00018963897437658785,0.0035948026873387053,2.704848758428198e-05,2.9616143975070685e-05,-2.567656390788705e-06,1,1,0,0.005435801517619909,False
2025-07-03,0.003634438881797486,0.001708761734480917,0.0017368440690360587,SUBE,SUBE,SUBE,0.00018784771197771644,0.003588828226618105,0.0019256771473165689,0.0018975948127614272,2.808233455514164e-05,1,1,0,0.002717975925679017,False
2025-07-07,-0.00020277158562165276,-0.0009106015655703198,-0.0007415725259625349,NEUTRO,NEUTRO,NEUTRO,0.0001871274715839336,0.0035891291382712863,0.000707829979948667,0.0005388009403408822,0.00016902903960778484,1,1,0,0.003634438881797486,True
2025-07-08,-0.004196471907524368,-0.003347038456059929,-0.0033818793789863063,BAJA,BAJA,BAJA,0.00018559703203805257,0.0036027045747131234,0.0008494334514644393,0.0008145925285380621,3.484092292637721e-05,1,1,0,-0.00020277158562165276,False
2025-07-09,0.002690491591486044,-0.0018457651119789184,-0.0018558690682426012,BAJA,BAJA,SUBE,0.0001797430197148012,0.003519813702608023,0.004536256703464962,0.004546360659728645,-1.0103956263682844e-05,0,0,0,-0.004196471907524368,True
2025-07-10,0.001562516056830221,0.0018561993198706163,0.0018113361357736323,SUBE,SUBE,SUBE,3.139707434120822e-05,0.0034443855904327404,0.00029368326304039533,0.00024882007894341134,4.486318409698399e-05,1,1,0,0.002690491591486044,False
2025-07-11,0.001533979006176578,0.0003139629441176919,0.00033755641644599957,NEUTRO,NEUTRO,SUBE,3.612329715930797e-05,0.003477624983992275,0.001220016062058886,0.0011964225897305783,2.359347232830768e-05,0,0,0,0.001562516056830221,False
2025-07-14,0.001452127022726346,0.002954213810865421,0.002938398299040272,SUBE,SUBE,SUBE,-2.2178719251314923e-05,0.003352673570640483,0.001502086788139075,0.0014862712763139261,1.5815511825148856e-05,1,1,0,0.001533979006176578,False
2025-07-15,-0.007267479387761511,-0.0016844410913525345,-0.0017275592600228987,BAJA,BAJA,BAJA,-3.113875619821982e-05,0.0033608481870192244,0.005583038296408976,0.005539920127738612,4.311816867036411e-05,1,1,0,0.001452127022726346,True
2025-07-16,-0.003833598549329964,-0.0019293152977214664,-0.0018590173388761766,BAJA,BAJA,BAJA,-6.077034251547082e-05,0.0033772901988884814,0.0019042832516084976,0.0019745812104537876,-7.029795884529004e-05,1,1,0,-0.007267479387761511,False
2025-07-17,0.006457654976065985,0.004961809962860631,0.004984871305671474,SUBE,SUBE,SUBE,9.65363763054868e-05,0.0032654453695829676,0.0014958450132053543,0.0014727836703945108,2.3061342810843516e-05,1,1,0,-0.003833598549329964,True
2025-07-18,0.0006199932329371549,0.002375456892183915,0.002378639979589664,SUBE,SUBE,NEUTRO,9.407070506747351e-05,0.003264705768267183,0.0017554636592467601,0.001758646746652509,-3.18308740574879e-06,0,0,0,0.006457654976065985,False
2025-07-21,0.005707617891330452,0.0031425921200541867,0.0032214146073196014,SUBE,SUBE,SUBE,7.982561578340048e-05,0.003163561882437988,0.0025650257712762654,0.0024862032840108506,7.882248726541474e-05,1,1,0,0.0006199932329371549,False
2025-07-22,0.0015970831826743748,0.002812344381202718,0.0026228096586515827,SUBE,SUBE,SUBE,0.0001231903325064703,0.003177646157352692,0.001215261198528343,0.001025726475977208,0.00018953472255113513,1,1,0,0.005707617891330452,False
2025-07-24,-0.0015313936016253527,-0.0038392052416943204,-0.0037778576073142413,BAJA,BAJA,BAJA,0.00011215227774956154,0.003065705903952166,0.0023078116400689678,0.0022464640056888887,6.134763438007907e-05,1,1,0,0.0015970831826743748,True
2025-07-25,-0.0029912629701975835,-0.0010570669276576364,-0.0011177451329168451,BAJA,BAJA,BAJA,0.00021882470893141537,0.002999189355553679,0.001934196042539947,0.0018735178372807383,6.067820525920871e-05,1,1,0,-0.0015313936016253527,False
2025-07-30,-0.003060512929973891,-0.00277566989592705,-0.0025842645352317194,BAJA,BAJA,BAJA,0.0002266335824203954,0.0029634929826277,0.00028484303404684077,0.00047624839474217154,-0.00019140536069533077,1,1,0,-0.0029912629701975835,False
2025-07-31,0.0019251433251756822,0.007636974630415638,0.007539008748309427,SUBE,SUBE,SUBE,0.00020184256723902835,0.0029651286841919726,0.005711831305239955,0.005613865423133745,9.796588210621033e-05,1,1,0,-0.003060512929973891,True
2025-08-01,-0.008765135082628439,-0.005649364244750649,-0.005820784371012164,BAJA,BAJA,BAJA,0.0002265047970934158,0.0029654341876388405,0.00311577083787779,0.0029443507116162747,0.00017142012626151538,1,1,0,0.0019251433251756822,True
2025-08-04,0.009809353383623876,0.00398343539771583,0.004191162797607929,SUBE,SUBE,SUBE,0.00025294809480585405,0.002965898204009709,0.005825917985908045,0.005618190586015946,0.00020772739989209903,1,1,0,-0.008765135082628439,True
2025-08-05,-0.0014197628811822849,0.0009529266242691257,0.0008229356545599886,NEUTRO,NEUTRO,BAJA,0.00038604143350356567,0.0029189905353531873,0.0023726895054514106,0.0022426985357422735,0.00012999096970913717,0,0,0,0.009809353383623876,True
2025-08-07,0.0020379632821236893,9.695884808646679e-05,0.0005296325827780594,NEUTRO,NEUTRO,SUBE,0.0003923157415202444,0.002919749511321051,0.0019410044340372225,0.00150833069934563,0.00043267373469159246,0,0,0,-0.0014197628811822849,True
2025-08-08,0.0022582731987723648,0.0019964234423228235,0.0020217541200878747,SUBE,SUBE,SUBE,0.00042230976349600345,0.0029347690507005772,0.0002618497564495412,0.00023651907868449005,2.533067776505117e-05,1,1,0,0.0020379632821236893,False
2025-08-11,-0.001213635098170629,-0.0008661843179102939,-0.001060802081377623,NEUTRO,BAJA,BAJA,0.0004311562621898302,0.0028765089313979074,0.0003474507802603351,0.000152833016793006,0.00019461776346732908,0,1,1,0.0022582731987723648,True
2025-08-12,0.0057097307554114796,0.004691957632685857,0.004707910866760731,SUBE,SUBE,SUBE,0.00043621764318489117,0.0028794609759372385,0.0010177731227256227,0.0010018198886507486,1.595323407487404e-05,1,1,0,-0.001213635098170629,True
2025-08-13,0.007067629989429447,0.008227888588767378,0.0077621934018488265,SUBE,SUBE,SUBE,0.0003998106529702537,0.0028679164413293605,0.0011602585993379308,0.0006945634124193795,0.0004656951869185513,1,1,0,0.0057097307554114796,False
2025-08-14,0.0020302155195890403,0.003342736457611037,0.00330243216636032,SUBE,SUBE,SUBE,0.00037425516359286266,0.0028299619448219444,0.0013125209380219966,0.0012722166467712798,4.030429125071681e-05,1,1,0,0.007067629989429447,False
2025-08-15,-0.0006423692107280221,-0.0012986243832061874,-0.0015646779211214836,BAJA,BAJA,NEUTRO,0.0003353812435906242,0.002821165865244797,0.0006562551724781653,0.0009223087103934614,-0.0002660535379152961,0,0,0,0.0020302155195890403,True
2025-08-18,-0.0033005846113017823,-0.0004382076023549948,-0.0005572182969876216,NEUTRO,NEUTRO,BAJA,0.00029133432820458615,0.002799770546159928,0.0028623770089467875,0.0027433663143141608,0.00011901069463262672,0,0,0,-0.0006423692107280221,False
2025-08-19,-0.009475613152306384,-0.007380754674290417,-0.008050096618052748,BAJA,BAJA,BAJA,0.0002044456267463796,0.0026798138802890704,0.002094858478015967,0.001425516534253636,0.0006693419437623308,1,1,0,-0.0033005846113017823,False
2025-08-20,-0.004408286562365027,-0.0004455587972733092,-0.0006855934502646551,NEUTRO,NEUTRO,BAJA,0.0002452872991378166,0.002780990570728853,0.0039627277650917175,0.003722693112100372,0.00024003465299134554,0,0,0,-0.009475613152306384,False
2025-08-21,0.0028462996112161854,0.004293795724495881,0.004301473312857844,SUBE,SUBE,SUBE,0.00028372775579300013,0.0027951498632259333,0.001447496113279696,0.0014551737016416585,-7.677588361962653e-06,1,1,0,-0.004408286562365027,True
2025-08-22,0.008770630688513581,0.006133583650603201,0.0059156722015191055,SUBE,SUBE,SUBE,0.0003164013667124398,0.0027921499555919106,0.0026370470379103797,0.0028549584869944755,-0.00021791144908409575,1,1,0,0.0028462996112161854,False
2025-08-25,-0.0007364530833654515,0.0012321771533626781,0.0014746185358756685,SUBE,SUBE,NEUTRO,0.000338568066679127,0.0027951151632680526,0.0019686302367281296,0.00221107161924112,-0.0002424413825129904,0,0,0,0.008770630688513581,True
2025-08-26,0.005898989300553215,0.005142040839540405,0.005149831446025785,SUBE,SUBE,SUBE,0.00045581636761209506,0.002753804532933547,0.0007569484610128099,0.0007491578545274291,7.79060648538072e-06,1,1,0,-0.0007364530833654515,True
2025-08-27,-0.0025846744117716813,-0.0011697816305177283,-0.0013850095484314504,BAJA,BAJA,BAJA,0.00046483330216586606,0.0027533874400602555,0.001414892781253953,0.001199664863340231,0.00021522791791372215,1,1,0,0.005898989300553215,True
2025-08-28,0.0022137874762799825,0.0008349640495155046,0.001371078283320738,NEUTRO,SUBE,SUBE,0.0006339107360759178,0.0027282588443781545,0.0013788234267644779,0.0008427091929592446,0.0005361142338052333,0,1,1,-0.0025846744117716813,True
2025-08-29,-0.0010051639547138391,-0.0010907044025813433,-0.0016107447352381016,BAJA,BAJA,BAJA,0.0003616492827797839,0.0026386876850534044,8.55404478675042e-05,0.0006055807805242625,-0.0005200403326567583,1,1,0,0.0022137874762799825,True
2025-09-02,-0.0008209116099499036,0.0036758311646929603,0.0037992915357986127,SUBE,SUBE,NEUTRO,0.00035529322942257134,0.0026636500433185497,0.0044967427746428635,0.004620203145748516,-0.00012346037110565287,0,0,0,-0.0010051639547138391,False
2025-09-03,0.007336661651691223,0.004967404236300186,0.005093272070470996,SUBE,SUBE,SUBE,0.0003680839832664749,0.0026252250234371057,0.002369257415391037,0.0022433895812202275,0.00012586783417080968,1,1,0,-0.0008209116099499036,True
2025-09-04,-0.0019340825394575933,-0.00016287867734825873,-0.00029245656476814736,NEUTRO,NEUTRO,BAJA,0.0003530385755515861,0.002597612967446544,0.0017712038621093347,0.001641625974689446,0.00012957788741988874,0,0,0,0.007336661651691223,True
2025-09-05,0.005413708144261786,0.0035841962028077983,0.004177264025406777,SUBE,SUBE,SUBE,0.00035957407783149525,0.0025531830864258423,0.001829511941453988,0.001236444118855009,0.000593067822598979,1,1,0,-0.0019340825394575933,True
2025-09-08,0.005296541206242011,9.02983322137133e-05,0.0002698027297199728,NEUTRO,NEUTRO,SUBE,0.0003700801644009559,0.0025865198712180116,0.005206242874028298,0.005026738476522038,0.00017950439750626015,0,0,0,0.005413708144261786,False
2025-09-09,-0.0029709639034841695,-0.0022690244869490077,-0.0023762517118493002,BAJA,BAJA,BAJA,0.00036022868360020724,0.0025600407579703132,0.0007019394165351618,0.0005947121916348693,0.0001072272249002925,1,1,0,0.005296541206242011,True
2025-09-10,0.0013352025937389822,0.0005308661741735129,3.5813772739445014e-05,NEUTRO,NEUTRO,SUBE,0.0003854546522393371,0.002526553968568536,0.0008043364195654693,0.0012993888209995373,-0.000495052401434068,0,0,0,-0.0029709639034841695,True
2025-09-11,0.007775099880832137,0.010075686270048323,0.009460684233097613,SUBE,SUBE,SUBE,0.00039104057597104825,0.002468988694968513,0.0023005863892161856,0.0016855843522654759,0.0006150020369507098,1,1,0,0.0013352025937389822,False
2025-09-12,0.0010996806822116678,0.0014807789651013568,0.0021021025879497733,SUBE,SUBE,SUBE,0.00040583440141551584,0.002489557941916881,0.00038109828288968896,0.0010024219057381055,-0.0006213236228484165,1,1,0,0.007775099880832137,False
2025-09-15,0.005930049032588425,0.0043016961993520165,0.004652446229749093,SUBE,SUBE,SUBE,0.00039895247600160667,0.002516150685390137,0.0016283528332364083,0.0012776028028393316,0.0003507500303970767,1,1,0,0.0010996806822116678,False
2025-09-16,-0.0030153058124691157,-0.003163742936090192,-0.0031857313762666873,BAJA,BAJA,BAJA,0.00040836834226570904,0.0025190199296046675,0.00014843712362107644,0.00017042556379757165,-2.198844017649521e-05,1,1,0,0.005930049032588425,True
2025-09-17,-0.0012735075827465803,-6.528471342553936e-05,-0.0002500426101892819,NEUTRO,NEUTRO,BAJA,0.0004224066818619612,0.0025131111224812857,0.0012082228693210408,0.0010234649725572983,0.0001847578967637425,0,0,0,-0.0030153058124691157,False
2025-09-18,-0.0010667950131760806,-0.0005562705694347411,7.319075016327904e-05,NEUTRO,NEUTRO,BAJA,0.0004060159086837084,0.0024886604442799906,0.0005105244437413395,0.0011399857633393596,-0.0006294613195980201,0,0,0,-0.0012735075827465803,False
2025-09-19,0.007328548294089909,0.0058765544439971515,0.006728208753320348,SUBE,SUBE,SUBE,0.0003924942197065162,0.0025191993341116842,0.0014519938500927579,0.0006003395407695612,0.0008516543093231967,1,1,0,-0.0010667950131760806,True
2025-09-22,0.009232853950648545,0.005975666623346359,0.00579842586023779,SUBE,SUBE,SUBE,0.0004192015137958751,0.002575415991841524,0.003257187327302186,0.003434428090410755,-0.0001772407631085689,1,1,0,0.007328548294089909,False
2025-09-23,-0.0008510888194422916,0.00010658262121766448,-8.878926831911002e-05,NEUTRO,NEUTRO,NEUTRO,0.00040821137445524476,0.0025754728921861055,0.0009576714406599561,0.0007622995511231816,0.0001953718895367745,1,1,0,0.009232853950648545,True
2025-09-24,0.0010573048698261367,0.005313520082742235,0.004434405448980404,SUBE,SUBE,SUBE,0.0004229485599171865,0.0025635846403609702,0.004256215212916099,0.003377100579154267,0.0008791146337618315,1,1,0,-0.0008510888194422916,True
2025-09-25,-0.0025535974754526958,-0.0017963535236904479,-0.0016555811995075734,BAJA,BAJA,BAJA,0.000449911484517206,0.0025832506932705035,0.0007572439517622479,0.0008980162759451224,-0.0001407723241828745,1,1,0,0.0010573048698261367,True
2025-09-26,0.001729420905610235,-0.001904200880151495,-0.0021874022766252485,BAJA,BAJA,SUBE,0.00045507210014590843,0.002571252692733792,0.00363362178576173,0.0039168231822354835,-0.0002832013964737534,0,0,0,-0.0025535974754526958,True
2025-09-29,0.009006874367146755,0.004471454898298829,0.004649495036393115,SUBE,SUBE,SUBE,0.000329452558711341,0.0024646433932456915,0.004535419468847926,0.00435737933075364,0.00017804013809428598,1,1,0,0.001729420905610235,False
2025-09-30,-0.00017211924237203746,0.002988524286830685,0.002826995848347615,SUBE,SUBE,NEUTRO,0.0003955542091881242,0.0024382077387596316,0.0031606435292027223,0.0029991150907196524,0.00016152843848306992,0,0,0,0.009006874367146755,True
2025-10-01,0.005063061660937951,0.003118648902879348,0.0031866293420495582,SUBE,SUBE,SUBE,0.0003930590465199758,0.0023777378075217495,0.0019444127580586028,0.0018764323188883926,6.798043917021022e-05,1,1,0,-0.00017211924237203746,True
2025-10-02,0.0011254451158690948,0.0006427295363234005,0.0011057099013164506,NEUTRO,SUBE,SUBE,0.0004059519944814273,0.002362022192843624,0.0004827155795456943,1.9735214552644206e-05,0.0004629803649930501,0,1,1,0.005063061660937951,False
2025-10-03,0.0017673672145337438,0.0019780932481979698,0.0011042451565585736,SUBE,SUBE,SUBE,0.0004106859104209044,0.002378606264132563,0.00021072603366422598,0.0006631220579751702,-0.0004523960243109442,1,1,0,0.0011254451158690948,False
2025-10-06,0.0044588750078145,0.0033268896209756177,0.0038774942475232567,SUBE,SUBE,SUBE,0.00039629543015273967,0.002431407515305874,0.0011319853868388824,0.0005813807602912434,0.000550604626547639,1,1,0,0.0017673672145337438,False
2025-10-07,-0.0031923756303102735,-0.008016521869389908,-0.008092319942487994,BAJA,BAJA,BAJA,0.0003540365424155566,0.0024092331310724144,0.004824146239079634,0.004899944312177721,-7.57980730980868e-05,1,1,0,0.0044588750078145,True
2025-10-09,-0.01006453205685598,-0.008160892435862146,-0.007687005353239225,BAJA,BAJA,BAJA,0.00038693567256868513,0.002403043255549549,0.0019036396209938331,0.002377526703616754,-0.00047388708262292075,1,1,0,-0.0031923756303102735,False
2025-10-10,-0.01751265363143406,-0.015354162728429935,-0.01590828135921651,BAJA,BAJA,BAJA,0.0003663075833376802,0.0024143911120531342,0.0021584909030041254,0.0016043722722175503,0.000554118630786575,1,1,0,-0.01006453205685598,False
2025-10-13,0.01797401349862815,0.015614449803115073,0.01598927759742383,SUBE,SUBE,SUBE,0.0003889238017283878,0.002435328285575275,0.0023595636955130762,0.001984735901204321,0.0003748277943087554,1,1,0,-0.01751265363143406,True
2025-10-14,-0.0017761058465074475,-0.0014389844868741167,-0.0021622627490677946,BAJA,BAJA,BAJA,0.0003899916660195957,0.002438224801593721,0.00033712135963333083,0.0003861569025603471,-4.9035542927016286e-05,1,1,0,0.01797401349862815,True
2025-10-15,0.006746483313493146,0.0035160187564134493,0.003537299338700341,SUBE,SUBE,SUBE,0.00040569456845392636,0.002469904074784456,0.0032304645570796963,0.0032091839747928046,2.1280582286891704e-05,1,1,0,-0.0017761058465074475,True
2025-10-16,-0.0006336464086051929,-0.001369218439190639,-0.0007831516243083887,BAJA,NEUTRO,NEUTRO,0.00040399610656772947,0.0024685844795245535,0.0007355720305854462,0.00014950521570319573,0.0005860668148822504,0,1,1,0.006746483313493146,True
2025-10-17,-0.013213260213253863,-0.005956307472088012,-0.006075481981901304,BAJA,BAJA,BAJA,0.00042303000446122004,0.002483832034116484,0.0072569527411658515,0.0071377782313525595,0.00011917450981329195,1,1,0,-0.0006336464086051929,False
2025-10-20,0.008589141268835476,0.008716170936244133,0.008743215385770579,SUBE,SUBE,SUBE,0.00045400662550827036,0.002478156424957793,0.00012702966740865684,0.0001540741169351028,-2.7044449526445954e-05,1,1,0,-0.013213260213253863,True
2025-10-21,-0.020191166542802286,-0.010170038695203146,-0.010124935107936633,BAJA,BAJA,BAJA,0.00046711688060120627,0.002468912046784774,0.01002112784759914,0.010066231434865652,-4.510358726651266e-05,1,1,0,0.008589141268835476,True
2025-10-22,-0.005168273240636401,-0.0010255839516422117,-0.001986296400105087,BAJA,BAJA,BAJA,0.0005255745740135884,0.002449432480252096,0.0041426892889941894,0.003181976840531314,0.0009607124484628756,1,1,0,-0.020191166542802286,False
2025-10-23,0.005697200058127683,0.004498891329675684,0.004934168097957498,SUBE,SUBE,SUBE,0.0006275064200097276,0.0024724428930586557,0.0011983087284519987,0.0007630319601701846,0.0004352767682818141,1,1,0,-0.005168273240636401,True
2025-10-24,0.003496289807801256,-0.0011489190460517926,-0.0011706606248978973,BAJA,BAJA,SUBE,0.0006370620530853247,0.0024785662964039207,0.004645208853853049,0.004666950432699154,-2.1741578846105197e-05,0,0,0,0.005697200058127683,False
2025-10-27,0.0021193073247922634,0.0021994987461655545,0.002863778783358606,SUBE,SUBE,SUBE,0.0006264147623284661,0.002477273795593795,8.019142137329115e-05,0.0007444714585663425,-0.0006642800371930513,1,1,0,0.003496289807801256,False
2025-10-28,0.005659461019844159,0.005375846721268843,0.006459377165400756,SUBE,SUBE,SUBE,0.0006308134339520298,0.0024880117742026417,0.00028361429857531525,0.0007999161455565975,-0.0005163018469812822,1,1,0,0.0021193073247922634,False
2025-10-29,0.004894017128691974,0.0028695781257126306,0.0037236293742691088,SUBE,SUBE,SUBE,0.0006106549755380364,0.002520893523278067,0.0020244390029793436,0.0011703877544228655,0.0008540512485564781,1,1,0,0.005659461019844159,False
2025-10-30,-0.007037775380156042,-0.004425908389273289,-0.004805591846139455,BAJA,BAJA,BAJA,0.0006247459720376814,0.0025341028550208275,0.0026118669908827526,0.0022321835340165866,0.000379683456866166,1,1,0,0.004894017128691974,True
2025-10-31,-0.0021969199580389454,-0.003675122848458589,-0.0034780345139637306,BAJA,BAJA,BAJA,0.0006073592025400865,0.0024990476915446244,0.0014782028904196435,0.0012811145559247852,0.00019708833449485824,1,1,0,-0.007037775380156042,False
2025-11-03,-0.0015237814791272397,0.0007469967328066694,0.0010518521267136659,NEUTRO,SUBE,BAJA,0.0006107324541979008,0.002493777994882251,0.002270778211933909,0.0025756336058409056,-0.0003048553939069966,0,0,0,-0.0021969199580389454,False
2025-11-04,-0.01646780767174083,-0.013107888225156126,-0.01425977784284534,BAJA,BAJA,BAJA,0.0005981449197272021,0.0024968297897124216,0.0033599194465847044,0.0022080298288954907,0.0011518896176892137,1,1,0,-0.0015237814791272397,False
2025-11-05,0.007470307632155171,0.005365914688547756,0.005915417715352403,SUBE,SUBE,SUBE,0.0006256694609856114,0.0025323645031738616,0.0021043929436074145,0.0015548899168027677,0.0005495030268046468,1,1,0,-0.01646780767174083,True
2025-11-06,-0.0037433085214972905,-0.0017758580908184137,-0.0029779852365378998,BAJA,BAJA,BAJA,0.0006403814517127864,0.002536384934797573,0.001967450430678877,0.0007653232849593908,0.0012021271457194863,1,1,0,0.007470307632155171,True
2025-11-07,0.0006977136475792012,1.7901448299235425e-05,-0.0007503457257979031,NEUTRO,NEUTRO,NEUTRO,0.000653705917112038,0.0025754210539206375,0.0006798121992799657,0.0014480593733771042,-0.0007682471740971385,1,1,0,-0.0037433085214972905,True
2025-11-10,0.016396015555596666,0.01345326500310137,0.014165550354269526,SUBE,SUBE,SUBE,0.0006355209406693853,0.002588926832210908,0.0029427505524952952,0.00223046520132714,0.0007122853511681553,1,1,0,0.0006977136475792012,False
2025-11-11,-0.0025103270904448527,0.0007104807404463045,-0.0006063707661839086,NEUTRO,NEUTRO,BAJA,0.000664962985726381,0.0026050666701206,0.003220807830891157,0.001903956324260944,0.001316851506630213,0,0,0,0.016396015555596666,True
2025-11-12,0.006620413762673305,0.007004835166214264,0.006802398903235307,SUBE,SUBE,SUBE,0.0007609494934230837,0.002648261275382147,0.0003844214035409587,0.0001819851405620021,0.0002024362629789566,1,1,0,-0.0025103270904448527,True
2025-11-13,-0.012731972387350687,-0.015239911463507725,-0.014945765017791319,BAJA,BAJA,BAJA,0.0007607725162228724,0.002648633246062828,0.002507939076157038,0.002213792630440631,0.00029414644571640683,1,1,0,0.006620413762673305,True
2025-11-14,-0.0034845744829613556,-0.002959864901851185,-0.0033224436254943486,BAJA,BAJA,BAJA,0.0008695401649248724,0.0025059073051152373,0.0005247095811101708,0.00016213085746700703,0.00036257872364316374,1,1,0,-0.012731972387350687,False
2025-11-17,-0.01053142405760854,-0.010100475371374186,-0.0086106468420605,BAJA,BAJA,BAJA,0.0008887704515954458,0.002504309546806755,0.0004309486862343545,0.0019207772155480397,-0.0014898285293136852,1,1,0,-0.0034845744829613556,False
2025-11-18,-0.00723542917125608,-0.005778854486823424,-0.006289720457445612,BAJA,BAJA,BAJA,0.000868689038714953,0.0025396826733714876,0.001456574684432656,0.0009457087138104682,0.0005108659706221878,1,1,0,-0.01053142405760854,False
2025-11-19,0.0077918576412041585,0.005337232517689533,0.006088531462261755,SUBE,SUBE,SUBE,0.0007918768414653745,0.0024973125444414535,0.002454625123514626,0.0017033261789424032,0.0007512989445722226,1,1,0,-0.00723542917125608,True
2025-11-20,-0.016040163220979342,-0.016611439136693506,-0.0184278486809323,BAJA,BAJA,BAJA,0.00080945710807227,0.0025080645639891574,0.0005712759157141638,0.002387685459952958,-0.0018164095442387944,1,1,0,0.0077918576412041585,True
2025-11-21,-0.001586431870979288,0.004729177215625832,0.003702755014954309,SUBE,SUBE,BAJA,0.0007764584214895982,0.002569156532721697,0.00631560908660512,0.005289186885933597,0.0010264222006715227,0,0,0,-0.016040163220979342,False
2025-11-24,0.017482576720638132,0.011519266419855413,0.014291452606055516,SUBE,SUBE,SUBE,0.0008522692065255088,0.002567516944273877,0.005963310300782719,0.003191124114582616,0.0027721861862001033,1,1,0,-0.001586431870979288,True
2025-11-25,0.0016104403523433675,0.0036223159547937823,0.0017425109880808965,SUBE,SUBE,SUBE,0.000964391235837032,0.0026904492411229967,0.002011875602450415,0.000132070635737529,0.0018798049667128859,1,1,0,0.017482576720638132,False
2025-11-26,0.01713523458917643,0.010724583651945717,0.010423618637296047,SUBE,SUBE,SUBE,0.0009857836779150215,0.002736030237360825,0.006410650937230712,0.0067116159518803824,-0.0003009650146496706,1,1,0,0.0016104403523433675,False
2025-11-28,0.00948652594155619,0.006971232244021836,0.007611710027611143,SUBE,SUBE,SUBE,0.0009896933063633735,0.0026819367290614304,0.002515293697534354,0.0018748159139450465,0.0006404777835893076,1,1,0,0.01713523458917643,False
2025-12-01,0.0019145221746348362,-0.00019941478429403724,0.0009104532351747751,NEUTRO,NEUTRO,SUBE,0.0009488586789266872,0.0026596296373502274,0.0021139369589288732,0.001004068939460061,0.0011098680194688122,0,0,0,0.00948652594155619,False
2025-12-02,0.003250866403648134,-0.000272394411734748,0.0015116025594842455,NEUTRO,SUBE,SUBE,0.0009678814269052129,0.002678844745025437,0.0035232608153828817,0.0017392638441638883,0.0017839969712189934,0,1,1,0.0019145221746348362,False
2025-12-03,0.008192610577234749,0.005547297965326355,0.004657600953536966,SUBE,SUBE,SUBE,0.0010160372919799994,0.002721374496360539,0.002645312611908394,0.003535009623697783,-0.000889697011789389,1,1,0,0.003250866403648134,False
2025-12-04,0.005038428756745983,0.004176243107205255,0.003583539024675953,SUBE,SUBE,SUBE,0.0009876467516576751,0.0027216500609549337,0.0008621856495407282,0.00145488973207003,-0.0005927040825293019,1,1,0,0.008192610577234749,False
2025-12-05,-0.00026276503968691856,0.001213734079639401,0.0016396757185492563,SUBE,SUBE,NEUTRO,0.0009695027678701571,0.0027041999305450906,0.0014764991193263195,0.0019024407582361748,-0.00042594163890985535,0,0,0,0.005038428756745983,True
2025-12-10,0.005394958020239704,0.007979764330048269,0.005978980019216264,SUBE,SUBE,SUBE,0.0009286848388395919,0.0026779668383170386,0.0025848063098085645,0.00058402199897656,0.0020007843108320045,1,1,0,-0.00026276503968691856,True
2025-12-11,0.006876775295596715,0.006771262452002197,0.005409124963489211,SUBE,SUBE,SUBE,0.0009479099951477765,0.0027394584075202083,0.00010551284359451834,0.0014676503321075047,-0.0013621374885129864,1,1,0,0.005394958020239704,False
2025-12-12,-0.005341626846669945,-0.0074132531732288825,-0.008616362869771386,BAJA,BAJA,BAJA,0.0009007782057104541,0.002759227443834473,0.002071626326558938,0.003274736023101441,-0.0012031096965425033,1,1,0,0.006876775295596715,True
2025-12-15,-0.00030543991804066195,-0.00021505922637215851,-0.0011357805910790471,NEUTRO,BAJA,NEUTRO,0.0008632660025547968,0.0027845944212391287,9.038069166850344e-05,0.0008303406730383852,-0.0007399599813698817,1,0,-1,-0.005341626846669945,False
2025-12-16,-0.0006282299759019505,-0.0042952762602739974,-0.0014362857177111382,BAJA,BAJA,NEUTRO,0.0008606203576830983,0.002801051582578871,0.003667046284372047,0.0008080557418091877,0.0028589905425628593,0,0,0,-0.00030543991804066195,False
2025-12-17,-0.00593627026813226,-0.0043076540126974735,-0.005397457692758762,BAJA,BAJA,BAJA,0.0009287964776285617,0.0029425246307438245,0.0016286162554347864,0.0005388125753734976,0.0010898036800612888,1,1,0,-0.0006282299759019505,False
2025-12-18,0.00847531525488776,0.0062349738585818935,0.0073875859288454835,SUBE,SUBE,SUBE,0.0009393368132643652,0.002963454372512897,0.0022403413963058673,0.0010877293260422773,0.00115261207026359,1,1,0,-0.00593627026813226,True
2025-12-19,0.01027260442773481,0.00838501595386796,0.010034893746360291,SUBE,SUBE,SUBE,0.000978032674689124,0.002968179676566345,0.001887588473866851,0.00023771068137451966,0.0016498777924923314,1,1,0,0.00847531525488776,False
2025-12-22,0.008658650324768091,0.007309517783335633,0.006030442908764404,SUBE,SUBE,SUBE,0.0010004788398337745,0.0030133473373498113,0.0013491325414324582,0.0026282074160036877,-0.0012790748745712295,1,1,0,0.01027260442773481,False
2025-12-23,0.005595920805786525,0.0047980083130308715,0.004187687350798039,SUBE,SUBE,SUBE,0.0009740591503057277,0.003039517788098427,0.0007979124927556536,0.0014082334549884862,-0.0006103209622328326,1,1,0,0.008658650324768091,False
2025-12-24,0.001877325842462696,0.0006013204222190512,0.00011237543824615677,NEUTRO,NEUTRO,SUBE,0.0009613020382672261,0.003043015833980026,0.0012760054202436448,0.001764950404216539,-0.0004889449839728943,0,0,0,0.005595920805786525,False
2025-12-29,-0.005317734121841999,-0.010702822305483053,-0.011198996397012988,BAJA,BAJA,BAJA,0.0009951184626500057,0.003021508733310185,0.005385088183641053,0.005881262275170988,-0.0004961740915299349,1,1,0,0.001877325842462696,True
2025-12-30,0.005615374786590577,0.004178958818381623,0.0037741372369581444,SUBE,SUBE,SUBE,0.0009702841458426444,0.0030247481948773294,0.001436415968208954,0.0018412375496324324,-0.00040482158142347846,1,1,0,-0.005317734121841999,True
2025-12-31,-0.005558732116012655,-0.0054474361043320135,-0.005191855154144145,BAJA,BAJA,BAJA,0.0009629868376051804,0.0030271165461744696,0.00011129601168064114,0.0003668769618685097,-0.00025558095018786853,1,1,0,0.005615374786590577,True
2026-01-05,0.01640282892170508,0.01288015123074853,0.012389958157881489,SUBE,SUBE,SUBE,0.0009532932588342269,0.0030271815986065587,0.0035226776909565508,0.004012870763823593,-0.0004901930728670421,1,1,0,-0.005558732116012655,True
2026-01-06,0.014437713135774022,0.011985317198902699,0.012363253315127365,SUBE,SUBE,SUBE,0.0009359334351098693,0.0029782501733360443,0.002452395936871323,0.0020744598206466573,0.0003779361162246659,1,1,0,0.01640282892170508,False
2026-01-07,-0.004238537720703817,-0.007076552216281476,-0.005240030192500807,BAJA,BAJA,BAJA,0.000927129432018773,0.002976912893239556,0.0028380144955776595,0.00100149247179699,0.0018365220237806694,1,1,0,0.014437713135774022,True
2026-01-08,0.0010705308919229939,0.003786575754769349,0.0018463102576245568,SUBE,SUBE,SUBE,0.0009634221838892105,0.003036534567013001,0.002716044862846355,0.0007757793657015629,0.0019402654971447922,1,1,0,-0.004238537720703817,True
2026-01-09,0.009141803587750186,0.009735949622077167,0.01024915341710582,SUBE,SUBE,SUBE,0.0009528847967278845,0.0030559569663092413,0.0005941460343269808,0.001107349829355635,-0.0005132037950286543,1,1,0,0.0010705308919229939,False
2026-01-12,0.013086635357233423,0.011116042467394179,0.010889948215470456,SUBE,SUBE,SUBE,0.000928150575290733,0.003026638458921862,0.001970592889839244,0.002196687141762967,-0.0002260942519237228,1,1,0,0.009141803587750186,False
2026-01-13,0.0022603404854308895,0.0008876659083692986,0.0015473933127271482,NEUTRO,SUBE,SUBE,0.0009222247692655467,0.003027365681619168,0.001372674577061591,0.0007129471727037413,0.0006597274043578496,0,1,1,0.013086635357233423,False
2026-01-14,0.0038863126125847636,0.0037736234527320704,0.0022001607988622034,SUBE,SUBE,SUBE,0.0009231015156913072,0.0030293792440799355,0.00011268915985269317,0.0016861518137225601,-0.001573462653869867,1,1,0,0.0022603404854308895,False
2026-01-15,0.004702448515080393,0.0043103515664652476,0.004076622746140494,SUBE,SUBE,SUBE,0.0009160729017838285,0.003067162506791963,0.0003920969486151454,0.0006258257689398987,-0.00023372882032475333,1,1,0,0.0038863126125847636,False
2026-01-16,0.0004670445843297788,-0.0016610312652360867,-0.001758039634119074,BAJA,BAJA,NEUTRO,0.0009159239093715326,0.003060733038921857,0.0021280758495658657,0.0022250842184488528,-9.700836888298708e-05,0,0,0,0.004702448515080393,False
2026-01-20,0.004825707338679708,0.003457697334578995,0.005475243492297519,SUBE,SUBE,SUBE,0.0009571868693607005,0.003053071816648062,0.0013680100041007126,0.0006495361536178112,0.0007184738504829014,1,1,0,0.0004670445843297788,False
2026-01-21,0.005098137564183869,0.005774334731550668,0.005092717525085907,SUBE,SUBE,SUBE,0.000964517990936887,0.003109309555218948,0.0006761971673667991,5.420039097961751e-06,0.0006707771282688374,1,1,0,0.004825707338679708,False
2026-01-22,0.012102545415126897,0.007104663786485738,0.006963981854011484,SUBE,SUBE,SUBE,0.0009542676420865488,0.0031119311912830593,0.004997881628641159,0.005138563561115413,-0.0001406819324742542,1,1,0,0.005098137564183869,False
2026-01-23,0.01195589452207968,0.009990791873151297,0.010636911639755874,SUBE,SUBE,SUBE,0.0009501718089789047,0.0030728276876534444,0.001965102648928383,0.0013189828823238058,0.0006461197666045772,1,1,0,0.012102545415126897,False
2026-01-26,0.008796553843865462,0.009648881023228561,0.008911574944923267,SUBE,SUBE,SUBE,0.0009353809487104004,0.003074540530618457,0.000852327179363099,0.00011502110105780436,0.0007373060783052946,1,1,0,0.01195589452207968,False
2026-01-27,0.010089152685238911,0.007907874480037744,0.0086497038610502,SUBE,SUBE,SUBE,0.0009418089528092357,0.0030838328137991282,0.002181278205201167,0.0014394488241887115,0.0007418293810124554,1,1,0,0.008796553843865462,False
2026-01-28,0.006892581145957921,0.0033536264535417113,0.0044568089441164175,SUBE,SUBE,SUBE,0.0009018462423348674,0.003051747361370151,0.00353895469241621,0.0024357722018415037,0.0011031824905747062,1,1,0,0.010089152685238911,False
2026-01-29,-0.00753623615291743,-0.001607029661261692,-0.002159802570614407,BAJA,BAJA,BAJA,0.0009086087639566566,0.003043172279007555,0.005929206491655738,0.005376433582303023,0.0005527729093527146,1,1,0,0.006892581145957921,True
2026-01-30,-0.04495773254927127,-0.02612943651593554,-0.028116274120020466,BAJA,BAJA,BAJA,0.000958392216191627,0.0030123415466022673,0.018828296033335728,0.0168414584292508,0.001986837604084926,1,1,0,-0.00753623615291743,False
2026-02-02,0.0013024841180988567,0.005690646473072873,0.005514380371831423,SUBE,SUBE,SUBE,0.0012503317427496894,0.0030586626474708796,0.0043881623549740165,0.004211896253732566,0.00017626610124145056,1,1,0,-0.04495773254927127,True
2026-02-03,0.02429697546233034,0.017184379940301475,0.014496350373070333,SUBE,SUBE,SUBE,0.0012565897608408753,0.0030589540028308,0.007112595522028864,0.009800625089260006,-0.002688029567231142,1,1,0,0.0013024841180988567,False
2026-02-04,-0.01813060878125783,-0.015390104895908287,-0.01909794986810676,BAJA,BAJA,BAJA,0.0011050979767508995,0.003118223424402295,0.002740503885349542,0.0009673410868489309,0.0017731627985006111,1,1,0,0.02429697546233034,True
2026-02-05,-0.018791004476021667,-0.01949902254719794,-0.018682464208183293,BAJA,BAJA,BAJA,0.0011093182502764243,0.0032606338866988122,0.0007080180711762744,0.00010854026783837373,0.0005994778033379007,1,1,0,-0.01813060878125783,False
2026-02-06,0.02510280683887589,0.021840446057959546,0.02002936274953281,SUBE,SUBE,SUBE,0.0011069568622496784,0.003214978731290644,0.0032623607809163443,0.005073444089343081,-0.001811083308426737,1,1,0,-0.018791004476021667,True
2026-02-09,0.02025895240587272,0.01603407007447715,0.01657267478260519,SUBE,SUBE,SUBE,0.0010455200458344305,0.00325609234327258,0.00422488233139557,0.0036862776232675296,0.0005386047081280404,1,1,0,0.02510280683887589,False
2026-02-10,-0.008505683354533389,-0.006738402024251444,-0.006933749973965135,BAJA,BAJA,BAJA,0.0010637199564580409,0.003260507796163109,0.001767281330281945,0.0015719333805682542,0.00019534794971369073,1,1,0,0.02025895240587272,True
2026-02-11,0.012074625863115918,0.007838374005286758,0.008129137498537095,SUBE,SUBE,SUBE,0.001067347656017441,0.0032610022407742936,0.00423625185782916,0.0039454883645788225,0.0002907634932503376,1,1,0,-0.008505683354533389,True
2026-02-12,-0.021371658305542884,-0.0181589829849708,-0.01837798783918004,BAJA,BAJA,BAJA,0.0010661818387913357,0.0032463271780390794,0.0032126753205720844,0.0029936704663628445,0.00021900485420923987,1,1,0,0.012074625863115918,True
2026-02-13,0.008585006687615637,0.0024152145208162423,0.002896454037062089,SUBE,SUBE,SUBE,0.0011079511221468343,0.0032375363566477557,0.006169792166799395,0.005688552650553548,0.0004812395162458469,1,1,0,-0.021371658305542884,True
2026-02-17,-0.012581621989790404,-0.011293634834117534,-0.011760511992302738,BAJA,BAJA,BAJA,0.0011324448665283643,0.003240228610254443,0.0012879871556728695,0.0008211099974876658,0.00046687715818520374,1,1,0,0.008585006687615637,True
2026-02-18,0.013051503592526492,0.00968211141807285,0.010327644549537175,SUBE,SUBE,SUBE,0.0010971826731807292,0.003234281611296551,0.0033693921744536413,0.0027238590429893173,0.000645533131464324,1,1,0,-0.012581621989790404,True
2026-02-19,0.004060988953992428,0.005851590114506116,0.0060658529372753685,SUBE,SUBE,SUBE,0.001096990034487397,0.003237612775150115,0.0017906011605136876,0.0020048639832829403,-0.0002142628227692527,1,1,0,0.013051503592526492,False
2026-02-20,0.011968240304335298,0.01200345979818101,0.010915280961759555,SUBE,SUBE,SUBE,0.0010990008037062122,0.003223835280756381,3.5219493845712116e-05,0.001052959342575743,-0.0010177398487300308,1,1,0,0.004060988953992428,False
2026-02-23,0.007656755344068733,0.0008445315555914235,0.001487369575273319,NEUTRO,SUBE,SUBE,0.0010058623118156314,0.0031877113103784866,0.0068122237884773095,0.006169385768795414,0.0006428380196818956,0,1,1,0.011968240304335298,False
2026-02-24,0.013228015110174907,0.012386859181277117,0.012119855030921436,SUBE,SUBE,SUBE,0.0010561897522499033,0.0031772678379544503,0.00084115592889779,0.0011081600792534705,-0.00026700415035568054,1,1,0,0.007656755344068733,False
2026-02-25,0.007695884031585276,0.008391428350387437,0.009503453437638263,SUBE,SUBE,SUBE,0.001070116521051994,0.003176197331660047,0.0006955443188021611,0.0018075694060529866,-0.0011120250872508255,1,1,0,0.013228015110174907,False
2026-02-26,-0.00043531727037127155,-7.836488275810416e-05,-0.0015604123474721194,NEUTRO,BAJA,NEUTRO,0.0010671562105777298,0.0031874404317612675,0.0003569523876131674,0.0011250950771008478,-0.0007681426894876805,1,0,-1,0.007695884031585276,True
2026-02-27,0.0021823993526945973,0.000926354590807614,0.0021153353593748097,NEUTRO,SUBE,SUBE,0.0010479783118293102,0.003199957382991308,0.0012560447618869832,6.706399331978755e-05,0.0011889807685671956,0,1,1,-0.00043531727037127155,True
2026-03-02,-0.0009607755612303093,-0.006702223985247791,-0.005250012005295324,BAJA,BAJA,NEUTRO,0.001030078044511669,0.0032200093716131762,0.005741448424017481,0.004289236444065015,0.0014522119799524665,0,0,0,0.0021823993526945973,True
2026-03-03,-0.03911030739136234,-0.03869000331671685,-0.035087470857498415,BAJA,BAJA,BAJA,0.0011154715497885192,0.0032321127935238426,0.00042030407464549446,0.004022836533863927,-0.0036025324592184327,1,1,0,-0.0009607755612303093,False
2026-03-04,0.007085841686314431,0.00806995320244901,0.010032344263512145,SUBE,SUBE,SUBE,0.0010860006672350378,0.0033211213684437423,0.0009841115161345788,0.0029465025771977134,-0.0019623910610631345,1,1,0,-0.03911030739136234,True
2026-03-05,-0.027357170676970743,-0.02497677941352305,-0.022570927913851735,BAJA,BAJA,BAJA,0.0011650957422711875,0.0033356752835613443,0.0023803912634476933,0.0047862427631190085,-0.0024058514996713153,1,1,0,0.007085841686314431,True
2026-03-06,-0.006951625578011877,-0.012228778709493677,-0.011500372456011054,BAJA,BAJA,BAJA,0.0011013003467022727,0.003397735792755812,0.005277153131481799,0.004548746877999176,0.0007284062534826229,1,1,0,-0.027357170676970743,False
2026-03-09,0.00897283209689248,0.00942068756364548,0.009596024960606799,SUBE,SUBE,SUBE,0.0011144875816924004,0.003401787339079577,0.0004478554667529996,0.0006231928637143187,-0.00017533739696131909,1,1,0,-0.006951625578011877,True
2026-03-10,0.007788155684593123,0.013807680508896547,0.015378352943212777,SUBE,SUBE,SUBE,0.0011106464376563201,0.0034019160324390654,0.006019524824303424,0.007590197258619653,-0.0015706724343162292,1,1,0,0.00897283209689248,False
2026-03-11,-0.008350445520898586,-0.009859841194659045,-0.009286467594127826,BAJA,BAJA,BAJA,0.0010383506793515752,0.0034092289877377916,0.001509395673760459,0.0009360220732292403,0.0005733736005312188,1,1,0,0.007788155684593123,True
2026-03-12,-0.019611390274212326,-0.0226470632335577,-0.02129665914943133,BAJA,BAJA,BAJA,0.0010506497314408912,0.0034134155773686238,0.0030356729593453737,0.001685268875219005,0.0013504040841263686,1,1,0,-0.008350445520898586,False
2026-03-13,-0.01632838620357069,-0.013079068835532158,-0.012508389349137485,BAJA,BAJA,BAJA,0.0010750819826990325,0.003440098332300899,0.00324931736803853,0.003819996854433204,-0.0005706794863946738,1,1,0,-0.019611390274212326,False
2026-03-16,0.010462440818136187,0.013052381292426026,0.01231019955150487,SUBE,SUBE,SUBE,0.0010243109293984697,0.003434899146776339,0.002589940474289839,0.0018477587333686832,0.0007421817409211558,1,1,0,-0.01632838620357069,True
2026-03-17,0.0015078833134576364,0.004170082023041884,0.004653227939255871,SUBE,SUBE,SUBE,0.0010670533029973094,0.003410997068622139,0.0026621987095842474,0.003145344625798235,-0.0004831459162139874,1,1,0,0.010462440818136187,False
2026-03-18,-0.021678378926125896,-0.02332988602039511,-0.021852290729820537,BAJA,BAJA,BAJA,0.001062055423086282,0.00339353530002716,0.001651507094269214,0.0001739118036946409,0.001477595290574573,1,1,0,0.0015078833134576364,True
2026-03-19,-0.017667970869984173,-0.01210765166631577,-0.012041426692624927,BAJA,BAJA,BAJA,0.0010596891272131267,0.0034260380828183994,0.005560319203668403,0.005626544177359246,-6.622497369084338e-05,1,1,0,-0.021678378926125896,False
2026-03-20,-0.022332677423223646,-0.021268138118585616,-0.019946606553584195,BAJA,BAJA,BAJA,0.0010500191232867004,0.0034213886078871643,0.0010645393046380298,0.0023860708696394513,-0.0013215315650014214,1,1,0,-0.017667970869984173,False
2026-03-23,0.023551845822321615,0.022992781320048276,0.021867632403320143,SUBE,SUBE,SUBE,0.0010341659907520649,0.003441719116894693,0.000559064502273339,0.0016842134190014728,-0.0011251489167281338,1,1,0,-0.022332677423223646,True
2026-03-24,0.0018526442961053213,-0.003029747265455868,-0.0036800966530263343,BAJA,BAJA,SUBE,0.0010654343263763243,0.0034288800561567447,0.00488239156156119,0.005532740949131656,-0.0006503493875704659,0,0,0,0.023551845822321615,False
2026-03-25,0.015644083484683824,0.013532613065490173,0.013314525249975505,SUBE,SUBE,SUBE,0.0010614467371081067,0.0034256991953504636,0.002111470419193651,0.0023295582347083194,-0.00021808781551466844,1,1,0,0.0018526442961053213,False
2026-03-26,-0.02290506135328152,-0.01914754195175317,-0.019530938377301365,BAJA,BAJA,BAJA,0.0010294085554433648,0.0033785120227933932,0.0037575194015283496,0.0033741229759801546,0.00038339642554819503,1,1,0,0.015644083484683824,True
2026-03-27,0.0036322297587063623,0.0006783567847035274,0.001118996039808913,NEUTRO,SUBE,SUBE,0.0010444180965594834,0.0033555803993557103,0.0029538729740028347,0.0025132337188974495,0.0004406392551053852,0,1,1,-0.02290506135328152,True
2026-03-30,-0.007529982905613797,-0.004490539946010078,-0.0057011820026398,BAJA,BAJA,BAJA,0.0010632972808952482,0.003349999262765672,0.0030394429596037184,0.001828800902973997,0.0012106420566297214,1,1,0,0.0036322297587063623,True
2026-03-31,0.032401500778177716,0.035379958960206986,0.034546512881173656,SUBE,SUBE,SUBE,0.0010339433702468686,0.0033256987742759855,0.00297845818202927,0.00214501210299594,0.0008334460790333301,1,1,0,-0.007529982905613797,True
2026-04-01,0.019118100224269075,0.01565678634859634,0.01672510229789562,SUBE,SUBE,SUBE,0.001032026012207591,0.003330910681193232,0.003461313875672733,0.0023929979263734545,0.0010683159492992783,1,1,0,0.032401500778177716,False
2026-04-06,-0.00027054418108907186,0.0024637687634155477,0.0027687143823256293,SUBE,SUBE,NEUTRO,0.0010534206430705254,0.0033481445025873523,0.0027343129445046195,0.003039258563414701,-0.00030494561891008165,0,0,0,0.019118100224269075,True
2026-04-07,-7.054471073575375e-05,0.0014638872127905576,0.0013020854061771843,SUBE,SUBE,NEUTRO,0.0010521328450602838,0.0033454074690894963,0.0015344319235263114,0.001372630116912938,0.00016180180661337336,0,0,0,-0.00027054418108907186,False
2026-04-08,0.034720442465594026,0.0328780089883912,0.03207566513379787,SUBE,SUBE,SUBE,0.0010567374674209486,0.0033237796164299026,0.0018424334772028234,0.002644777331796154,-0.0008023438545933306,1,1,0,-7.054471073575375e-05,True
2026-04-09,-0.0001998494672871276,0.001840354534075677,0.0019009919393094337,SUBE,SUBE,NEUTRO,0.0010299639787770807,0.0033249368290121455,0.0020402040013628043,0.002100841406596561,-6.063740523375681e-05,0,0,0,0.034720442465594026,True
2026-04-10,0.007263603228770288,0.0029513041385821753,0.0033624491246258712,SUBE,SUBE,SUBE,0.001025548595503482,0.0033226829852124654,0.0043122990901881125,0.0039011541041444166,0.0004111449860436959,1,1,0,-0.0001998494672871276,True
2026-04-13,0.006398500806168661,0.004574264399795225,0.004508938701709754,SUBE,SUBE,SUBE,0.0011031333399203246,0.003300895132628639,0.0018242364063734357,0.0018895621044589068,-6.532569808547113e-05,1,1,0,0.007263603228770288,False
2026-04-14,0.01054323000188484,0.006693152465476968,0.0071906587298292005,SUBE,SUBE,SUBE,0.0010381753523052114,0.003262102335497306,0.0038500775364078725,0.0033525712720556397,0.0004975062643522328,1,1,0,0.006398500806168661,False
2026-04-15,-0.014717293835395995,-0.017943860968260714,-0.017088728576212697,BAJA,BAJA,BAJA,0.0009886335241491252,0.0031678120181247273,0.003226567132864719,0.0023714347408167018,0.0008551323920480171,1,1,0,0.01054323000188484,True
2026-04-16,0.010014806431104306,0.006687067482852784,0.007446539848330289,SUBE,SUBE,SUBE,0.0009965402665704484,0.003141750340031802,0.003327738948251522,0.002568266582774017,0.0007594723654775048,1,1,0,-0.014717293835395995,True
2026-04-17,0.00860251979306792,0.01084575625123682,0.010028463529593265,SUBE,SUBE,SUBE,0.0010189516917250658,0.003150957571527438,0.0022432364581688995,0.0014259437365253449,0.0008172927216435547,1,1,0,0.010014806431104306,False
2026-04-20,-0.004681733122483878,-0.005426760616985377,-0.005459666337223065,BAJA,BAJA,BAJA,0.0010255115804717765,0.003155918065855011,0.0007450274945014993,0.0007779332147391871,-3.2905720237687806e-05,1,1,0,0.00860251979306792,True
2026-04-21,-0.022202880729674246,-0.01976049391902021,-0.018143842664841682,BAJA,BAJA,BAJA,0.001021493291158773,0.0031498924816758395,0.0024423868106540347,0.004059038064832564,-0.0016166512541785291,1,1,0,-0.004681733122483878,False
2026-04-22,0.017019913149575627,0.015457810939016622,0.01632188390750925,SUBE,SUBE,SUBE,0.0008987038104994042,0.003127240029371211,0.0015621022105590052,0.0006980292420663767,0.0008640729684926286,1,1,0,-0.022202880729674246,True
2026-04-23,-0.01198580117591852,-0.016038694205786474,-0.015901818734827707,BAJA,BAJA,BAJA,0.000915443419071457,0.003138659032527422,0.004052893029867954,0.003916017558909187,0.00013687547095876662,1,1,0,0.017019913149575627,True
2026-04-24,0.011001182422089695,0.016923499653717717,0.01907215039738709,SUBE,SUBE,SUBE,0.0009179643418246185,0.003135249618670307,0.005922317231628022,0.008070967975297397,-0.0021486507436693746,1,1,0,-0.01198580117591852,True
2026-04-27,-0.00579084157460541,-0.006018297619244239,-0.0065058679329226925,BAJA,BAJA,BAJA,0.0007906307653910449,0.00320278417022216,0.0002274560446388291,0.0007150263583172826,-0.00048757031367845354,1,1,0,0.011001182422089695,True
2026-04-28,-0.01691005405959367,-0.016375897269180466,-0.017086786809537603,BAJA,BAJA,BAJA,0.000734864573229883,0.003164305393333799,0.0005341567904132045,0.00017673274994393223,0.0003574240404692723,1,1,0,-0.00579084157460541,False
2026-04-29,-0.009965504662854063,-0.00893442536968375,-0.0075613544896338605,BAJA,BAJA,BAJA,0.0006498285833411773,0.003106051217102493,0.0010310792931703134,0.002404150173220203,-0.0013730708800498894,1,1,0,-0.01691005405959367,False
2026-04-30,0.01735949421960825,0.01576172466296596,0.015036973937294178,SUBE,SUBE,SUBE,0.0006639052138590144,0.003131857214160402,0.0015977695566422902,0.002322520282314073,-0.0007247507256717828,1,1,0,-0.009965504662854063,True
2026-05-04,-0.006228064187952076,-0.004392898450181593,-0.003927086903008768,BAJA,BAJA,BAJA,0.0006247307056368905,0.003126183474514424,0.0018351657377704833,0.0023009772849433077,-0.0004658115471728244,1,1,0,0.01735949421960825,True
2026-05-05,0.005828983063679516,0.010054525214515088,0.010460367218620854,SUBE,SUBE,SUBE,0.00047693060558358575,0.003047344523766457,0.004225542150835572,0.004631384154941338,-0.0004058420041057661,1,1,0,-0.006228064187952076,True
2026-05-06,0.026902583096497068,0.027422485631365245,0.027726494045101253,SUBE,SUBE,SUBE,0.000356169389350532,0.0029973002549204576,0.0005199025348681767,0.0008239109486041854,-0.0003040084137360087,1,1,0,0.005828983063679516,False
2026-05-07,-0.004658206976299595,-0.005757486439305661,-0.005326488772813933,BAJA,BAJA,BAJA,0.00031673683943013865,0.0029565907615697216,0.0010992794630060665,0.0006682817965143386,0.00043099766649172793,1,1,0,0.026902583096497068,True
2026-05-08,0.012747180319852225,0.013679545540421419,0.015180517884049224,SUBE,SUBE,SUBE,0.0003421360000224843,0.0029405101436420764,0.0009323652205691941,0.002433337564196999,-0.0015009723436278048,1,1,0,-0.004658206976299595,True
2026-05-11,0.013933376916285045,0.005522099427401212,0.005401334432598973,SUBE,SUBE,SUBE,0.0002529025188265094,0.0031684934117441237,0.008411277488883834,0.008532042483686072,-0.00012076499480223775,1,1,0,0.012747180319852225,False
2026-05-12,-0.00781375667908979,-0.005963599591355085,-0.006250291614620853,BAJA,BAJA,BAJA,0.00021018623179145778,0.003168158819748955,0.0018501570877347048,0.0015634650644689363,0.0002866920232657685,1,1,0,0.013933376916285045,True
2026-05-13,0.0038371905122136507,0.005095706652802243,0.00532248634353874,SUBE,SUBE,SUBE,0.00024139329771440381,0.0031906243354259604,0.0012585161405885923,0.0014852958313250897,-0.00022677969073649738,1,1,0,-0.00781375667908979,True
2026-05-14,-0.0033407318724936186,-0.0032227942419654075,-0.0034427269034242158,BAJA,BAJA,BAJA,0.0002407789749468963,0.003204123629086416,0.00011793763052821106,0.00010199503093059718,1.5942599597613873e-05,1,1,0,0.0038371905122136507,True
2026-05-15,-0.033426914252942086,-0.03158465595780793,-0.03147830698703795,BAJA,BAJA,BAJA,0.00023587208978790154,0.0032133864421898103,0.0018422582951341526,0.001948607265904137,-0.0001063489707699844,1,1,0,-0.0033407318724936186,False
2026-05-18,-0.007239919263304695,-0.0015679580063994222,-0.0017648216074578104,BAJA,BAJA,BAJA,0.00022597948854345315,0.003216251868998093,0.005671961256905273,0.0054750976558468846,0.0001968636010583882,1,1,0,-0.033426914252942086,False
2026-05-19,-0.012577906603291278,-0.01324832863731691,-0.01293979642242609,BAJA,BAJA,BAJA,0.0002745764861212733,0.0032278521318256765,0.0006704220340256316,0.0003618898191348127,0.00030853221489081893,1,1,0,-0.007239919263304695,False
2026-05-20,0.019875829221389862,0.019074413618188533,0.019413031299299294,SUBE,SUBE,SUBE,0.0002819417020455218,0.003248751284071211,0.0008014156032013289,0.000462797922090568,0.00033861768111076093,1,1,0,-0.012577906603291278,True
2026-05-21,0.006507287629267111,0.009950429349668883,0.00987367004333563,SUBE,SUBE,SUBE,0.00021812801892220446,0.0032384118000043757,0.0034431417204017715,0.0033663824140685184,7.675930633325306e-05,1,1,0,0.019875829221389862,False
2026-05-22,-0.0036410673735881582,-0.003886121412004871,-0.003966096434812623,BAJA,BAJA,BAJA,0.000218443901841541,0.003205843246884373,0.0002450540384167127,0.00032502906122446485,-7.997502280775214e-05,1,1,0,0.006507287629267111,True
2026-05-26,0.031212164655656682,0.029434058838911363,0.029867137665689082,SUBE,SUBE,SUBE,0.00023492224275420978,0.0032032949188910654,0.0017781058167453193,0.0013450269899676001,0.00043307882677771914,1,1,0,-0.0036410673735881582,True
2026-05-27,-0.009689569935809161,-0.010662253076273123,-0.010681292836648537,BAJA,BAJA,BAJA,0.00020352137015577676,0.003233239059040184,0.0009726831404639619,0.0009917229008393758,-1.9039760375413883e-05,1,1,0,0.031212164655656682,True
2026-05-28,0.007483312967451861,0.004741745901929454,0.0048365510829945875,SUBE,SUBE,SUBE,0.00020092480575773351,0.0032312250079440143,0.0027415670655224064,0.002646761884457273,9.480518106513326e-05,1,1,0,-0.009689569935809161,True
2026-05-29,0.006844711247757651,0.0038600261108816657,0.0038838013729843115,SUBE,SUBE,SUBE,0.0001693791287887688,0.0031749861843045654,0.0029846851368759853,0.0029609098747733396,2.3775262102645762e-05,1,1,0,0.007483312967451861,False
2026-06-01,-9.224718577161006e-05,0.005027209035558814,0.005022574966011072,SUBE,SUBE,NEUTRO,0.0001744955081837943,0.003175180848277969,0.005119456221330424,0.005114822151782682,4.634069547742453e-06,0,0,0,0.006844711247757651,True
2026-06-02,0.012010983810987641,0.008218765784140398,0.008217203580511801,SUBE,SUBE,SUBE,0.00016748244226240906,0.0031746583216671264,0.003792218026847243,0.00379378023047584,-1.5622036285967145e-06,1,1,0,-9.224718577161006e-05,True
2026-06-03,-0.01246516876280146,-0.013992708735514824,-0.013610372580992607,BAJA,BAJA,BAJA,0.00020570323897455063,0.0031702069320434837,0.0015275399727133643,0.0011452038181911477,0.0003823361545222167,1,1,0,0.012010983810987641,True
2026-06-04,-0.008416192562385127,-0.004278655797999799,-0.004818045818645348,BAJA,BAJA,BAJA,0.00023057993444590207,0.0032209799786678916,0.004137536764385328,0.00359814674373978,0.0005393900206455485,1,1,0,-0.01246516876280146,False
2026-06-05,-0.04931861824789485,-0.045021431942668534,-0.04632009731207539,BAJA,BAJA,BAJA,0.0003058870319746951,0.0033090349059412354,0.004297186305226318,0.002998520935819461,0.0012986653694068567,1,1,0,-0.008416192562385127,False
2026-06-08,0.0010646654135009204,-0.0007543135833727988,0.000551266037040926,NEUTRO,NEUTRO,SUBE,0.0004408997025357955,0.003550195411164807,0.0018189789968737192,0.0005133993764599944,0.0013055796204137248,0,0,0,-0.04931861824789485,True
2026-06-09,0.015304349554834618,0.013681474015965606,0.013272976182692235,SUBE,SUBE,SUBE,0.0004717039431299659,0.0036928195874933057,0.0016228755388690112,0.0020313733721423824,-0.00040849783327337116,1,1,0,0.0010646654135009204,False
2026-06-10,-0.013289855182593846,-0.01648337670551987,-0.016308844368843917,BAJA,BAJA,BAJA,0.000463845103127482,0.003702484256315539,0.003193521522926023,0.0030189891862500706,0.00017453233667595255,1,1,0,0.015304349554834618,True
2026-06-11,0.04256166017502827,0.037727021608332446,0.03881524467815393,SUBE,SUBE,SUBE,0.0004804834731157809,0.00370292406604655,0.004834638566695824,0.0037464154968743432,0.0010882230698214812,1,1,0,-0.013289855182593846,True
2026-06-12,0.013560571923583842,0.013066231088451027,0.01297002363390058,SUBE,SUBE,SUBE,0.0005452365535271438,0.0037897857846977442,0.0004943408351328147,0.0005905482896832615,-9.620745455044682e-05,1,1,0,0.04256166017502827,False
2026-06-15,0.03018501243796412,0.01369867846420909,0.014209368569374804,SUBE,SUBE,SUBE,0.0004888473343616223,0.003715553878303225,0.01648633397375503,0.015975643868589316,0.0005106901051657141,1,1,0,0.013560571923583842,False
2026-06-16,-0.008112895630907002,0.0006126926201276208,-0.001125239354462125,NEUTRO,BAJA,BAJA,0.0006518543789157168,0.0037350705736340045,0.008725588251034623,0.0069876562764448775,0.0017379319745897456,0,1,1,0.03018501243796412,True
2026-06-17,0.00025172752793278796,-0.0015394533935167657,-0.0007440410876622703,BAJA,NEUTRO,NEUTRO,0.0008893772893416214,0.003804664325701326,0.0017911809214495537,0.0009957686155950582,0.0007954123058544955,0,1,1,-0.008112895630907002,True
2026-06-18,0.00015688895265908442,0.004673192450958075,0.006384224420486992,SUBE,SUBE,NEUTRO,0.0009025103748052858,0.0036131901606708252,0.004516303498298991,0.006227335467827908,-0.0017110319695289172,0,0,0,0.00025172752793278796,False
2026-06-22,0.0019675966742542794,-0.00018153099229289006,-0.000757332972620356,NEUTRO,NEUTRO,SUBE,0.0008327821728070137,0.0036691679214115795,0.0021491276665471697,0.0027249296468746355,-0.0005758019803274658,0,0,0,0.00015688895265908442,False
2026-06-23,-0.024820625070491098,-0.03500672734137628,-0.03621498870108281,BAJA,BAJA,BAJA,0.000812249213568808,0.003668205542458316,0.010186102270885185,0.011394363630591715,-0.0012082613597065306,1,1,0,0.0019675966742542794,True
2026-06-24,-0.0027457854692833905,-0.010316238899064812,-0.011316280938621779,BAJA,BAJA,BAJA,0.0006675669357941966,0.0037007515707373653,0.007570453429781422,0.008570495469338388,-0.0010000420395569667,1,1,0,-0.024820625070491098,False
2026-06-25,0.010089230516794778,0.004315846801202639,0.004461330009392285,SUBE,SUBE,SUBE,0.0004914271127030445,0.003710394533629368,0.005773383715592139,0.005627900507402493,0.00014548320818964615,1,1,0,-0.0027457854692833905,True
2026-06-26,-0.004681213145730889,0.000266376104690744,-0.000167822052768811,NEUTRO,NEUTRO,BAJA,0.0005163291084728243,0.0036958943941730405,0.004947589250421634,0.004513391092962078,0.00043419815745955517,0,0,0,0.010089230516794778,True
2026-06-30,0.00899596330108543,0.007676414549566112,0.00861599687031581,SUBE,SUBE,SUBE,0.0005778484814635518,0.0036746155622508227,0.0013195487515193184,0.0003799664307696203,0.0009395823207496981,1,1,0,-0.004681213145730889,True
2026-07-01,-0.014071027862104901,-0.011986675962324172,-0.012673340876607056,BAJA,BAJA,BAJA,0.000596639647508424,0.0037090942126850354,0.002084351899780729,0.0013976869854978452,0.0006866649142828838,1,1,0,0.00899596330108543,True
2026-07-02,-0.008273509788409794,0.006078937638467736,0.003960935634001512,SUBE,SUBE,BAJA,0.0006137258189196934,0.0037249177076243054,0.01435244742687753,0.012234445422411307,0.0021180020044662233,0,0,0,-0.014071027862104901,False
2026-07-06,0.01338864886815605,0.014321733280973288,0.014123920501516053,SUBE,SUBE,SUBE,0.0010461691176670645,0.00393484353636058,0.0009330844128172377,0.0007352716333600025,0.0001978127794572352,1,1,0,-0.008273509788409794,True
2026-07-07,-0.01964896561973406,-0.02050918195017035,-0.022239810300758004,BAJA,BAJA,BAJA,0.001055902126460576,0.003932513366122453,0.0008602163304362899,0.002590844681023944,-0.001730628350587654,1,1,0,0.01338864886815605,True
2026-07-08,-0.001746806880565499,-0.004713489953966201,-0.0035404071303630565,BAJA,BAJA,BAJA,0.0010454173908274753,0.003962256969372986,0.0029666830734007017,0.0017936002497975574,0.0011730828236031442,1,1,0,-0.01964896561973406,False
2026-07-09,0.016703727428212023,0.01802965585488403,0.020474327255299893,SUBE,SUBE,SUBE,0.0010456069987481924,0.003982019516225381,0.0013259284266720073,0.00377059982708787,-0.0024446714004158626,1,1,0,-0.001746806880565499,True
2026-07-10,0.0011729218388891738,0.00423846797667233,0.003816942040797815,SUBE,SUBE,SUBE,0.0009984047139090673,0.004084329208076843,0.003065546137783156,0.0026440202019086412,0.0004215259358745149,1,1,0,0.016703727428212023,False
2026-07-13,-0.023053231632706894,-0.017479366889584923,-0.01767804225602108,BAJA,BAJA,BAJA,0.0010233371238239873,0.004072400125143512,0.0055738647431219715,0.0053751893766858135,0.00019867536643615805,1,1,0,0.0011729218388891738,True
2026-07-14,0.015558689528303749,0.013184030775620833,0.014068637277242304,SUBE,SUBE,SUBE,0.0010553193729869186,0.004026348384822302,0.002374658752682916,0.0014900522510614446,0.0008846065016214714,1,1,0,-0.023053231632706894,True
2026-07-15,-0.008458202674095805,-0.001628864344777887,-0.0025914343991097675,BAJA,BAJA,BAJA,0.0010724649065101766,0.004035918378585108,0.0068293383293179175,0.005866768274986037,0.0009625700543318804,1,1,0,0.015558689528303749,True
2026-07-16,-0.021520394328538917,-0.020161313212315055,-0.02147388170637449,BAJA,BAJA,BAJA,0.0010609469512992697,0.0040193529882463,0.001359081116223862,4.651262216442617e-05,0.0013125684940594358,1,1,0,-0.008458202674095805,False
2026-07-17,-0.0027610039407717224,-0.0047888286026298195,-0.005709139987346367,BAJA,BAJA,BAJA,0.0010879038291183307,0.003984072648779254,0.002027824661858097,0.002948136046574645,-0.0009203113847165477,1,1,0,-0.021520394328538917,False
2026-07-20,-0.0022124270089529663,-0.00010560166675186301,0.0007546787202489235,NEUTRO,NEUTRO,BAJA,0.0010858272577899336,0.003941847057912203,0.002106825342201103,0.0029671057292018897,-0.0008602803870007866,0,0,0,-0.0027610039407717224,False
2026-07-21,0.02876773500176677,0.02549141896793323,0.025621657534065628,SUBE,SUBE,SUBE,0.001157873390526179,0.0039048067679951968,0.0032763160338335415,0.0031460774677011423,0.00013023856613239918,1,1,0,-0.0022124270089529663,True
2026-07-22,0.001110579804263656,0.007891786729936666,0.006855720779739365,SUBE,SUBE,SUBE,0.0011647461776527115,0.003903061375213054,0.00678120692567301,0.005745140975475709,0.0010360659501973011,1,1,0,0.02876773500176677,False
2026-07-24,-0.018859849963174136,-0.009552018086817248,-0.010687519045274261,BAJA,BAJA,BAJA,0.001218757559690603,0.003918594648362156,0.009307831876356887,0.008172330917899874,0.0011355009584570128,1,1,0,0.001110579804263656,True
2026-07-30,0.045146139609537395,0.033087322263735314,0.034587569772870703,SUBE,SUBE,SUBE,0.0013220196400290632,0.003883392685743789,0.01205881734580208,0.010558569836666691,0.0015002475091353898,1,1,0,-0.018859849963174136,True
2026-07-31,-0.007376534948916769,-0.0031864237843338165,-0.004343214815141076,BAJA,BAJA,BAJA,0.0014717955905611368,0.003898567059033905,0.004190111164582952,0.0030333201337756927,0.0011567910308072594,1,1,0,0.045146139609537395,True
2026-08-03,0.0053812166140998485,0.005716601316655108,0.007178991830148307,SUBE,SUBE,SUBE,0.0014883882478961988,0.003867974245769901,0.00033538470255525983,0.0017977752160484584,-0.0014623905134931985,1,1,0,-0.007376534948916769,True
2026-08-04,0.0242303788453333,0.0203500736400823,0.02321783967712995,SUBE,SUBE,SUBE,0.0014783774104739152,0.0038869650859076083,0.0038803052052510008,0.0010125391682033504,0.0028677660370476504,1,1,0,0.0053812166140998485,False
2026-08-05,0.00037423684103488064,0.011315124638830245,0.009228217008002016,SUBE,SUBE,NEUTRO,0.0015076518577403241,0.003914396422547849,0.010940887797795364,0.008853980166967135,0.002086907630828229,0,0,0,0.0242303788453333,False
2026-08-07,0.0069645005785134995,0.013234897449465257,0.015120482447031866,SUBE,SUBE,SUBE,0.0016396578016135382,0.003951105625602722,0.006270396870951758,0.008155981868518366,-0.0018855849975666084,1,1,0,0.00037423684103488064,False
2026-08-10,-0.006778517490334091,-0.00027579822060858343,-0.00015600134033909454,NEUTRO,NEUTRO,BAJA,0.0015510059941138301,0.003974787293283918,0.006502719269725507,0.006622516149994996,-0.00011979688026948852,0,0,0,0.0069645005785134995,True
2026-08-11,0.0041513379027697805,-0.0032851522821013513,-0.005105252514560638,BAJA,BAJA,SUBE,0.0014933102654172503,0.0039596133200731215,0.007436490184871132,0.009256590417330419,-0.001820100232459287,0,0,0,-0.006778517490334091,True
2026-08-12,0.014896297834616545,0.005595845803356481,0.004482142715802881,SUBE,SUBE,SUBE,0.001406414942442293,0.00394119454518602,0.009300452031260065,0.010414155118813665,-0.0011137030875536004,1,1,0,0.0041513379027697805,False
2026-08-13,0.001858246289759835,-0.00625622036026922,-0.005575597834141639,BAJA,BAJA,SUBE,0.0013349045264604358,0.003844154723281846,0.008114466650029056,0.007433844123901474,0.0006806225261275813,0,0,0,0.014896297834616545,False
2026-08-14,0.002959889382539549,0.0027599547434061745,0.003629865825488252,SUBE,SUBE,SUBE,0.0013508879738379075,0.0038461636797407165,0.0001999346391333744,0.000669976442948703,-0.00047004180381532857,1,1,0,0.001858246289759835,False
